date,account_name,id_veiculo,veiculo,id_campanha,campanha,ad_group_name,ad_name,objective,region,impressions,cost,link_clicks,video_watched_100,id,verba,custo_por_resultado_projetado,volume_esperado
2025-06-15,Sebrae Nacional - DEBRITO,1,facebook,sbrae_2025_psmn,psmn,"2025_6_BR_TRAF_CPC_MULHERES DE 25 A 45 ANOS; INTERESSES EM EMPREENDEDORISMO, PEQUENOS NEGÓCIOS E MEI; COMPORTAMENTO VOLTADO A ENGAJAMENTO COM PERFIS DE NEGÓCIOS E INFLUENCIADORES DE GESTÃO",2025_6_BR_CARD_KV_ACAO_SBRAE_2025_PSMN0293,Tráfego,Acre,532,"1,71",4,0,"2025-06-15-PSMN-532-1,71-4",50440,2.5,20176
2025-06-15,Sebrae Nacional - DEBRITO,1,facebook,sbrae_2025_psmn,psmn,"2025_6_BR_TRAF_CPC_MULHERES DE 25 A 45 ANOS; INTERESSES EM EMPREENDEDORISMO, PEQUENOS NEGÓCIOS E MEI; COMPORTAMENTO VOLTADO A ENGAJAMENTO COM PERFIS DE NEGÓCIOS E INFLUENCIADORES DE GESTÃO",2025_6_BR_REELS_GABRIELA BAILAS REELS_ACAO_SBRAE_2025_PSMN0289,Tráfego,Acre,26,"0,18",1,0,"2025-06-15-PSMN-26-0,18-1",50440,2.5,20176
2025-06-15,Sebrae Nacional - DEBRITO,1,facebook,sbrae_2025_psmn,psmn,"2025_6_BR_TRAF_CPC_MULHERES DE 25 A 45 ANOS; INTERESSES EM EMPREENDEDORISMO, PEQUENOS NEGÓCIOS E MEI; COMPORTAMENTO VOLTADO A ENGAJAMENTO COM PERFIS DE NEGÓCIOS E INFLUENCIADORES DE GESTÃO",2025_6_BR_REELS_VIC CERIDONO REELS_ACAO_SBRAE_2025_PSMN0290,Tráfego,Acre,172,"1,04",6,0,"2025-06-15-PSMN-172-1,04-6",50440,2.5,20176
2025-06-15,Sebrae Nacional - DEBRITO,1,facebook,sbrae_2025_psmn,psmn,"2025_6_BR_TRAF_CPC_MULHERES DE 25 A 45 ANOS; INTERESSES EM EMPREENDEDORISMO, PEQUENOS NEGÓCIOS E MEI; COMPORTAMENTO VOLTADO A ENGAJAMENTO COM PERFIS DE NEGÓCIOS E INFLUENCIADORES DE GESTÃO",2025_6_BR_STORIES_GABRIELA BAILAS STORIES_ACAO_SBRAE_2025_PSMN0292,Tráfego,Acre,96,"0,99",6,0,"2025-06-15-PSMN-96-0,99-6",50440,2.5,20176
2025-06-15,Sebrae Nacional - DEBRITO,1,facebook,sbrae_2025_psmn,psmn,"2025_6_BR_TRAF_CPC_MULHERES DE 25 A 45 ANOS; INTERESSES EM EMPREENDEDORISMO, PEQUENOS NEGÓCIOS E MEI; COMPORTAMENTO VOLTADO A ENGAJAMENTO COM PERFIS DE NEGÓCIOS E INFLUENCIADORES DE GESTÃO",2025_6_BR_STORIES_VIC CERIDONO STORIES_ACAO_SBRAE_2025_PSMN0291,Tráfego,Acre,426,"2,95",12,0,"2025-06-15-PSMN-426-2,95-12",50440,2.5,20176
2025-06-15,Sebrae Nacional - DEBRITO,1,facebook,sbrae_2025_psmn,psmn,"2025_6_BR_TRAF_CPC_MULHERES DE 25 A 45 ANOS; INTERESSES EM EMPREENDEDORISMO, PEQUENOS NEGÓCIOS E MEI; COMPORTAMENTO VOLTADO A ENGAJAMENTO COM PERFIS DE NEGÓCIOS E INFLUENCIADORES DE GESTÃO",2025_6_BR_CARD_KV_ACAO_SBRAE_2025_PSMN0293,Tráfego,Alagoas,3745,"13,3",59,0,"2025-06-15-PSMN-3745-13,3-59",50440,2.5,20176
2025-06-15,Sebrae Nacional - DEBRITO,1,facebook,sbrae_2025_psmn,psmn,"2025_6_BR_TRAF_CPC_MULHERES DE 25 A 45 ANOS; INTERESSES EM EMPREENDEDORISMO, PEQUENOS NEGÓCIOS E MEI; COMPORTAMENTO VOLTADO A ENGAJAMENTO COM PERFIS DE NEGÓCIOS E INFLUENCIADORES DE GESTÃO",2025_6_BR_REELS_GABRIELA BAILAS REELS_ACAO_SBRAE_2025_PSMN0289,Tráfego,Alagoas,108,"0,92",2,0,"2025-06-15-PSMN-108-0,92-2",50440,2.5,20176
2025-06-15,Sebrae Nacional - DEBRITO,1,facebook,sbrae_2025_psmn,psmn,"2025_6_BR_TRAF_CPC_MULHERES DE 25 A 45 ANOS; INTERESSES EM EMPREENDEDORISMO, PEQUENOS NEGÓCIOS E MEI; COMPORTAMENTO VOLTADO A ENGAJAMENTO COM PERFIS DE NEGÓCIOS E INFLUENCIADORES DE GESTÃO",2025_6_BR_REELS_VIC CERIDONO REELS_ACAO_SBRAE_2025_PSMN0290,Tráfego,Alagoas,876,"5,19",12,0,"2025-06-15-PSMN-876-5,19-12",50440,2.5,20176
2025-06-15,Sebrae Nacional - DEBRITO,1,facebook,sbrae_2025_psmn,psmn,"2025_6_BR_TRAF_CPC_MULHERES DE 25 A 45 ANOS; INTERESSES EM EMPREENDEDORISMO, PEQUENOS NEGÓCIOS E MEI; COMPORTAMENTO VOLTADO A ENGAJAMENTO COM PERFIS DE NEGÓCIOS E INFLUENCIADORES DE GESTÃO",2025_6_BR_STORIES_GABRIELA BAILAS STORIES_ACAO_SBRAE_2025_PSMN0292,Tráfego,Alagoas,1187,"12,65",69,0,"2025-06-15-PSMN-1187-12,65-69",50440,2.5,20176
2025-06-15,Sebrae Nacional - DEBRITO,1,facebook,sbrae_2025_psmn,psmn,"2025_6_BR_TRAF_CPC_MULHERES DE 25 A 45 ANOS; INTERESSES EM EMPREENDEDORISMO, PEQUENOS NEGÓCIOS E MEI; COMPORTAMENTO VOLTADO A ENGAJAMENTO COM PERFIS DE NEGÓCIOS E INFLUENCIADORES DE GESTÃO",2025_6_BR_STORIES_VIC CERIDONO STORIES_ACAO_SBRAE_2025_PSMN0291,Tráfego,Alagoas,2500,"16,29",74,0,"2025-06-15-PSMN-2500-16,29-74",50440,2.5,20176
2025-06-15,Sebrae Nacional - DEBRITO,1,facebook,sbrae_2025_psmn,psmn,"2025_6_BR_TRAF_CPC_MULHERES DE 25 A 45 ANOS; INTERESSES EM EMPREENDEDORISMO, PEQUENOS NEGÓCIOS E MEI; COMPORTAMENTO VOLTADO A ENGAJAMENTO COM PERFIS DE NEGÓCIOS E INFLUENCIADORES DE GESTÃO",2025_6_BR_CARD_KV_ACAO_SBRAE_2025_PSMN0293,Tráfego,Amapá,431,"1,46",4,0,"2025-06-15-PSMN-431-1,46-4",50440,2.5,20176
2025-06-15,Sebrae Nacional - DEBRITO,1,facebook,sbrae_2025_psmn,psmn,"2025_6_BR_TRAF_CPC_MULHERES DE 25 A 45 ANOS; INTERESSES EM EMPREENDEDORISMO, PEQUENOS NEGÓCIOS E MEI; COMPORTAMENTO VOLTADO A ENGAJAMENTO COM PERFIS DE NEGÓCIOS E INFLUENCIADORES DE GESTÃO",2025_6_BR_REELS_GABRIELA BAILAS REELS_ACAO_SBRAE_2025_PSMN0289,Tráfego,Amapá,24,"0,18",1,0,"2025-06-15-PSMN-24-0,18-1",50440,2.5,20176
2025-06-15,Sebrae Nacional - DEBRITO,1,facebook,sbrae_2025_psmn,psmn,"2025_6_BR_TRAF_CPC_MULHERES DE 25 A 45 ANOS; INTERESSES EM EMPREENDEDORISMO, PEQUENOS NEGÓCIOS E MEI; COMPORTAMENTO VOLTADO A ENGAJAMENTO COM PERFIS DE NEGÓCIOS E INFLUENCIADORES DE GESTÃO",2025_6_BR_REELS_VIC CERIDONO REELS_ACAO_SBRAE_2025_PSMN0290,Tráfego,Amapá,150,"0,79",2,0,"2025-06-15-PSMN-150-0,79-2",50440,2.5,20176
2025-06-15,Sebrae Nacional - DEBRITO,1,facebook,sbrae_2025_psmn,psmn,"2025_6_BR_TRAF_CPC_MULHERES DE 25 A 45 ANOS; INTERESSES EM EMPREENDEDORISMO, PEQUENOS NEGÓCIOS E MEI; COMPORTAMENTO VOLTADO A ENGAJAMENTO COM PERFIS DE NEGÓCIOS E INFLUENCIADORES DE GESTÃO",2025_6_BR_STORIES_GABRIELA BAILAS STORIES_ACAO_SBRAE_2025_PSMN0292,Tráfego,Amapá,115,"1,25",5,0,"2025-06-15-PSMN-115-1,25-5",50440,2.5,20176
2025-06-15,Sebrae Nacional - DEBRITO,1,facebook,sbrae_2025_psmn,psmn,"2025_6_BR_TRAF_CPC_MULHERES DE 25 A 45 ANOS; INTERESSES EM EMPREENDEDORISMO, PEQUENOS NEGÓCIOS E MEI; COMPORTAMENTO VOLTADO A ENGAJAMENTO COM PERFIS DE NEGÓCIOS E INFLUENCIADORES DE GESTÃO",2025_6_BR_STORIES_VIC CERIDONO STORIES_ACAO_SBRAE_2025_PSMN0291,Tráfego,Amapá,477,"2,91",12,0,"2025-06-15-PSMN-477-2,91-12",50440,2.5,20176
2025-06-15,Sebrae Nacional - DEBRITO,1,facebook,sbrae_2025_psmn,psmn,"2025_6_BR_TRAF_CPC_MULHERES DE 25 A 45 ANOS; INTERESSES EM EMPREENDEDORISMO, PEQUENOS NEGÓCIOS E MEI; COMPORTAMENTO VOLTADO A ENGAJAMENTO COM PERFIS DE NEGÓCIOS E INFLUENCIADORES DE GESTÃO",2025_6_BR_CARD_KV_ACAO_SBRAE_2025_PSMN0293,Tráfego,Amazonas,1393,"4,82",23,0,"2025-06-15-PSMN-1393-4,82-23",50440,2.5,20176
2025-06-15,Sebrae Nacional - DEBRITO,1,facebook,sbrae_2025_psmn,psmn,"2025_6_BR_TRAF_CPC_MULHERES DE 25 A 45 ANOS; INTERESSES EM EMPREENDEDORISMO, PEQUENOS NEGÓCIOS E MEI; COMPORTAMENTO VOLTADO A ENGAJAMENTO COM PERFIS DE NEGÓCIOS E INFLUENCIADORES DE GESTÃO",2025_6_BR_REELS_GABRIELA BAILAS REELS_ACAO_SBRAE_2025_PSMN0289,Tráfego,Amazonas,70,"0,54",1,0,"2025-06-15-PSMN-70-0,54-1",50440,2.5,20176
2025-06-15,Sebrae Nacional - DEBRITO,1,facebook,sbrae_2025_psmn,psmn,"2025_6_BR_TRAF_CPC_MULHERES DE 25 A 45 ANOS; INTERESSES EM EMPREENDEDORISMO, PEQUENOS NEGÓCIOS E MEI; COMPORTAMENTO VOLTADO A ENGAJAMENTO COM PERFIS DE NEGÓCIOS E INFLUENCIADORES DE GESTÃO",2025_6_BR_REELS_VIC CERIDONO REELS_ACAO_SBRAE_2025_PSMN0290,Tráfego,Amazonas,670,"4,01",13,0,"2025-06-15-PSMN-670-4,01-13",50440,2.5,20176
2025-06-15,Sebrae Nacional - DEBRITO,1,facebook,sbrae_2025_psmn,psmn,"2025_6_BR_TRAF_CPC_MULHERES DE 25 A 45 ANOS; INTERESSES EM EMPREENDEDORISMO, PEQUENOS NEGÓCIOS E MEI; COMPORTAMENTO VOLTADO A ENGAJAMENTO COM PERFIS DE NEGÓCIOS E INFLUENCIADORES DE GESTÃO",2025_6_BR_STORIES_GABRIELA BAILAS STORIES_ACAO_SBRAE_2025_PSMN0292,Tráfego,Amazonas,501,"5,41",22,0,"2025-06-15-PSMN-501-5,41-22",50440,2.5,20176
2025-06-15,Sebrae Nacional - DEBRITO,1,facebook,sbrae_2025_psmn,psmn,"2025_6_BR_TRAF_CPC_MULHERES DE 25 A 45 ANOS; INTERESSES EM EMPREENDEDORISMO, PEQUENOS NEGÓCIOS E MEI; COMPORTAMENTO VOLTADO A ENGAJAMENTO COM PERFIS DE NEGÓCIOS E INFLUENCIADORES DE GESTÃO",2025_6_BR_STORIES_VIC CERIDONO STORIES_ACAO_SBRAE_2025_PSMN0291,Tráfego,Amazonas,2042,"12,87",61,0,"2025-06-15-PSMN-2042-12,87-61",50440,2.5,20176
2025-06-15,Sebrae Nacional - DEBRITO,1,facebook,sbrae_2025_psmn,psmn,"2025_6_BR_TRAF_CPC_MULHERES DE 25 A 45 ANOS; INTERESSES EM EMPREENDEDORISMO, PEQUENOS NEGÓCIOS E MEI; COMPORTAMENTO VOLTADO A ENGAJAMENTO COM PERFIS DE NEGÓCIOS E INFLUENCIADORES DE GESTÃO",2025_6_BR_CARD_KV_ACAO_SBRAE_2025_PSMN0293,Tráfego,Bahia,13402,"50,51",209,0,"2025-06-15-PSMN-13402-50,51-209",50440,2.5,20176
2025-06-15,Sebrae Nacional - DEBRITO,1,facebook,sbrae_2025_psmn,psmn,"2025_6_BR_TRAF_CPC_MULHERES DE 25 A 45 ANOS; INTERESSES EM EMPREENDEDORISMO, PEQUENOS NEGÓCIOS E MEI; COMPORTAMENTO VOLTADO A ENGAJAMENTO COM PERFIS DE NEGÓCIOS E INFLUENCIADORES DE GESTÃO",2025_6_BR_REELS_GABRIELA BAILAS REELS_ACAO_SBRAE_2025_PSMN0289,Tráfego,Bahia,323,"2,69",7,0,"2025-06-15-PSMN-323-2,69-7",50440,2.5,20176
2025-06-15,Sebrae Nacional - DEBRITO,1,facebook,sbrae_2025_psmn,psmn,"2025_6_BR_TRAF_CPC_MULHERES DE 25 A 45 ANOS; INTERESSES EM EMPREENDEDORISMO, PEQUENOS NEGÓCIOS E MEI; COMPORTAMENTO VOLTADO A ENGAJAMENTO COM PERFIS DE NEGÓCIOS E INFLUENCIADORES DE GESTÃO",2025_6_BR_REELS_VIC CERIDONO REELS_ACAO_SBRAE_2025_PSMN0290,Tráfego,Bahia,2669,"16,14",67,0,"2025-06-15-PSMN-2669-16,14-67",50440,2.5,20176
2025-06-15,Sebrae Nacional - DEBRITO,1,facebook,sbrae_2025_psmn,psmn,"2025_6_BR_TRAF_CPC_MULHERES DE 25 A 45 ANOS; INTERESSES EM EMPREENDEDORISMO, PEQUENOS NEGÓCIOS E MEI; COMPORTAMENTO VOLTADO A ENGAJAMENTO COM PERFIS DE NEGÓCIOS E INFLUENCIADORES DE GESTÃO",2025_6_BR_STORIES_GABRIELA BAILAS STORIES_ACAO_SBRAE_2025_PSMN0292,Tráfego,Bahia,4128,"45,06",205,0,"2025-06-15-PSMN-4128-45,06-205",50440,2.5,20176
2025-06-15,Sebrae Nacional - DEBRITO,1,facebook,sbrae_2025_psmn,psmn,"2025_6_BR_TRAF_CPC_MULHERES DE 25 A 45 ANOS; INTERESSES EM EMPREENDEDORISMO, PEQUENOS NEGÓCIOS E MEI; COMPORTAMENTO VOLTADO A ENGAJAMENTO COM PERFIS DE NEGÓCIOS E INFLUENCIADORES DE GESTÃO",2025_6_BR_STORIES_VIC CERIDONO STORIES_ACAO_SBRAE_2025_PSMN0291,Tráfego,Bahia,8297,"57,86",296,0,"2025-06-15-PSMN-8297-57,86-296",50440,2.5,20176
2025-06-15,Sebrae Nacional - DEBRITO,1,facebook,sbrae_2025_psmn,psmn,"2025_6_BR_TRAF_CPC_MULHERES DE 25 A 45 ANOS; INTERESSES EM EMPREENDEDORISMO, PEQUENOS NEGÓCIOS E MEI; COMPORTAMENTO VOLTADO A ENGAJAMENTO COM PERFIS DE NEGÓCIOS E INFLUENCIADORES DE GESTÃO",2025_6_BR_CARD_KV_ACAO_SBRAE_2025_PSMN0293,Tráfego,Ceará,10213,"35,35",106,0,"2025-06-15-PSMN-10213-35,35-106",50440,2.5,20176
2025-06-15,Sebrae Nacional - DEBRITO,1,facebook,sbrae_2025_psmn,psmn,"2025_6_BR_TRAF_CPC_MULHERES DE 25 A 45 ANOS; INTERESSES EM EMPREENDEDORISMO, PEQUENOS NEGÓCIOS E MEI; COMPORTAMENTO VOLTADO A ENGAJAMENTO COM PERFIS DE NEGÓCIOS E INFLUENCIADORES DE GESTÃO",2025_6_BR_REELS_GABRIELA BAILAS REELS_ACAO_SBRAE_2025_PSMN0289,Tráfego,Ceará,293,"2,19",7,0,"2025-06-15-PSMN-293-2,19-7",50440,2.5,20176
2025-06-15,Sebrae Nacional - DEBRITO,1,facebook,sbrae_2025_psmn,psmn,"2025_6_BR_TRAF_CPC_MULHERES DE 25 A 45 ANOS; INTERESSES EM EMPREENDEDORISMO, PEQUENOS NEGÓCIOS E MEI; COMPORTAMENTO VOLTADO A ENGAJAMENTO COM PERFIS DE NEGÓCIOS E INFLUENCIADORES DE GESTÃO",2025_6_BR_REELS_VIC CERIDONO REELS_ACAO_SBRAE_2025_PSMN0290,Tráfego,Ceará,3157,"19,77",74,0,"2025-06-15-PSMN-3157-19,77-74",50440,2.5,20176
2025-06-15,Sebrae Nacional - DEBRITO,1,facebook,sbrae_2025_psmn,psmn,"2025_6_BR_TRAF_CPC_MULHERES DE 25 A 45 ANOS; INTERESSES EM EMPREENDEDORISMO, PEQUENOS NEGÓCIOS E MEI; COMPORTAMENTO VOLTADO A ENGAJAMENTO COM PERFIS DE NEGÓCIOS E INFLUENCIADORES DE GESTÃO",2025_6_BR_STORIES_GABRIELA BAILAS STORIES_ACAO_SBRAE_2025_PSMN0292,Tráfego,Ceará,4540,"47,7",225,0,"2025-06-15-PSMN-4540-47,7-225",50440,2.5,20176
2025-06-15,Sebrae Nacional - DEBRITO,1,facebook,sbrae_2025_psmn,psmn,"2025_6_BR_TRAF_CPC_MULHERES DE 25 A 45 ANOS; INTERESSES EM EMPREENDEDORISMO, PEQUENOS NEGÓCIOS E MEI; COMPORTAMENTO VOLTADO A ENGAJAMENTO COM PERFIS DE NEGÓCIOS E INFLUENCIADORES DE GESTÃO",2025_6_BR_STORIES_VIC CERIDONO STORIES_ACAO_SBRAE_2025_PSMN0291,Tráfego,Ceará,8419,"57,1",284,0,"2025-06-15-PSMN-8419-57,1-284",50440,2.5,20176
2025-06-15,Sebrae Nacional - DEBRITO,1,facebook,sbrae_2025_psmn,psmn,"2025_6_BR_TRAF_CPC_MULHERES DE 25 A 45 ANOS; INTERESSES EM EMPREENDEDORISMO, PEQUENOS NEGÓCIOS E MEI; COMPORTAMENTO VOLTADO A ENGAJAMENTO COM PERFIS DE NEGÓCIOS E INFLUENCIADORES DE GESTÃO",2025_6_BR_CARD_KV_ACAO_SBRAE_2025_PSMN0293,Tráfego,Espírito Santo,1797,"7,86",34,0,"2025-06-15-PSMN-1797-7,86-34",50440,2.5,20176
2025-06-15,Sebrae Nacional - DEBRITO,1,facebook,sbrae_2025_psmn,psmn,"2025_6_BR_TRAF_CPC_MULHERES DE 25 A 45 ANOS; INTERESSES EM EMPREENDEDORISMO, PEQUENOS NEGÓCIOS E MEI; COMPORTAMENTO VOLTADO A ENGAJAMENTO COM PERFIS DE NEGÓCIOS E INFLUENCIADORES DE GESTÃO",2025_6_BR_REELS_GABRIELA BAILAS REELS_ACAO_SBRAE_2025_PSMN0289,Tráfego,Espírito Santo,88,"0,87",6,0,"2025-06-15-PSMN-88-0,87-6",50440,2.5,20176
2025-06-15,Sebrae Nacional - DEBRITO,1,facebook,sbrae_2025_psmn,psmn,"2025_6_BR_TRAF_CPC_MULHERES DE 25 A 45 ANOS; INTERESSES EM EMPREENDEDORISMO, PEQUENOS NEGÓCIOS E MEI; COMPORTAMENTO VOLTADO A ENGAJAMENTO COM PERFIS DE NEGÓCIOS E INFLUENCIADORES DE GESTÃO",2025_6_BR_REELS_VIC CERIDONO REELS_ACAO_SBRAE_2025_PSMN0290,Tráfego,Espírito Santo,588,"3,66",15,0,"2025-06-15-PSMN-588-3,66-15",50440,2.5,20176
2025-06-15,Sebrae Nacional - DEBRITO,1,facebook,sbrae_2025_psmn,psmn,"2025_6_BR_TRAF_CPC_MULHERES DE 25 A 45 ANOS; INTERESSES EM EMPREENDEDORISMO, PEQUENOS NEGÓCIOS E MEI; COMPORTAMENTO VOLTADO A ENGAJAMENTO COM PERFIS DE NEGÓCIOS E INFLUENCIADORES DE GESTÃO",2025_6_BR_STORIES_GABRIELA BAILAS STORIES_ACAO_SBRAE_2025_PSMN0292,Tráfego,Espírito Santo,898,"10,97",40,0,"2025-06-15-PSMN-898-10,97-40",50440,2.5,20176
2025-06-15,Sebrae Nacional - DEBRITO,1,facebook,sbrae_2025_psmn,psmn,"2025_6_BR_TRAF_CPC_MULHERES DE 25 A 45 ANOS; INTERESSES EM EMPREENDEDORISMO, PEQUENOS NEGÓCIOS E MEI; COMPORTAMENTO VOLTADO A ENGAJAMENTO COM PERFIS DE NEGÓCIOS E INFLUENCIADORES DE GESTÃO",2025_6_BR_STORIES_VIC CERIDONO STORIES_ACAO_SBRAE_2025_PSMN0291,Tráfego,Espírito Santo,2091,"15,83",60,0,"2025-06-15-PSMN-2091-15,83-60",50440,2.5,20176
2025-06-15,Sebrae Nacional - DEBRITO,1,facebook,sbrae_2025_psmn,psmn,"2025_6_BR_TRAF_CPC_MULHERES DE 25 A 45 ANOS; INTERESSES EM EMPREENDEDORISMO, PEQUENOS NEGÓCIOS E MEI; COMPORTAMENTO VOLTADO A ENGAJAMENTO COM PERFIS DE NEGÓCIOS E INFLUENCIADORES DE GESTÃO",2025_6_BR_CARD_KV_ACAO_SBRAE_2025_PSMN0293,Tráfego,Distrito Federal,1068,"5,41",14,0,"2025-06-15-PSMN-1068-5,41-14",50440,2.5,20176
2025-06-15,Sebrae Nacional - DEBRITO,1,facebook,sbrae_2025_psmn,psmn,"2025_6_BR_TRAF_CPC_MULHERES DE 25 A 45 ANOS; INTERESSES EM EMPREENDEDORISMO, PEQUENOS NEGÓCIOS E MEI; COMPORTAMENTO VOLTADO A ENGAJAMENTO COM PERFIS DE NEGÓCIOS E INFLUENCIADORES DE GESTÃO",2025_6_BR_REELS_GABRIELA BAILAS REELS_ACAO_SBRAE_2025_PSMN0289,Tráfego,Distrito Federal,74,"0,84",2,0,"2025-06-15-PSMN-74-0,84-2",50440,2.5,20176
2025-06-15,Sebrae Nacional - DEBRITO,1,facebook,sbrae_2025_psmn,psmn,"2025_6_BR_TRAF_CPC_MULHERES DE 25 A 45 ANOS; INTERESSES EM EMPREENDEDORISMO, PEQUENOS NEGÓCIOS E MEI; COMPORTAMENTO VOLTADO A ENGAJAMENTO COM PERFIS DE NEGÓCIOS E INFLUENCIADORES DE GESTÃO",2025_6_BR_REELS_VIC CERIDONO REELS_ACAO_SBRAE_2025_PSMN0290,Tráfego,Distrito Federal,237,"1,35",8,0,"2025-06-15-PSMN-237-1,35-8",50440,2.5,20176
2025-06-15,Sebrae Nacional - DEBRITO,1,facebook,sbrae_2025_psmn,psmn,"2025_6_BR_TRAF_CPC_MULHERES DE 25 A 45 ANOS; INTERESSES EM EMPREENDEDORISMO, PEQUENOS NEGÓCIOS E MEI; COMPORTAMENTO VOLTADO A ENGAJAMENTO COM PERFIS DE NEGÓCIOS E INFLUENCIADORES DE GESTÃO",2025_6_BR_STORIES_GABRIELA BAILAS STORIES_ACAO_SBRAE_2025_PSMN0292,Tráfego,Distrito Federal,191,"2,41",13,0,"2025-06-15-PSMN-191-2,41-13",50440,2.5,20176
2025-06-15,Sebrae Nacional - DEBRITO,1,facebook,sbrae_2025_psmn,psmn,"2025_6_BR_TRAF_CPC_MULHERES DE 25 A 45 ANOS; INTERESSES EM EMPREENDEDORISMO, PEQUENOS NEGÓCIOS E MEI; COMPORTAMENTO VOLTADO A ENGAJAMENTO COM PERFIS DE NEGÓCIOS E INFLUENCIADORES DE GESTÃO",2025_6_BR_STORIES_VIC CERIDONO STORIES_ACAO_SBRAE_2025_PSMN0291,Tráfego,Distrito Federal,836,"5,85",32,0,"2025-06-15-PSMN-836-5,85-32",50440,2.5,20176
2025-06-15,Sebrae Nacional - DEBRITO,1,facebook,sbrae_2025_psmn,psmn,"2025_6_BR_TRAF_CPC_MULHERES DE 25 A 45 ANOS; INTERESSES EM EMPREENDEDORISMO, PEQUENOS NEGÓCIOS E MEI; COMPORTAMENTO VOLTADO A ENGAJAMENTO COM PERFIS DE NEGÓCIOS E INFLUENCIADORES DE GESTÃO",2025_6_BR_CARD_KV_ACAO_SBRAE_2025_PSMN0293,Tráfego,Goiás,4111,"17,42",69,0,"2025-06-15-PSMN-4111-17,42-69",50440,2.5,20176
2025-06-15,Sebrae Nacional - DEBRITO,1,facebook,sbrae_2025_psmn,psmn,"2025_6_BR_TRAF_CPC_MULHERES DE 25 A 45 ANOS; INTERESSES EM EMPREENDEDORISMO, PEQUENOS NEGÓCIOS E MEI; COMPORTAMENTO VOLTADO A ENGAJAMENTO COM PERFIS DE NEGÓCIOS E INFLUENCIADORES DE GESTÃO",2025_6_BR_REELS_GABRIELA BAILAS REELS_ACAO_SBRAE_2025_PSMN0289,Tráfego,Goiás,125,"1,05",3,0,"2025-06-15-PSMN-125-1,05-3",50440,2.5,20176
2025-06-15,Sebrae Nacional - DEBRITO,1,facebook,sbrae_2025_psmn,psmn,"2025_6_BR_TRAF_CPC_MULHERES DE 25 A 45 ANOS; INTERESSES EM EMPREENDEDORISMO, PEQUENOS NEGÓCIOS E MEI; COMPORTAMENTO VOLTADO A ENGAJAMENTO COM PERFIS DE NEGÓCIOS E INFLUENCIADORES DE GESTÃO",2025_6_BR_REELS_VIC CERIDONO REELS_ACAO_SBRAE_2025_PSMN0290,Tráfego,Goiás,1235,"6,98",22,0,"2025-06-15-PSMN-1235-6,98-22",50440,2.5,20176
2025-06-15,Sebrae Nacional - DEBRITO,1,facebook,sbrae_2025_psmn,psmn,"2025_6_BR_TRAF_CPC_MULHERES DE 25 A 45 ANOS; INTERESSES EM EMPREENDEDORISMO, PEQUENOS NEGÓCIOS E MEI; COMPORTAMENTO VOLTADO A ENGAJAMENTO COM PERFIS DE NEGÓCIOS E INFLUENCIADORES DE GESTÃO",2025_6_BR_STORIES_GABRIELA BAILAS STORIES_ACAO_SBRAE_2025_PSMN0292,Tráfego,Goiás,1181,"15,03",69,0,"2025-06-15-PSMN-1181-15,03-69",50440,2.5,20176
2025-06-15,Sebrae Nacional - DEBRITO,1,facebook,sbrae_2025_psmn,psmn,"2025_6_BR_TRAF_CPC_MULHERES DE 25 A 45 ANOS; INTERESSES EM EMPREENDEDORISMO, PEQUENOS NEGÓCIOS E MEI; COMPORTAMENTO VOLTADO A ENGAJAMENTO COM PERFIS DE NEGÓCIOS E INFLUENCIADORES DE GESTÃO",2025_6_BR_STORIES_VIC CERIDONO STORIES_ACAO_SBRAE_2025_PSMN0291,Tráfego,Goiás,4066,"27,95",141,0,"2025-06-15-PSMN-4066-27,95-141",50440,2.5,20176
2025-06-15,Sebrae Nacional - DEBRITO,1,facebook,sbrae_2025_psmn,psmn,"2025_6_BR_TRAF_CPC_MULHERES DE 25 A 45 ANOS; INTERESSES EM EMPREENDEDORISMO, PEQUENOS NEGÓCIOS E MEI; COMPORTAMENTO VOLTADO A ENGAJAMENTO COM PERFIS DE NEGÓCIOS E INFLUENCIADORES DE GESTÃO",2025_6_BR_CARD_KV_ACAO_SBRAE_2025_PSMN0293,Tráfego,Maranhão,4523,"15,57",51,0,"2025-06-15-PSMN-4523-15,57-51",50440,2.5,20176
2025-06-15,Sebrae Nacional - DEBRITO,1,facebook,sbrae_2025_psmn,psmn,"2025_6_BR_TRAF_CPC_MULHERES DE 25 A 45 ANOS; INTERESSES EM EMPREENDEDORISMO, PEQUENOS NEGÓCIOS E MEI; COMPORTAMENTO VOLTADO A ENGAJAMENTO COM PERFIS DE NEGÓCIOS E INFLUENCIADORES DE GESTÃO",2025_6_BR_REELS_GABRIELA BAILAS REELS_ACAO_SBRAE_2025_PSMN0289,Tráfego,Maranhão,95,"0,72",2,0,"2025-06-15-PSMN-95-0,72-2",50440,2.5,20176
2025-06-15,Sebrae Nacional - DEBRITO,1,facebook,sbrae_2025_psmn,psmn,"2025_6_BR_TRAF_CPC_MULHERES DE 25 A 45 ANOS; INTERESSES EM EMPREENDEDORISMO, PEQUENOS NEGÓCIOS E MEI; COMPORTAMENTO VOLTADO A ENGAJAMENTO COM PERFIS DE NEGÓCIOS E INFLUENCIADORES DE GESTÃO",2025_6_BR_REELS_VIC CERIDONO REELS_ACAO_SBRAE_2025_PSMN0290,Tráfego,Maranhão,1001,"5,61",18,0,"2025-06-15-PSMN-1001-5,61-18",50440,2.5,20176
2025-06-15,Sebrae Nacional - DEBRITO,1,facebook,sbrae_2025_psmn,psmn,"2025_6_BR_TRAF_CPC_MULHERES DE 25 A 45 ANOS; INTERESSES EM EMPREENDEDORISMO, PEQUENOS NEGÓCIOS E MEI; COMPORTAMENTO VOLTADO A ENGAJAMENTO COM PERFIS DE NEGÓCIOS E INFLUENCIADORES DE GESTÃO",2025_6_BR_STORIES_GABRIELA BAILAS STORIES_ACAO_SBRAE_2025_PSMN0292,Tráfego,Maranhão,1248,"15,38",93,0,"2025-06-15-PSMN-1248-15,38-93",50440,2.5,20176
2025-06-15,Sebrae Nacional - DEBRITO,1,facebook,sbrae_2025_psmn,psmn,"2025_6_BR_TRAF_CPC_MULHERES DE 25 A 45 ANOS; INTERESSES EM EMPREENDEDORISMO, PEQUENOS NEGÓCIOS E MEI; COMPORTAMENTO VOLTADO A ENGAJAMENTO COM PERFIS DE NEGÓCIOS E INFLUENCIADORES DE GESTÃO",2025_6_BR_STORIES_VIC CERIDONO STORIES_ACAO_SBRAE_2025_PSMN0291,Tráfego,Maranhão,3500,"24,5",116,0,"2025-06-15-PSMN-3500-24,5-116",50440,2.5,20176
2025-06-15,Sebrae Nacional - DEBRITO,1,facebook,sbrae_2025_psmn,psmn,"2025_6_BR_TRAF_CPC_MULHERES DE 25 A 45 ANOS; INTERESSES EM EMPREENDEDORISMO, PEQUENOS NEGÓCIOS E MEI; COMPORTAMENTO VOLTADO A ENGAJAMENTO COM PERFIS DE NEGÓCIOS E INFLUENCIADORES DE GESTÃO",2025_6_BR_CARD_KV_ACAO_SBRAE_2025_PSMN0293,Tráfego,Mato Grosso,1379,"5,87",26,0,"2025-06-15-PSMN-1379-5,87-26",50440,2.5,20176
2025-06-15,Sebrae Nacional - DEBRITO,1,facebook,sbrae_2025_psmn,psmn,"2025_6_BR_TRAF_CPC_MULHERES DE 25 A 45 ANOS; INTERESSES EM EMPREENDEDORISMO, PEQUENOS NEGÓCIOS E MEI; COMPORTAMENTO VOLTADO A ENGAJAMENTO COM PERFIS DE NEGÓCIOS E INFLUENCIADORES DE GESTÃO",2025_6_BR_REELS_GABRIELA BAILAS REELS_ACAO_SBRAE_2025_PSMN0289,Tráfego,Mato Grosso,51,"0,36",1,0,"2025-06-15-PSMN-51-0,36-1",50440,2.5,20176
2025-06-15,Sebrae Nacional - DEBRITO,1,facebook,sbrae_2025_psmn,psmn,"2025_6_BR_TRAF_CPC_MULHERES DE 25 A 45 ANOS; INTERESSES EM EMPREENDEDORISMO, PEQUENOS NEGÓCIOS E MEI; COMPORTAMENTO VOLTADO A ENGAJAMENTO COM PERFIS DE NEGÓCIOS E INFLUENCIADORES DE GESTÃO",2025_6_BR_REELS_VIC CERIDONO REELS_ACAO_SBRAE_2025_PSMN0290,Tráfego,Mato Grosso,584,"3,15",13,0,"2025-06-15-PSMN-584-3,15-13",50440,2.5,20176
2025-06-15,Sebrae Nacional - DEBRITO,1,facebook,sbrae_2025_psmn,psmn,"2025_6_BR_TRAF_CPC_MULHERES DE 25 A 45 ANOS; INTERESSES EM EMPREENDEDORISMO, PEQUENOS NEGÓCIOS E MEI; COMPORTAMENTO VOLTADO A ENGAJAMENTO COM PERFIS DE NEGÓCIOS E INFLUENCIADORES DE GESTÃO",2025_6_BR_STORIES_GABRIELA BAILAS STORIES_ACAO_SBRAE_2025_PSMN0292,Tráfego,Mato Grosso,532,"6,05",26,0,"2025-06-15-PSMN-532-6,05-26",50440,2.5,20176
2025-06-15,Sebrae Nacional - DEBRITO,1,facebook,sbrae_2025_psmn,psmn,"2025_6_BR_TRAF_CPC_MULHERES DE 25 A 45 ANOS; INTERESSES EM EMPREENDEDORISMO, PEQUENOS NEGÓCIOS E MEI; COMPORTAMENTO VOLTADO A ENGAJAMENTO COM PERFIS DE NEGÓCIOS E INFLUENCIADORES DE GESTÃO",2025_6_BR_STORIES_VIC CERIDONO STORIES_ACAO_SBRAE_2025_PSMN0291,Tráfego,Mato Grosso,1772,"11,79",51,0,"2025-06-15-PSMN-1772-11,79-51",50440,2.5,20176
2025-06-15,Sebrae Nacional - DEBRITO,1,facebook,sbrae_2025_psmn,psmn,"2025_6_BR_TRAF_CPC_MULHERES DE 25 A 45 ANOS; INTERESSES EM EMPREENDEDORISMO, PEQUENOS NEGÓCIOS E MEI; COMPORTAMENTO VOLTADO A ENGAJAMENTO COM PERFIS DE NEGÓCIOS E INFLUENCIADORES DE GESTÃO",2025_6_BR_CARD_KV_ACAO_SBRAE_2025_PSMN0293,Tráfego,Mato Grosso do Sul,1280,"5,5",17,0,"2025-06-15-PSMN-1280-5,5-17",50440,2.5,20176
2025-06-15,Sebrae Nacional - DEBRITO,1,facebook,sbrae_2025_psmn,psmn,"2025_6_BR_TRAF_CPC_MULHERES DE 25 A 45 ANOS; INTERESSES EM EMPREENDEDORISMO, PEQUENOS NEGÓCIOS E MEI; COMPORTAMENTO VOLTADO A ENGAJAMENTO COM PERFIS DE NEGÓCIOS E INFLUENCIADORES DE GESTÃO",2025_6_BR_REELS_GABRIELA BAILAS REELS_ACAO_SBRAE_2025_PSMN0289,Tráfego,Mato Grosso do Sul,79,"0,88",6,0,"2025-06-15-PSMN-79-0,88-6",50440,2.5,20176
2025-06-15,Sebrae Nacional - DEBRITO,1,facebook,sbrae_2025_psmn,psmn,"2025_6_BR_TRAF_CPC_MULHERES DE 25 A 45 ANOS; INTERESSES EM EMPREENDEDORISMO, PEQUENOS NEGÓCIOS E MEI; COMPORTAMENTO VOLTADO A ENGAJAMENTO COM PERFIS DE NEGÓCIOS E INFLUENCIADORES DE GESTÃO",2025_6_BR_REELS_VIC CERIDONO REELS_ACAO_SBRAE_2025_PSMN0290,Tráfego,Mato Grosso do Sul,677,"3,98",11,0,"2025-06-15-PSMN-677-3,98-11",50440,2.5,20176
2025-06-15,Sebrae Nacional - DEBRITO,1,facebook,sbrae_2025_psmn,psmn,"2025_6_BR_TRAF_CPC_MULHERES DE 25 A 45 ANOS; INTERESSES EM EMPREENDEDORISMO, PEQUENOS NEGÓCIOS E MEI; COMPORTAMENTO VOLTADO A ENGAJAMENTO COM PERFIS DE NEGÓCIOS E INFLUENCIADORES DE GESTÃO",2025_6_BR_STORIES_GABRIELA BAILAS STORIES_ACAO_SBRAE_2025_PSMN0292,Tráfego,Mato Grosso do Sul,541,"5,96",34,0,"2025-06-15-PSMN-541-5,96-34",50440,2.5,20176
2025-06-15,Sebrae Nacional - DEBRITO,1,facebook,sbrae_2025_psmn,psmn,"2025_6_BR_TRAF_CPC_MULHERES DE 25 A 45 ANOS; INTERESSES EM EMPREENDEDORISMO, PEQUENOS NEGÓCIOS E MEI; COMPORTAMENTO VOLTADO A ENGAJAMENTO COM PERFIS DE NEGÓCIOS E INFLUENCIADORES DE GESTÃO",2025_6_BR_STORIES_VIC CERIDONO STORIES_ACAO_SBRAE_2025_PSMN0291,Tráfego,Mato Grosso do Sul,1711,"11,35",64,0,"2025-06-15-PSMN-1711-11,35-64",50440,2.5,20176
2025-06-15,Sebrae Nacional - DEBRITO,1,facebook,sbrae_2025_psmn,psmn,"2025_6_BR_TRAF_CPC_MULHERES DE 25 A 45 ANOS; INTERESSES EM EMPREENDEDORISMO, PEQUENOS NEGÓCIOS E MEI; COMPORTAMENTO VOLTADO A ENGAJAMENTO COM PERFIS DE NEGÓCIOS E INFLUENCIADORES DE GESTÃO",2025_6_BR_CARD_KV_ACAO_SBRAE_2025_PSMN0293,Tráfego,Minas Gerais,8526,"37,17",144,0,"2025-06-15-PSMN-8526-37,17-144",50440,2.5,20176
2025-06-15,Sebrae Nacional - DEBRITO,1,facebook,sbrae_2025_psmn,psmn,"2025_6_BR_TRAF_CPC_MULHERES DE 25 A 45 ANOS; INTERESSES EM EMPREENDEDORISMO, PEQUENOS NEGÓCIOS E MEI; COMPORTAMENTO VOLTADO A ENGAJAMENTO COM PERFIS DE NEGÓCIOS E INFLUENCIADORES DE GESTÃO",2025_6_BR_REELS_GABRIELA BAILAS REELS_ACAO_SBRAE_2025_PSMN0289,Tráfego,Minas Gerais,408,"4,43",17,0,"2025-06-15-PSMN-408-4,43-17",50440,2.5,20176
2025-06-15,Sebrae Nacional - DEBRITO,1,facebook,sbrae_2025_psmn,psmn,"2025_6_BR_TRAF_CPC_MULHERES DE 25 A 45 ANOS; INTERESSES EM EMPREENDEDORISMO, PEQUENOS NEGÓCIOS E MEI; COMPORTAMENTO VOLTADO A ENGAJAMENTO COM PERFIS DE NEGÓCIOS E INFLUENCIADORES DE GESTÃO",2025_6_BR_REELS_VIC CERIDONO REELS_ACAO_SBRAE_2025_PSMN0290,Tráfego,Minas Gerais,3194,"19,43",76,0,"2025-06-15-PSMN-3194-19,43-76",50440,2.5,20176
2025-06-15,Sebrae Nacional - DEBRITO,1,facebook,sbrae_2025_psmn,psmn,"2025_6_BR_TRAF_CPC_MULHERES DE 25 A 45 ANOS; INTERESSES EM EMPREENDEDORISMO, PEQUENOS NEGÓCIOS E MEI; COMPORTAMENTO VOLTADO A ENGAJAMENTO COM PERFIS DE NEGÓCIOS E INFLUENCIADORES DE GESTÃO",2025_6_BR_STORIES_GABRIELA BAILAS STORIES_ACAO_SBRAE_2025_PSMN0292,Tráfego,Minas Gerais,4146,"52,71",267,0,"2025-06-15-PSMN-4146-52,71-267",50440,2.5,20176
2025-06-15,Sebrae Nacional - DEBRITO,1,facebook,sbrae_2025_psmn,psmn,"2025_6_BR_TRAF_CPC_MULHERES DE 25 A 45 ANOS; INTERESSES EM EMPREENDEDORISMO, PEQUENOS NEGÓCIOS E MEI; COMPORTAMENTO VOLTADO A ENGAJAMENTO COM PERFIS DE NEGÓCIOS E INFLUENCIADORES DE GESTÃO",2025_6_BR_STORIES_VIC CERIDONO STORIES_ACAO_SBRAE_2025_PSMN0291,Tráfego,Minas Gerais,9294,"69,2",311,0,"2025-06-15-PSMN-9294-69,2-311",50440,2.5,20176
2025-06-15,Sebrae Nacional - DEBRITO,1,facebook,sbrae_2025_psmn,psmn,"2025_6_BR_TRAF_CPC_MULHERES DE 25 A 45 ANOS; INTERESSES EM EMPREENDEDORISMO, PEQUENOS NEGÓCIOS E MEI; COMPORTAMENTO VOLTADO A ENGAJAMENTO COM PERFIS DE NEGÓCIOS E INFLUENCIADORES DE GESTÃO",2025_6_BR_CARD_KV_ACAO_SBRAE_2025_PSMN0293,Tráfego,Paraná,2146,"10,44",32,0,"2025-06-15-PSMN-2146-10,44-32",50440,2.5,20176
2025-06-15,Sebrae Nacional - DEBRITO,1,facebook,sbrae_2025_psmn,psmn,"2025_6_BR_TRAF_CPC_MULHERES DE 25 A 45 ANOS; INTERESSES EM EMPREENDEDORISMO, PEQUENOS NEGÓCIOS E MEI; COMPORTAMENTO VOLTADO A ENGAJAMENTO COM PERFIS DE NEGÓCIOS E INFLUENCIADORES DE GESTÃO",2025_6_BR_REELS_GABRIELA BAILAS REELS_ACAO_SBRAE_2025_PSMN0289,Tráfego,Paraná,184,"2,18",11,0,"2025-06-15-PSMN-184-2,18-11",50440,2.5,20176
2025-06-15,Sebrae Nacional - DEBRITO,1,facebook,sbrae_2025_psmn,psmn,"2025_6_BR_TRAF_CPC_MULHERES DE 25 A 45 ANOS; INTERESSES EM EMPREENDEDORISMO, PEQUENOS NEGÓCIOS E MEI; COMPORTAMENTO VOLTADO A ENGAJAMENTO COM PERFIS DE NEGÓCIOS E INFLUENCIADORES DE GESTÃO",2025_6_BR_REELS_VIC CERIDONO REELS_ACAO_SBRAE_2025_PSMN0290,Tráfego,Paraná,1451,"8,79",39,0,"2025-06-15-PSMN-1451-8,79-39",50440,2.5,20176
2025-06-15,Sebrae Nacional - DEBRITO,1,facebook,sbrae_2025_psmn,psmn,"2025_6_BR_TRAF_CPC_MULHERES DE 25 A 45 ANOS; INTERESSES EM EMPREENDEDORISMO, PEQUENOS NEGÓCIOS E MEI; COMPORTAMENTO VOLTADO A ENGAJAMENTO COM PERFIS DE NEGÓCIOS E INFLUENCIADORES DE GESTÃO",2025_6_BR_STORIES_GABRIELA BAILAS STORIES_ACAO_SBRAE_2025_PSMN0292,Tráfego,Paraná,1982,"22,71",116,0,"2025-06-15-PSMN-1982-22,71-116",50440,2.5,20176
2025-06-15,Sebrae Nacional - DEBRITO,1,facebook,sbrae_2025_psmn,psmn,"2025_6_BR_TRAF_CPC_MULHERES DE 25 A 45 ANOS; INTERESSES EM EMPREENDEDORISMO, PEQUENOS NEGÓCIOS E MEI; COMPORTAMENTO VOLTADO A ENGAJAMENTO COM PERFIS DE NEGÓCIOS E INFLUENCIADORES DE GESTÃO",2025_6_BR_STORIES_VIC CERIDONO STORIES_ACAO_SBRAE_2025_PSMN0291,Tráfego,Paraná,4488,"33,08",167,0,"2025-06-15-PSMN-4488-33,08-167",50440,2.5,20176
2025-06-15,Sebrae Nacional - DEBRITO,1,facebook,sbrae_2025_psmn,psmn,"2025_6_BR_TRAF_CPC_MULHERES DE 25 A 45 ANOS; INTERESSES EM EMPREENDEDORISMO, PEQUENOS NEGÓCIOS E MEI; COMPORTAMENTO VOLTADO A ENGAJAMENTO COM PERFIS DE NEGÓCIOS E INFLUENCIADORES DE GESTÃO",2025_6_BR_CARD_KV_ACAO_SBRAE_2025_PSMN0293,Tráfego,Paraíba,5041,"17,55",71,0,"2025-06-15-PSMN-5041-17,55-71",50440,2.5,20176
2025-06-15,Sebrae Nacional - DEBRITO,1,facebook,sbrae_2025_psmn,psmn,"2025_6_BR_TRAF_CPC_MULHERES DE 25 A 45 ANOS; INTERESSES EM EMPREENDEDORISMO, PEQUENOS NEGÓCIOS E MEI; COMPORTAMENTO VOLTADO A ENGAJAMENTO COM PERFIS DE NEGÓCIOS E INFLUENCIADORES DE GESTÃO",2025_6_BR_REELS_GABRIELA BAILAS REELS_ACAO_SBRAE_2025_PSMN0289,Tráfego,Paraíba,152,"1,01",6,0,"2025-06-15-PSMN-152-1,01-6",50440,2.5,20176
2025-06-15,Sebrae Nacional - DEBRITO,1,facebook,sbrae_2025_psmn,psmn,"2025_6_BR_TRAF_CPC_MULHERES DE 25 A 45 ANOS; INTERESSES EM EMPREENDEDORISMO, PEQUENOS NEGÓCIOS E MEI; COMPORTAMENTO VOLTADO A ENGAJAMENTO COM PERFIS DE NEGÓCIOS E INFLUENCIADORES DE GESTÃO",2025_6_BR_REELS_VIC CERIDONO REELS_ACAO_SBRAE_2025_PSMN0290,Tráfego,Paraíba,1639,"9,09",33,0,"2025-06-15-PSMN-1639-9,09-33",50440,2.5,20176
2025-06-15,Sebrae Nacional - DEBRITO,1,facebook,sbrae_2025_psmn,psmn,"2025_6_BR_TRAF_CPC_MULHERES DE 25 A 45 ANOS; INTERESSES EM EMPREENDEDORISMO, PEQUENOS NEGÓCIOS E MEI; COMPORTAMENTO VOLTADO A ENGAJAMENTO COM PERFIS DE NEGÓCIOS E INFLUENCIADORES DE GESTÃO",2025_6_BR_STORIES_GABRIELA BAILAS STORIES_ACAO_SBRAE_2025_PSMN0292,Tráfego,Paraíba,2526,"25,14",116,0,"2025-06-15-PSMN-2526-25,14-116",50440,2.5,20176
2025-06-15,Sebrae Nacional - DEBRITO,1,facebook,sbrae_2025_psmn,psmn,"2025_6_BR_TRAF_CPC_MULHERES DE 25 A 45 ANOS; INTERESSES EM EMPREENDEDORISMO, PEQUENOS NEGÓCIOS E MEI; COMPORTAMENTO VOLTADO A ENGAJAMENTO COM PERFIS DE NEGÓCIOS E INFLUENCIADORES DE GESTÃO",2025_6_BR_STORIES_VIC CERIDONO STORIES_ACAO_SBRAE_2025_PSMN0291,Tráfego,Paraíba,4020,"26,72",112,0,"2025-06-15-PSMN-4020-26,72-112",50440,2.5,20176
2025-06-15,Sebrae Nacional - DEBRITO,1,facebook,sbrae_2025_psmn,psmn,"2025_6_BR_TRAF_CPC_MULHERES DE 25 A 45 ANOS; INTERESSES EM EMPREENDEDORISMO, PEQUENOS NEGÓCIOS E MEI; COMPORTAMENTO VOLTADO A ENGAJAMENTO COM PERFIS DE NEGÓCIOS E INFLUENCIADORES DE GESTÃO",2025_6_BR_CARD_KV_ACAO_SBRAE_2025_PSMN0293,Tráfego,Pará,3962,"14,48",39,0,"2025-06-15-PSMN-3962-14,48-39",50440,2.5,20176
2025-06-15,Sebrae Nacional - DEBRITO,1,facebook,sbrae_2025_psmn,psmn,"2025_6_BR_TRAF_CPC_MULHERES DE 25 A 45 ANOS; INTERESSES EM EMPREENDEDORISMO, PEQUENOS NEGÓCIOS E MEI; COMPORTAMENTO VOLTADO A ENGAJAMENTO COM PERFIS DE NEGÓCIOS E INFLUENCIADORES DE GESTÃO",2025_6_BR_REELS_GABRIELA BAILAS REELS_ACAO_SBRAE_2025_PSMN0289,Tráfego,Pará,153,"1,04",4,0,"2025-06-15-PSMN-153-1,04-4",50440,2.5,20176
2025-06-15,Sebrae Nacional - DEBRITO,1,facebook,sbrae_2025_psmn,psmn,"2025_6_BR_TRAF_CPC_MULHERES DE 25 A 45 ANOS; INTERESSES EM EMPREENDEDORISMO, PEQUENOS NEGÓCIOS E MEI; COMPORTAMENTO VOLTADO A ENGAJAMENTO COM PERFIS DE NEGÓCIOS E INFLUENCIADORES DE GESTÃO",2025_6_BR_REELS_VIC CERIDONO REELS_ACAO_SBRAE_2025_PSMN0290,Tráfego,Pará,1421,"7,11",26,0,"2025-06-15-PSMN-1421-7,11-26",50440,2.5,20176
2025-06-15,Sebrae Nacional - DEBRITO,1,facebook,sbrae_2025_psmn,psmn,"2025_6_BR_TRAF_CPC_MULHERES DE 25 A 45 ANOS; INTERESSES EM EMPREENDEDORISMO, PEQUENOS NEGÓCIOS E MEI; COMPORTAMENTO VOLTADO A ENGAJAMENTO COM PERFIS DE NEGÓCIOS E INFLUENCIADORES DE GESTÃO",2025_6_BR_STORIES_GABRIELA BAILAS STORIES_ACAO_SBRAE_2025_PSMN0292,Tráfego,Pará,1577,"17,76",86,0,"2025-06-15-PSMN-1577-17,76-86",50440,2.5,20176
2025-06-15,Sebrae Nacional - DEBRITO,1,facebook,sbrae_2025_psmn,psmn,"2025_6_BR_TRAF_CPC_MULHERES DE 25 A 45 ANOS; INTERESSES EM EMPREENDEDORISMO, PEQUENOS NEGÓCIOS E MEI; COMPORTAMENTO VOLTADO A ENGAJAMENTO COM PERFIS DE NEGÓCIOS E INFLUENCIADORES DE GESTÃO",2025_6_BR_STORIES_VIC CERIDONO STORIES_ACAO_SBRAE_2025_PSMN0291,Tráfego,Pará,4712,"29,61",142,0,"2025-06-15-PSMN-4712-29,61-142",50440,2.5,20176
2025-06-15,Sebrae Nacional - DEBRITO,1,facebook,sbrae_2025_psmn,psmn,"2025_6_BR_TRAF_CPC_MULHERES DE 25 A 45 ANOS; INTERESSES EM EMPREENDEDORISMO, PEQUENOS NEGÓCIOS E MEI; COMPORTAMENTO VOLTADO A ENGAJAMENTO COM PERFIS DE NEGÓCIOS E INFLUENCIADORES DE GESTÃO",2025_6_BR_CARD_KV_ACAO_SBRAE_2025_PSMN0293,Tráfego,Pernambuco,10970,"39,86",159,0,"2025-06-15-PSMN-10970-39,86-159",50440,2.5,20176
2025-06-15,Sebrae Nacional - DEBRITO,1,facebook,sbrae_2025_psmn,psmn,"2025_6_BR_TRAF_CPC_MULHERES DE 25 A 45 ANOS; INTERESSES EM EMPREENDEDORISMO, PEQUENOS NEGÓCIOS E MEI; COMPORTAMENTO VOLTADO A ENGAJAMENTO COM PERFIS DE NEGÓCIOS E INFLUENCIADORES DE GESTÃO",2025_6_BR_REELS_GABRIELA BAILAS REELS_ACAO_SBRAE_2025_PSMN0289,Tráfego,Pernambuco,330,"2,67",3,0,"2025-06-15-PSMN-330-2,67-3",50440,2.5,20176
2025-06-15,Sebrae Nacional - DEBRITO,1,facebook,sbrae_2025_psmn,psmn,"2025_6_BR_TRAF_CPC_MULHERES DE 25 A 45 ANOS; INTERESSES EM EMPREENDEDORISMO, PEQUENOS NEGÓCIOS E MEI; COMPORTAMENTO VOLTADO A ENGAJAMENTO COM PERFIS DE NEGÓCIOS E INFLUENCIADORES DE GESTÃO",2025_6_BR_REELS_VIC CERIDONO REELS_ACAO_SBRAE_2025_PSMN0290,Tráfego,Pernambuco,2898,"17,58",58,0,"2025-06-15-PSMN-2898-17,58-58",50440,2.5,20176
2025-06-15,Sebrae Nacional - DEBRITO,1,facebook,sbrae_2025_psmn,psmn,"2025_6_BR_TRAF_CPC_MULHERES DE 25 A 45 ANOS; INTERESSES EM EMPREENDEDORISMO, PEQUENOS NEGÓCIOS E MEI; COMPORTAMENTO VOLTADO A ENGAJAMENTO COM PERFIS DE NEGÓCIOS E INFLUENCIADORES DE GESTÃO",2025_6_BR_STORIES_GABRIELA BAILAS STORIES_ACAO_SBRAE_2025_PSMN0292,Tráfego,Pernambuco,4333,"44,43",207,0,"2025-06-15-PSMN-4333-44,43-207",50440,2.5,20176
2025-06-15,Sebrae Nacional - DEBRITO,1,facebook,sbrae_2025_psmn,psmn,"2025_6_BR_TRAF_CPC_MULHERES DE 25 A 45 ANOS; INTERESSES EM EMPREENDEDORISMO, PEQUENOS NEGÓCIOS E MEI; COMPORTAMENTO VOLTADO A ENGAJAMENTO COM PERFIS DE NEGÓCIOS E INFLUENCIADORES DE GESTÃO",2025_6_BR_STORIES_VIC CERIDONO STORIES_ACAO_SBRAE_2025_PSMN0291,Tráfego,Pernambuco,7602,"51,77",230,0,"2025-06-15-PSMN-7602-51,77-230",50440,2.5,20176
2025-06-15,Sebrae Nacional - DEBRITO,1,facebook,sbrae_2025_psmn,psmn,"2025_6_BR_TRAF_CPC_MULHERES DE 25 A 45 ANOS; INTERESSES EM EMPREENDEDORISMO, PEQUENOS NEGÓCIOS E MEI; COMPORTAMENTO VOLTADO A ENGAJAMENTO COM PERFIS DE NEGÓCIOS E INFLUENCIADORES DE GESTÃO",2025_6_BR_CARD_KV_ACAO_SBRAE_2025_PSMN0293,Tráfego,Piauí,2943,"10,34",36,0,"2025-06-15-PSMN-2943-10,34-36",50440,2.5,20176
2025-06-15,Sebrae Nacional - DEBRITO,1,facebook,sbrae_2025_psmn,psmn,"2025_6_BR_TRAF_CPC_MULHERES DE 25 A 45 ANOS; INTERESSES EM EMPREENDEDORISMO, PEQUENOS NEGÓCIOS E MEI; COMPORTAMENTO VOLTADO A ENGAJAMENTO COM PERFIS DE NEGÓCIOS E INFLUENCIADORES DE GESTÃO",2025_6_BR_REELS_GABRIELA BAILAS REELS_ACAO_SBRAE_2025_PSMN0289,Tráfego,Piauí,80,"0,42",1,0,"2025-06-15-PSMN-80-0,42-1",50440,2.5,20176
2025-06-15,Sebrae Nacional - DEBRITO,1,facebook,sbrae_2025_psmn,psmn,"2025_6_BR_TRAF_CPC_MULHERES DE 25 A 45 ANOS; INTERESSES EM EMPREENDEDORISMO, PEQUENOS NEGÓCIOS E MEI; COMPORTAMENTO VOLTADO A ENGAJAMENTO COM PERFIS DE NEGÓCIOS E INFLUENCIADORES DE GESTÃO",2025_6_BR_REELS_VIC CERIDONO REELS_ACAO_SBRAE_2025_PSMN0290,Tráfego,Piauí,782,"4,57",17,0,"2025-06-15-PSMN-782-4,57-17",50440,2.5,20176
2025-06-15,Sebrae Nacional - DEBRITO,1,facebook,sbrae_2025_psmn,psmn,"2025_6_BR_TRAF_CPC_MULHERES DE 25 A 45 ANOS; INTERESSES EM EMPREENDEDORISMO, PEQUENOS NEGÓCIOS E MEI; COMPORTAMENTO VOLTADO A ENGAJAMENTO COM PERFIS DE NEGÓCIOS E INFLUENCIADORES DE GESTÃO",2025_6_BR_STORIES_GABRIELA BAILAS STORIES_ACAO_SBRAE_2025_PSMN0292,Tráfego,Piauí,1347,"14,29",61,0,"2025-06-15-PSMN-1347-14,29-61",50440,2.5,20176
2025-06-15,Sebrae Nacional - DEBRITO,1,facebook,sbrae_2025_psmn,psmn,"2025_6_BR_TRAF_CPC_MULHERES DE 25 A 45 ANOS; INTERESSES EM EMPREENDEDORISMO, PEQUENOS NEGÓCIOS E MEI; COMPORTAMENTO VOLTADO A ENGAJAMENTO COM PERFIS DE NEGÓCIOS E INFLUENCIADORES DE GESTÃO",2025_6_BR_STORIES_VIC CERIDONO STORIES_ACAO_SBRAE_2025_PSMN0291,Tráfego,Piauí,2556,"17,89",89,0,"2025-06-15-PSMN-2556-17,89-89",50440,2.5,20176
2025-06-15,Sebrae Nacional - DEBRITO,1,facebook,sbrae_2025_psmn,psmn,"2025_6_BR_TRAF_CPC_MULHERES DE 25 A 45 ANOS; INTERESSES EM EMPREENDEDORISMO, PEQUENOS NEGÓCIOS E MEI; COMPORTAMENTO VOLTADO A ENGAJAMENTO COM PERFIS DE NEGÓCIOS E INFLUENCIADORES DE GESTÃO",2025_6_BR_CARD_KV_ACAO_SBRAE_2025_PSMN0293,Tráfego,Rio Grande do Norte,4619,"15,36",47,0,"2025-06-15-PSMN-4619-15,36-47",50440,2.5,20176
2025-06-15,Sebrae Nacional - DEBRITO,1,facebook,sbrae_2025_psmn,psmn,"2025_6_BR_TRAF_CPC_MULHERES DE 25 A 45 ANOS; INTERESSES EM EMPREENDEDORISMO, PEQUENOS NEGÓCIOS E MEI; COMPORTAMENTO VOLTADO A ENGAJAMENTO COM PERFIS DE NEGÓCIOS E INFLUENCIADORES DE GESTÃO",2025_6_BR_REELS_GABRIELA BAILAS REELS_ACAO_SBRAE_2025_PSMN0289,Tráfego,Rio Grande do Norte,167,"1,1",2,0,"2025-06-15-PSMN-167-1,1-2",50440,2.5,20176
2025-06-15,Sebrae Nacional - DEBRITO,1,facebook,sbrae_2025_psmn,psmn,"2025_6_BR_TRAF_CPC_MULHERES DE 25 A 45 ANOS; INTERESSES EM EMPREENDEDORISMO, PEQUENOS NEGÓCIOS E MEI; COMPORTAMENTO VOLTADO A ENGAJAMENTO COM PERFIS DE NEGÓCIOS E INFLUENCIADORES DE GESTÃO",2025_6_BR_REELS_VIC CERIDONO REELS_ACAO_SBRAE_2025_PSMN0290,Tráfego,Rio Grande do Norte,1362,"8,79",38,0,"2025-06-15-PSMN-1362-8,79-38",50440,2.5,20176
2025-06-15,Sebrae Nacional - DEBRITO,1,facebook,sbrae_2025_psmn,psmn,"2025_6_BR_TRAF_CPC_MULHERES DE 25 A 45 ANOS; INTERESSES EM EMPREENDEDORISMO, PEQUENOS NEGÓCIOS E MEI; COMPORTAMENTO VOLTADO A ENGAJAMENTO COM PERFIS DE NEGÓCIOS E INFLUENCIADORES DE GESTÃO",2025_6_BR_STORIES_GABRIELA BAILAS STORIES_ACAO_SBRAE_2025_PSMN0292,Tráfego,Rio Grande do Norte,2050,"21,42",89,0,"2025-06-15-PSMN-2050-21,42-89",50440,2.5,20176
2025-06-15,Sebrae Nacional - DEBRITO,1,facebook,sbrae_2025_psmn,psmn,"2025_6_BR_TRAF_CPC_MULHERES DE 25 A 45 ANOS; INTERESSES EM EMPREENDEDORISMO, PEQUENOS NEGÓCIOS E MEI; COMPORTAMENTO VOLTADO A ENGAJAMENTO COM PERFIS DE NEGÓCIOS E INFLUENCIADORES DE GESTÃO",2025_6_BR_STORIES_VIC CERIDONO STORIES_ACAO_SBRAE_2025_PSMN0291,Tráfego,Rio Grande do Norte,3381,"23,25",97,0,"2025-06-15-PSMN-3381-23,25-97",50440,2.5,20176
2025-06-15,Sebrae Nacional - DEBRITO,1,facebook,sbrae_2025_psmn,psmn,"2025_6_BR_TRAF_CPC_MULHERES DE 25 A 45 ANOS; INTERESSES EM EMPREENDEDORISMO, PEQUENOS NEGÓCIOS E MEI; COMPORTAMENTO VOLTADO A ENGAJAMENTO COM PERFIS DE NEGÓCIOS E INFLUENCIADORES DE GESTÃO",2025_6_BR_CARD_KV_ACAO_SBRAE_2025_PSMN0293,Tráfego,Rio Grande do Sul,2781,"12,84",44,0,"2025-06-15-PSMN-2781-12,84-44",50440,2.5,20176
2025-06-15,Sebrae Nacional - DEBRITO,1,facebook,sbrae_2025_psmn,psmn,"2025_6_BR_TRAF_CPC_MULHERES DE 25 A 45 ANOS; INTERESSES EM EMPREENDEDORISMO, PEQUENOS NEGÓCIOS E MEI; COMPORTAMENTO VOLTADO A ENGAJAMENTO COM PERFIS DE NEGÓCIOS E INFLUENCIADORES DE GESTÃO",2025_6_BR_REELS_GABRIELA BAILAS REELS_ACAO_SBRAE_2025_PSMN0289,Tráfego,Rio Grande do Sul,271,"2,93",15,0,"2025-06-15-PSMN-271-2,93-15",50440,2.5,20176
2025-06-15,Sebrae Nacional - DEBRITO,1,facebook,sbrae_2025_psmn,psmn,"2025_6_BR_TRAF_CPC_MULHERES DE 25 A 45 ANOS; INTERESSES EM EMPREENDEDORISMO, PEQUENOS NEGÓCIOS E MEI; COMPORTAMENTO VOLTADO A ENGAJAMENTO COM PERFIS DE NEGÓCIOS E INFLUENCIADORES DE GESTÃO",2025_6_BR_REELS_VIC CERIDONO REELS_ACAO_SBRAE_2025_PSMN0290,Tráfego,Rio Grande do Sul,3034,"18,65",80,0,"2025-06-15-PSMN-3034-18,65-80",50440,2.5,20176
2025-06-15,Sebrae Nacional - DEBRITO,1,facebook,sbrae_2025_psmn,psmn,"2025_6_BR_TRAF_CPC_MULHERES DE 25 A 45 ANOS; INTERESSES EM EMPREENDEDORISMO, PEQUENOS NEGÓCIOS E MEI; COMPORTAMENTO VOLTADO A ENGAJAMENTO COM PERFIS DE NEGÓCIOS E INFLUENCIADORES DE GESTÃO",2025_6_BR_STORIES_GABRIELA BAILAS STORIES_ACAO_SBRAE_2025_PSMN0292,Tráfego,Rio Grande do Sul,3520,"35,8",170,0,"2025-06-15-PSMN-3520-35,8-170",50440,2.5,20176
2025-06-15,Sebrae Nacional - DEBRITO,1,facebook,sbrae_2025_psmn,psmn,"2025_6_BR_TRAF_CPC_MULHERES DE 25 A 45 ANOS; INTERESSES EM EMPREENDEDORISMO, PEQUENOS NEGÓCIOS E MEI; COMPORTAMENTO VOLTADO A ENGAJAMENTO COM PERFIS DE NEGÓCIOS E INFLUENCIADORES DE GESTÃO",2025_6_BR_STORIES_VIC CERIDONO STORIES_ACAO_SBRAE_2025_PSMN0291,Tráfego,Rio Grande do Sul,6393,"44,76",207,0,"2025-06-15-PSMN-6393-44,76-207",50440,2.5,20176
2025-06-15,Sebrae Nacional - DEBRITO,1,facebook,sbrae_2025_psmn,psmn,"2025_6_BR_TRAF_CPC_MULHERES DE 25 A 45 ANOS; INTERESSES EM EMPREENDEDORISMO, PEQUENOS NEGÓCIOS E MEI; COMPORTAMENTO VOLTADO A ENGAJAMENTO COM PERFIS DE NEGÓCIOS E INFLUENCIADORES DE GESTÃO",2025_6_BR_CARD_KV_ACAO_SBRAE_2025_PSMN0293,Tráfego,Rio de Janeiro,7942,"37,85",137,0,"2025-06-15-PSMN-7942-37,85-137",50440,2.5,20176
2025-06-15,Sebrae Nacional - DEBRITO,1,facebook,sbrae_2025_psmn,psmn,"2025_6_BR_TRAF_CPC_MULHERES DE 25 A 45 ANOS; INTERESSES EM EMPREENDEDORISMO, PEQUENOS NEGÓCIOS E MEI; COMPORTAMENTO VOLTADO A ENGAJAMENTO COM PERFIS DE NEGÓCIOS E INFLUENCIADORES DE GESTÃO",2025_6_BR_REELS_GABRIELA BAILAS REELS_ACAO_SBRAE_2025_PSMN0289,Tráfego,Rio de Janeiro,306,"4,3",22,0,"2025-06-15-PSMN-306-4,3-22",50440,2.5,20176
2025-06-15,Sebrae Nacional - DEBRITO,1,facebook,sbrae_2025_psmn,psmn,"2025_6_BR_TRAF_CPC_MULHERES DE 25 A 45 ANOS; INTERESSES EM EMPREENDEDORISMO, PEQUENOS NEGÓCIOS E MEI; COMPORTAMENTO VOLTADO A ENGAJAMENTO COM PERFIS DE NEGÓCIOS E INFLUENCIADORES DE GESTÃO",2025_6_BR_REELS_VIC CERIDONO REELS_ACAO_SBRAE_2025_PSMN0290,Tráfego,Rio de Janeiro,2429,"17,16",76,0,"2025-06-15-PSMN-2429-17,16-76",50440,2.5,20176
2025-06-15,Sebrae Nacional - DEBRITO,1,facebook,sbrae_2025_psmn,psmn,"2025_6_BR_TRAF_CPC_MULHERES DE 25 A 45 ANOS; INTERESSES EM EMPREENDEDORISMO, PEQUENOS NEGÓCIOS E MEI; COMPORTAMENTO VOLTADO A ENGAJAMENTO COM PERFIS DE NEGÓCIOS E INFLUENCIADORES DE GESTÃO",2025_6_BR_STORIES_GABRIELA BAILAS STORIES_ACAO_SBRAE_2025_PSMN0292,Tráfego,Rio de Janeiro,2218,"28,04",120,0,"2025-06-15-PSMN-2218-28,04-120",50440,2.5,20176
2025-06-15,Sebrae Nacional - DEBRITO,1,facebook,sbrae_2025_psmn,psmn,"2025_6_BR_TRAF_CPC_MULHERES DE 25 A 45 ANOS; INTERESSES EM EMPREENDEDORISMO, PEQUENOS NEGÓCIOS E MEI; COMPORTAMENTO VOLTADO A ENGAJAMENTO COM PERFIS DE NEGÓCIOS E INFLUENCIADORES DE GESTÃO",2025_6_BR_STORIES_VIC CERIDONO STORIES_ACAO_SBRAE_2025_PSMN0291,Tráfego,Rio de Janeiro,5602,"44,35",216,0,"2025-06-15-PSMN-5602-44,35-216",50440,2.5,20176
2025-06-15,Sebrae Nacional - DEBRITO,1,facebook,sbrae_2025_psmn,psmn,"2025_6_BR_TRAF_CPC_MULHERES DE 25 A 45 ANOS; INTERESSES EM EMPREENDEDORISMO, PEQUENOS NEGÓCIOS E MEI; COMPORTAMENTO VOLTADO A ENGAJAMENTO COM PERFIS DE NEGÓCIOS E INFLUENCIADORES DE GESTÃO",2025_6_BR_CARD_KV_ACAO_SBRAE_2025_PSMN0293,Tráfego,Rondônia,693,"2,58",8,0,"2025-06-15-PSMN-693-2,58-8",50440,2.5,20176
2025-06-15,Sebrae Nacional - DEBRITO,1,facebook,sbrae_2025_psmn,psmn,"2025_6_BR_TRAF_CPC_MULHERES DE 25 A 45 ANOS; INTERESSES EM EMPREENDEDORISMO, PEQUENOS NEGÓCIOS E MEI; COMPORTAMENTO VOLTADO A ENGAJAMENTO COM PERFIS DE NEGÓCIOS E INFLUENCIADORES DE GESTÃO",2025_6_BR_REELS_GABRIELA BAILAS REELS_ACAO_SBRAE_2025_PSMN0289,Tráfego,Rondônia,34,"0,33",0,0,"2025-06-15-PSMN-34-0,33-0",50440,2.5,20176
2025-06-15,Sebrae Nacional - DEBRITO,1,facebook,sbrae_2025_psmn,psmn,"2025_6_BR_TRAF_CPC_MULHERES DE 25 A 45 ANOS; INTERESSES EM EMPREENDEDORISMO, PEQUENOS NEGÓCIOS E MEI; COMPORTAMENTO VOLTADO A ENGAJAMENTO COM PERFIS DE NEGÓCIOS E INFLUENCIADORES DE GESTÃO",2025_6_BR_REELS_VIC CERIDONO REELS_ACAO_SBRAE_2025_PSMN0290,Tráfego,Rondônia,318,"1,74",3,0,"2025-06-15-PSMN-318-1,74-3",50440,2.5,20176
2025-06-15,Sebrae Nacional - DEBRITO,1,facebook,sbrae_2025_psmn,psmn,"2025_6_BR_TRAF_CPC_MULHERES DE 25 A 45 ANOS; INTERESSES EM EMPREENDEDORISMO, PEQUENOS NEGÓCIOS E MEI; COMPORTAMENTO VOLTADO A ENGAJAMENTO COM PERFIS DE NEGÓCIOS E INFLUENCIADORES DE GESTÃO",2025_6_BR_STORIES_GABRIELA BAILAS STORIES_ACAO_SBRAE_2025_PSMN0292,Tráfego,Rondônia,272,"3,01",12,0,"2025-06-15-PSMN-272-3,01-12",50440,2.5,20176
2025-06-15,Sebrae Nacional - DEBRITO,1,facebook,sbrae_2025_psmn,psmn,"2025_6_BR_TRAF_CPC_MULHERES DE 25 A 45 ANOS; INTERESSES EM EMPREENDEDORISMO, PEQUENOS NEGÓCIOS E MEI; COMPORTAMENTO VOLTADO A ENGAJAMENTO COM PERFIS DE NEGÓCIOS E INFLUENCIADORES DE GESTÃO",2025_6_BR_STORIES_VIC CERIDONO STORIES_ACAO_SBRAE_2025_PSMN0291,Tráfego,Rondônia,907,"6,05",26,0,"2025-06-15-PSMN-907-6,05-26",50440,2.5,20176
2025-06-15,Sebrae Nacional - DEBRITO,1,facebook,sbrae_2025_psmn,psmn,"2025_6_BR_TRAF_CPC_MULHERES DE 25 A 45 ANOS; INTERESSES EM EMPREENDEDORISMO, PEQUENOS NEGÓCIOS E MEI; COMPORTAMENTO VOLTADO A ENGAJAMENTO COM PERFIS DE NEGÓCIOS E INFLUENCIADORES DE GESTÃO",2025_6_BR_CARD_KV_ACAO_SBRAE_2025_PSMN0293,Tráfego,Roraima,243,"0,81",1,0,"2025-06-15-PSMN-243-0,81-1",50440,2.5,20176
2025-06-15,Sebrae Nacional - DEBRITO,1,facebook,sbrae_2025_psmn,psmn,"2025_6_BR_TRAF_CPC_MULHERES DE 25 A 45 ANOS; INTERESSES EM EMPREENDEDORISMO, PEQUENOS NEGÓCIOS E MEI; COMPORTAMENTO VOLTADO A ENGAJAMENTO COM PERFIS DE NEGÓCIOS E INFLUENCIADORES DE GESTÃO",2025_6_BR_REELS_GABRIELA BAILAS REELS_ACAO_SBRAE_2025_PSMN0289,Tráfego,Roraima,8,"0,04",0,0,"2025-06-15-PSMN-8-0,04-0",50440,2.5,20176
2025-06-15,Sebrae Nacional - DEBRITO,1,facebook,sbrae_2025_psmn,psmn,"2025_6_BR_TRAF_CPC_MULHERES DE 25 A 45 ANOS; INTERESSES EM EMPREENDEDORISMO, PEQUENOS NEGÓCIOS E MEI; COMPORTAMENTO VOLTADO A ENGAJAMENTO COM PERFIS DE NEGÓCIOS E INFLUENCIADORES DE GESTÃO",2025_6_BR_REELS_VIC CERIDONO REELS_ACAO_SBRAE_2025_PSMN0290,Tráfego,Roraima,103,"0,45",2,0,"2025-06-15-PSMN-103-0,45-2",50440,2.5,20176
2025-06-15,Sebrae Nacional - DEBRITO,1,facebook,sbrae_2025_psmn,psmn,"2025_6_BR_TRAF_CPC_MULHERES DE 25 A 45 ANOS; INTERESSES EM EMPREENDEDORISMO, PEQUENOS NEGÓCIOS E MEI; COMPORTAMENTO VOLTADO A ENGAJAMENTO COM PERFIS DE NEGÓCIOS E INFLUENCIADORES DE GESTÃO",2025_6_BR_STORIES_GABRIELA BAILAS STORIES_ACAO_SBRAE_2025_PSMN0292,Tráfego,Roraima,91,"1,18",4,0,"2025-06-15-PSMN-91-1,18-4",50440,2.5,20176
2025-06-15,Sebrae Nacional - DEBRITO,1,facebook,sbrae_2025_psmn,psmn,"2025_6_BR_TRAF_CPC_MULHERES DE 25 A 45 ANOS; INTERESSES EM EMPREENDEDORISMO, PEQUENOS NEGÓCIOS E MEI; COMPORTAMENTO VOLTADO A ENGAJAMENTO COM PERFIS DE NEGÓCIOS E INFLUENCIADORES DE GESTÃO",2025_6_BR_STORIES_VIC CERIDONO STORIES_ACAO_SBRAE_2025_PSMN0291,Tráfego,Roraima,321,"2,12",6,0,"2025-06-15-PSMN-321-2,12-6",50440,2.5,20176
2025-06-15,Sebrae Nacional - DEBRITO,1,facebook,sbrae_2025_psmn,psmn,"2025_6_BR_TRAF_CPC_MULHERES DE 25 A 45 ANOS; INTERESSES EM EMPREENDEDORISMO, PEQUENOS NEGÓCIOS E MEI; COMPORTAMENTO VOLTADO A ENGAJAMENTO COM PERFIS DE NEGÓCIOS E INFLUENCIADORES DE GESTÃO",2025_6_BR_CARD_KV_ACAO_SBRAE_2025_PSMN0293,Tráfego,Santa Catarina,1345,"7,18",17,0,"2025-06-15-PSMN-1345-7,18-17",50440,2.5,20176
2025-06-15,Sebrae Nacional - DEBRITO,1,facebook,sbrae_2025_psmn,psmn,"2025_6_BR_TRAF_CPC_MULHERES DE 25 A 45 ANOS; INTERESSES EM EMPREENDEDORISMO, PEQUENOS NEGÓCIOS E MEI; COMPORTAMENTO VOLTADO A ENGAJAMENTO COM PERFIS DE NEGÓCIOS E INFLUENCIADORES DE GESTÃO",2025_6_BR_REELS_GABRIELA BAILAS REELS_ACAO_SBRAE_2025_PSMN0289,Tráfego,Santa Catarina,117,"1,29",6,0,"2025-06-15-PSMN-117-1,29-6",50440,2.5,20176
2025-06-15,Sebrae Nacional - DEBRITO,1,facebook,sbrae_2025_psmn,psmn,"2025_6_BR_TRAF_CPC_MULHERES DE 25 A 45 ANOS; INTERESSES EM EMPREENDEDORISMO, PEQUENOS NEGÓCIOS E MEI; COMPORTAMENTO VOLTADO A ENGAJAMENTO COM PERFIS DE NEGÓCIOS E INFLUENCIADORES DE GESTÃO",2025_6_BR_REELS_VIC CERIDONO REELS_ACAO_SBRAE_2025_PSMN0290,Tráfego,Santa Catarina,1441,"10,53",47,0,"2025-06-15-PSMN-1441-10,53-47",50440,2.5,20176
2025-06-15,Sebrae Nacional - DEBRITO,1,facebook,sbrae_2025_psmn,psmn,"2025_6_BR_TRAF_CPC_MULHERES DE 25 A 45 ANOS; INTERESSES EM EMPREENDEDORISMO, PEQUENOS NEGÓCIOS E MEI; COMPORTAMENTO VOLTADO A ENGAJAMENTO COM PERFIS DE NEGÓCIOS E INFLUENCIADORES DE GESTÃO",2025_6_BR_STORIES_GABRIELA BAILAS STORIES_ACAO_SBRAE_2025_PSMN0292,Tráfego,Santa Catarina,1609,"19,38",86,0,"2025-06-15-PSMN-1609-19,38-86",50440,2.5,20176
2025-06-15,Sebrae Nacional - DEBRITO,1,facebook,sbrae_2025_psmn,psmn,"2025_6_BR_TRAF_CPC_MULHERES DE 25 A 45 ANOS; INTERESSES EM EMPREENDEDORISMO, PEQUENOS NEGÓCIOS E MEI; COMPORTAMENTO VOLTADO A ENGAJAMENTO COM PERFIS DE NEGÓCIOS E INFLUENCIADORES DE GESTÃO",2025_6_BR_STORIES_VIC CERIDONO STORIES_ACAO_SBRAE_2025_PSMN0291,Tráfego,Santa Catarina,3449,"26,3",132,0,"2025-06-15-PSMN-3449-26,3-132",50440,2.5,20176
2025-06-15,Sebrae Nacional - DEBRITO,1,facebook,sbrae_2025_psmn,psmn,"2025_6_BR_TRAF_CPC_MULHERES DE 25 A 45 ANOS; INTERESSES EM EMPREENDEDORISMO, PEQUENOS NEGÓCIOS E MEI; COMPORTAMENTO VOLTADO A ENGAJAMENTO COM PERFIS DE NEGÓCIOS E INFLUENCIADORES DE GESTÃO",2025_6_BR_CARD_KV_ACAO_SBRAE_2025_PSMN0293,Tráfego,Sergipe,3255,"11,8",53,0,"2025-06-15-PSMN-3255-11,8-53",50440,2.5,20176
2025-06-15,Sebrae Nacional - DEBRITO,1,facebook,sbrae_2025_psmn,psmn,"2025_6_BR_TRAF_CPC_MULHERES DE 25 A 45 ANOS; INTERESSES EM EMPREENDEDORISMO, PEQUENOS NEGÓCIOS E MEI; COMPORTAMENTO VOLTADO A ENGAJAMENTO COM PERFIS DE NEGÓCIOS E INFLUENCIADORES DE GESTÃO",2025_6_BR_REELS_GABRIELA BAILAS REELS_ACAO_SBRAE_2025_PSMN0289,Tráfego,Sergipe,72,"0,54",5,0,"2025-06-15-PSMN-72-0,54-5",50440,2.5,20176
2025-06-15,Sebrae Nacional - DEBRITO,1,facebook,sbrae_2025_psmn,psmn,"2025_6_BR_TRAF_CPC_MULHERES DE 25 A 45 ANOS; INTERESSES EM EMPREENDEDORISMO, PEQUENOS NEGÓCIOS E MEI; COMPORTAMENTO VOLTADO A ENGAJAMENTO COM PERFIS DE NEGÓCIOS E INFLUENCIADORES DE GESTÃO",2025_6_BR_REELS_VIC CERIDONO REELS_ACAO_SBRAE_2025_PSMN0290,Tráfego,Sergipe,477,"2,39",4,0,"2025-06-15-PSMN-477-2,39-4",50440,2.5,20176
2025-06-15,Sebrae Nacional - DEBRITO,1,facebook,sbrae_2025_psmn,psmn,"2025_6_BR_TRAF_CPC_MULHERES DE 25 A 45 ANOS; INTERESSES EM EMPREENDEDORISMO, PEQUENOS NEGÓCIOS E MEI; COMPORTAMENTO VOLTADO A ENGAJAMENTO COM PERFIS DE NEGÓCIOS E INFLUENCIADORES DE GESTÃO",2025_6_BR_STORIES_GABRIELA BAILAS STORIES_ACAO_SBRAE_2025_PSMN0292,Tráfego,Sergipe,736,"7,5",49,0,"2025-06-15-PSMN-736-7,5-49",50440,2.5,20176
2025-06-15,Sebrae Nacional - DEBRITO,1,facebook,sbrae_2025_psmn,psmn,"2025_6_BR_TRAF_CPC_MULHERES DE 25 A 45 ANOS; INTERESSES EM EMPREENDEDORISMO, PEQUENOS NEGÓCIOS E MEI; COMPORTAMENTO VOLTADO A ENGAJAMENTO COM PERFIS DE NEGÓCIOS E INFLUENCIADORES DE GESTÃO",2025_6_BR_STORIES_VIC CERIDONO STORIES_ACAO_SBRAE_2025_PSMN0291,Tráfego,Sergipe,1494,"9,48",41,0,"2025-06-15-PSMN-1494-9,48-41",50440,2.5,20176
2025-06-15,Sebrae Nacional - DEBRITO,1,facebook,sbrae_2025_psmn,psmn,"2025_6_BR_TRAF_CPC_MULHERES DE 25 A 45 ANOS; INTERESSES EM EMPREENDEDORISMO, PEQUENOS NEGÓCIOS E MEI; COMPORTAMENTO VOLTADO A ENGAJAMENTO COM PERFIS DE NEGÓCIOS E INFLUENCIADORES DE GESTÃO",2025_6_BR_CARD_KV_ACAO_SBRAE_2025_PSMN0293,Tráfego,São Paulo,11566,"57,88",244,0,"2025-06-15-PSMN-11566-57,88-244",50440,2.5,20176
2025-06-15,Sebrae Nacional - DEBRITO,1,facebook,sbrae_2025_psmn,psmn,"2025_6_BR_TRAF_CPC_MULHERES DE 25 A 45 ANOS; INTERESSES EM EMPREENDEDORISMO, PEQUENOS NEGÓCIOS E MEI; COMPORTAMENTO VOLTADO A ENGAJAMENTO COM PERFIS DE NEGÓCIOS E INFLUENCIADORES DE GESTÃO",2025_6_BR_REELS_GABRIELA BAILAS REELS_ACAO_SBRAE_2025_PSMN0289,Tráfego,São Paulo,795,"9,63",49,0,"2025-06-15-PSMN-795-9,63-49",50440,2.5,20176
2025-06-15,Sebrae Nacional - DEBRITO,1,facebook,sbrae_2025_psmn,psmn,"2025_6_BR_TRAF_CPC_MULHERES DE 25 A 45 ANOS; INTERESSES EM EMPREENDEDORISMO, PEQUENOS NEGÓCIOS E MEI; COMPORTAMENTO VOLTADO A ENGAJAMENTO COM PERFIS DE NEGÓCIOS E INFLUENCIADORES DE GESTÃO",2025_6_BR_REELS_VIC CERIDONO REELS_ACAO_SBRAE_2025_PSMN0290,Tráfego,São Paulo,4820,"31,75",97,0,"2025-06-15-PSMN-4820-31,75-97",50440,2.5,20176
2025-06-15,Sebrae Nacional - DEBRITO,1,facebook,sbrae_2025_psmn,psmn,"2025_6_BR_TRAF_CPC_MULHERES DE 25 A 45 ANOS; INTERESSES EM EMPREENDEDORISMO, PEQUENOS NEGÓCIOS E MEI; COMPORTAMENTO VOLTADO A ENGAJAMENTO COM PERFIS DE NEGÓCIOS E INFLUENCIADORES DE GESTÃO",2025_6_BR_STORIES_GABRIELA BAILAS STORIES_ACAO_SBRAE_2025_PSMN0292,Tráfego,São Paulo,5155,"67,32",341,0,"2025-06-15-PSMN-5155-67,32-341",50440,2.5,20176
2025-06-15,Sebrae Nacional - DEBRITO,1,facebook,sbrae_2025_psmn,psmn,"2025_6_BR_TRAF_CPC_MULHERES DE 25 A 45 ANOS; INTERESSES EM EMPREENDEDORISMO, PEQUENOS NEGÓCIOS E MEI; COMPORTAMENTO VOLTADO A ENGAJAMENTO COM PERFIS DE NEGÓCIOS E INFLUENCIADORES DE GESTÃO",2025_6_BR_STORIES_VIC CERIDONO STORIES_ACAO_SBRAE_2025_PSMN0291,Tráfego,São Paulo,14300,"114,55",506,0,"2025-06-15-PSMN-14300-114,55-506",50440,2.5,20176
2025-06-15,Sebrae Nacional - DEBRITO,1,facebook,sbrae_2025_psmn,psmn,"2025_6_BR_TRAF_CPC_MULHERES DE 25 A 45 ANOS; INTERESSES EM EMPREENDEDORISMO, PEQUENOS NEGÓCIOS E MEI; COMPORTAMENTO VOLTADO A ENGAJAMENTO COM PERFIS DE NEGÓCIOS E INFLUENCIADORES DE GESTÃO",2025_6_BR_CARD_KV_ACAO_SBRAE_2025_PSMN0293,Tráfego,Tocantins,1070,"4,2",11,0,"2025-06-15-PSMN-1070-4,2-11",50440,2.5,20176
2025-06-15,Sebrae Nacional - DEBRITO,1,facebook,sbrae_2025_psmn,psmn,"2025_6_BR_TRAF_CPC_MULHERES DE 25 A 45 ANOS; INTERESSES EM EMPREENDEDORISMO, PEQUENOS NEGÓCIOS E MEI; COMPORTAMENTO VOLTADO A ENGAJAMENTO COM PERFIS DE NEGÓCIOS E INFLUENCIADORES DE GESTÃO",2025_6_BR_REELS_GABRIELA BAILAS REELS_ACAO_SBRAE_2025_PSMN0289,Tráfego,Tocantins,26,"0,19",0,0,"2025-06-15-PSMN-26-0,19-0",50440,2.5,20176
2025-06-15,Sebrae Nacional - DEBRITO,1,facebook,sbrae_2025_psmn,psmn,"2025_6_BR_TRAF_CPC_MULHERES DE 25 A 45 ANOS; INTERESSES EM EMPREENDEDORISMO, PEQUENOS NEGÓCIOS E MEI; COMPORTAMENTO VOLTADO A ENGAJAMENTO COM PERFIS DE NEGÓCIOS E INFLUENCIADORES DE GESTÃO",2025_6_BR_REELS_VIC CERIDONO REELS_ACAO_SBRAE_2025_PSMN0290,Tráfego,Tocantins,189,"0,93",4,0,"2025-06-15-PSMN-189-0,93-4",50440,2.5,20176
2025-06-15,Sebrae Nacional - DEBRITO,1,facebook,sbrae_2025_psmn,psmn,"2025_6_BR_TRAF_CPC_MULHERES DE 25 A 45 ANOS; INTERESSES EM EMPREENDEDORISMO, PEQUENOS NEGÓCIOS E MEI; COMPORTAMENTO VOLTADO A ENGAJAMENTO COM PERFIS DE NEGÓCIOS E INFLUENCIADORES DE GESTÃO",2025_6_BR_STORIES_GABRIELA BAILAS STORIES_ACAO_SBRAE_2025_PSMN0292,Tráfego,Tocantins,198,"2,35",12,0,"2025-06-15-PSMN-198-2,35-12",50440,2.5,20176
2025-06-15,Sebrae Nacional - DEBRITO,1,facebook,sbrae_2025_psmn,psmn,"2025_6_BR_TRAF_CPC_MULHERES DE 25 A 45 ANOS; INTERESSES EM EMPREENDEDORISMO, PEQUENOS NEGÓCIOS E MEI; COMPORTAMENTO VOLTADO A ENGAJAMENTO COM PERFIS DE NEGÓCIOS E INFLUENCIADORES DE GESTÃO",2025_6_BR_STORIES_VIC CERIDONO STORIES_ACAO_SBRAE_2025_PSMN0291,Tráfego,Tocantins,714,"4,19",18,0,"2025-06-15-PSMN-714-4,19-18",50440,2.5,20176
2025-06-15,Sebrae Nacional - DEBRITO,1,facebook,sbrae_2025_psmn,psmn,"2025_6_BR_TRAF_CPC_MULHERES DE 25 A 45 ANOS; INTERESSES EM EMPREENDEDORISMO, PEQUENOS NEGÓCIOS E MEI; COMPORTAMENTO VOLTADO A ENGAJAMENTO COM PERFIS DE NEGÓCIOS E INFLUENCIADORES DE GESTÃO",2025_6_BR_REELS_VIC CERIDONO REELS_ACAO_SBRAE_2025_PSMN0290,Tráfego,Não identificado,26,"0,13",1,0,"2025-06-15-PSMN-26-0,13-1",50440,2.5,20176
2025-06-15,Sebrae Nacional - DEBRITO,1,facebook,sbrae_2025_psmn,psmn,"2025_6_BR_TRAF_CPC_MULHERES DE 25 A 45 ANOS; INTERESSES EM EMPREENDEDORISMO, PEQUENOS NEGÓCIOS E MEI; COMPORTAMENTO VOLTADO A ENGAJAMENTO COM PERFIS DE NEGÓCIOS E INFLUENCIADORES DE GESTÃO",2025_6_BR_STORIES_GABRIELA BAILAS STORIES_ACAO_SBRAE_2025_PSMN0292,Tráfego,Não identificado,46,"0,29",1,0,"2025-06-15-PSMN-46-0,29-1",50440,2.5,20176
2025-06-15,Sebrae Nacional - DEBRITO,1,facebook,sbrae_2025_psmn,psmn,"2025_6_BR_TRAF_CPC_MULHERES DE 25 A 45 ANOS; INTERESSES EM EMPREENDEDORISMO, PEQUENOS NEGÓCIOS E MEI; COMPORTAMENTO VOLTADO A ENGAJAMENTO COM PERFIS DE NEGÓCIOS E INFLUENCIADORES DE GESTÃO",2025_6_BR_STORIES_VIC CERIDONO STORIES_ACAO_SBRAE_2025_PSMN0291,Tráfego,Não identificado,78,"0,48",3,0,"2025-06-15-PSMN-78-0,48-3",50440,2.5,20176
2025-06-06,Sebrae Nacional - DEBRITO,1,facebook,sbrae_2025_psmn,psmn,"2025_6_BR_TRAF_CPC_MULHERES DE 25 A 45 ANOS; INTERESSES EM EMPREENDEDORISMO, PEQUENOS NEGÓCIOS E MEI; COMPORTAMENTO VOLTADO A ENGAJAMENTO COM PERFIS DE NEGÓCIOS E INFLUENCIADORES DE GESTÃO",2025_6_BR_REELS_GABRIELA BAILAS REELS_ACAO_SBRAE_2025_PSMN0289,Tráfego,Acre,357,"1,95",3,0,"2025-06-06-PSMN-357-1,95-3",50440,2.5,20176
2025-06-06,Sebrae Nacional - DEBRITO,1,facebook,sbrae_2025_psmn,psmn,"2025_6_BR_TRAF_CPC_MULHERES DE 25 A 45 ANOS; INTERESSES EM EMPREENDEDORISMO, PEQUENOS NEGÓCIOS E MEI; COMPORTAMENTO VOLTADO A ENGAJAMENTO COM PERFIS DE NEGÓCIOS E INFLUENCIADORES DE GESTÃO",2025_6_BR_REELS_VIC CERIDONO REELS_ACAO_SBRAE_2025_PSMN0290,Tráfego,Acre,1076,"8,94",15,0,"2025-06-06-PSMN-1076-8,94-15",50440,2.5,20176
2025-06-06,Sebrae Nacional - DEBRITO,1,facebook,sbrae_2025_psmn,psmn,"2025_6_BR_TRAF_CPC_MULHERES DE 25 A 45 ANOS; INTERESSES EM EMPREENDEDORISMO, PEQUENOS NEGÓCIOS E MEI; COMPORTAMENTO VOLTADO A ENGAJAMENTO COM PERFIS DE NEGÓCIOS E INFLUENCIADORES DE GESTÃO",2025_6_BR_STORIES_GABRIELA BAILAS STORIES_ACAO_SBRAE_2025_PSMN0292,Tráfego,Acre,21,"0,19",0,0,"2025-06-06-PSMN-21-0,19-0",50440,2.5,20176
2025-06-06,Sebrae Nacional - DEBRITO,1,facebook,sbrae_2025_psmn,psmn,"2025_6_BR_TRAF_CPC_MULHERES DE 25 A 45 ANOS; INTERESSES EM EMPREENDEDORISMO, PEQUENOS NEGÓCIOS E MEI; COMPORTAMENTO VOLTADO A ENGAJAMENTO COM PERFIS DE NEGÓCIOS E INFLUENCIADORES DE GESTÃO",2025_6_BR_STORIES_VIC CERIDONO STORIES_ACAO_SBRAE_2025_PSMN0291,Tráfego,Acre,364,"2,31",10,0,"2025-06-06-PSMN-364-2,31-10",50440,2.5,20176
2025-06-06,Sebrae Nacional - DEBRITO,1,facebook,sbrae_2025_psmn,psmn,"2025_6_BR_TRAF_CPC_MULHERES DE 25 A 45 ANOS; INTERESSES EM EMPREENDEDORISMO, PEQUENOS NEGÓCIOS E MEI; COMPORTAMENTO VOLTADO A ENGAJAMENTO COM PERFIS DE NEGÓCIOS E INFLUENCIADORES DE GESTÃO",2025_6_BR_REELS_GABRIELA BAILAS REELS_ACAO_SBRAE_2025_PSMN0289,Tráfego,Alagoas,2641,"13,35",15,0,"2025-06-06-PSMN-2641-13,35-15",50440,2.5,20176
2025-06-06,Sebrae Nacional - DEBRITO,1,facebook,sbrae_2025_psmn,psmn,"2025_6_BR_TRAF_CPC_MULHERES DE 25 A 45 ANOS; INTERESSES EM EMPREENDEDORISMO, PEQUENOS NEGÓCIOS E MEI; COMPORTAMENTO VOLTADO A ENGAJAMENTO COM PERFIS DE NEGÓCIOS E INFLUENCIADORES DE GESTÃO",2025_6_BR_REELS_VIC CERIDONO REELS_ACAO_SBRAE_2025_PSMN0290,Tráfego,Alagoas,5763,"46,46",51,0,"2025-06-06-PSMN-5763-46,46-51",50440,2.5,20176
2025-06-06,Sebrae Nacional - DEBRITO,1,facebook,sbrae_2025_psmn,psmn,"2025_6_BR_TRAF_CPC_MULHERES DE 25 A 45 ANOS; INTERESSES EM EMPREENDEDORISMO, PEQUENOS NEGÓCIOS E MEI; COMPORTAMENTO VOLTADO A ENGAJAMENTO COM PERFIS DE NEGÓCIOS E INFLUENCIADORES DE GESTÃO",2025_6_BR_STORIES_GABRIELA BAILAS STORIES_ACAO_SBRAE_2025_PSMN0292,Tráfego,Alagoas,79,"0,62",4,0,"2025-06-06-PSMN-79-0,62-4",50440,2.5,20176
2025-06-06,Sebrae Nacional - DEBRITO,1,facebook,sbrae_2025_psmn,psmn,"2025_6_BR_TRAF_CPC_MULHERES DE 25 A 45 ANOS; INTERESSES EM EMPREENDEDORISMO, PEQUENOS NEGÓCIOS E MEI; COMPORTAMENTO VOLTADO A ENGAJAMENTO COM PERFIS DE NEGÓCIOS E INFLUENCIADORES DE GESTÃO",2025_6_BR_STORIES_VIC CERIDONO STORIES_ACAO_SBRAE_2025_PSMN0291,Tráfego,Alagoas,1154,"8,33",26,0,"2025-06-06-PSMN-1154-8,33-26",50440,2.5,20176
2025-06-06,Sebrae Nacional - DEBRITO,1,facebook,sbrae_2025_psmn,psmn,"2025_6_BR_TRAF_CPC_MULHERES DE 25 A 45 ANOS; INTERESSES EM EMPREENDEDORISMO, PEQUENOS NEGÓCIOS E MEI; COMPORTAMENTO VOLTADO A ENGAJAMENTO COM PERFIS DE NEGÓCIOS E INFLUENCIADORES DE GESTÃO",2025_6_BR_REELS_GABRIELA BAILAS REELS_ACAO_SBRAE_2025_PSMN0289,Tráfego,Amapá,442,"2,36",6,0,"2025-06-06-PSMN-442-2,36-6",50440,2.5,20176
2025-06-06,Sebrae Nacional - DEBRITO,1,facebook,sbrae_2025_psmn,psmn,"2025_6_BR_TRAF_CPC_MULHERES DE 25 A 45 ANOS; INTERESSES EM EMPREENDEDORISMO, PEQUENOS NEGÓCIOS E MEI; COMPORTAMENTO VOLTADO A ENGAJAMENTO COM PERFIS DE NEGÓCIOS E INFLUENCIADORES DE GESTÃO",2025_6_BR_REELS_VIC CERIDONO REELS_ACAO_SBRAE_2025_PSMN0290,Tráfego,Amapá,1412,"9,94",12,0,"2025-06-06-PSMN-1412-9,94-12",50440,2.5,20176
2025-06-06,Sebrae Nacional - DEBRITO,1,facebook,sbrae_2025_psmn,psmn,"2025_6_BR_TRAF_CPC_MULHERES DE 25 A 45 ANOS; INTERESSES EM EMPREENDEDORISMO, PEQUENOS NEGÓCIOS E MEI; COMPORTAMENTO VOLTADO A ENGAJAMENTO COM PERFIS DE NEGÓCIOS E INFLUENCIADORES DE GESTÃO",2025_6_BR_STORIES_GABRIELA BAILAS STORIES_ACAO_SBRAE_2025_PSMN0292,Tráfego,Amapá,45,"0,52",0,0,"2025-06-06-PSMN-45-0,52-0",50440,2.5,20176
2025-06-06,Sebrae Nacional - DEBRITO,1,facebook,sbrae_2025_psmn,psmn,"2025_6_BR_TRAF_CPC_MULHERES DE 25 A 45 ANOS; INTERESSES EM EMPREENDEDORISMO, PEQUENOS NEGÓCIOS E MEI; COMPORTAMENTO VOLTADO A ENGAJAMENTO COM PERFIS DE NEGÓCIOS E INFLUENCIADORES DE GESTÃO",2025_6_BR_STORIES_VIC CERIDONO STORIES_ACAO_SBRAE_2025_PSMN0291,Tráfego,Amapá,437,"2,46",3,0,"2025-06-06-PSMN-437-2,46-3",50440,2.5,20176
2025-06-06,Sebrae Nacional - DEBRITO,1,facebook,sbrae_2025_psmn,psmn,"2025_6_BR_TRAF_CPC_MULHERES DE 25 A 45 ANOS; INTERESSES EM EMPREENDEDORISMO, PEQUENOS NEGÓCIOS E MEI; COMPORTAMENTO VOLTADO A ENGAJAMENTO COM PERFIS DE NEGÓCIOS E INFLUENCIADORES DE GESTÃO",2025_6_BR_REELS_GABRIELA BAILAS REELS_ACAO_SBRAE_2025_PSMN0289,Tráfego,Amazonas,1228,"6,91",13,0,"2025-06-06-PSMN-1228-6,91-13",50440,2.5,20176
2025-06-06,Sebrae Nacional - DEBRITO,1,facebook,sbrae_2025_psmn,psmn,"2025_6_BR_TRAF_CPC_MULHERES DE 25 A 45 ANOS; INTERESSES EM EMPREENDEDORISMO, PEQUENOS NEGÓCIOS E MEI; COMPORTAMENTO VOLTADO A ENGAJAMENTO COM PERFIS DE NEGÓCIOS E INFLUENCIADORES DE GESTÃO",2025_6_BR_REELS_VIC CERIDONO REELS_ACAO_SBRAE_2025_PSMN0290,Tráfego,Amazonas,5428,"43,02",56,0,"2025-06-06-PSMN-5428-43,02-56",50440,2.5,20176
2025-06-06,Sebrae Nacional - DEBRITO,1,facebook,sbrae_2025_psmn,psmn,"2025_6_BR_TRAF_CPC_MULHERES DE 25 A 45 ANOS; INTERESSES EM EMPREENDEDORISMO, PEQUENOS NEGÓCIOS E MEI; COMPORTAMENTO VOLTADO A ENGAJAMENTO COM PERFIS DE NEGÓCIOS E INFLUENCIADORES DE GESTÃO",2025_6_BR_STORIES_GABRIELA BAILAS STORIES_ACAO_SBRAE_2025_PSMN0292,Tráfego,Amazonas,122,"0,79",2,0,"2025-06-06-PSMN-122-0,79-2",50440,2.5,20176
2025-06-06,Sebrae Nacional - DEBRITO,1,facebook,sbrae_2025_psmn,psmn,"2025_6_BR_TRAF_CPC_MULHERES DE 25 A 45 ANOS; INTERESSES EM EMPREENDEDORISMO, PEQUENOS NEGÓCIOS E MEI; COMPORTAMENTO VOLTADO A ENGAJAMENTO COM PERFIS DE NEGÓCIOS E INFLUENCIADORES DE GESTÃO",2025_6_BR_STORIES_VIC CERIDONO STORIES_ACAO_SBRAE_2025_PSMN0291,Tráfego,Amazonas,1627,"10,75",39,0,"2025-06-06-PSMN-1627-10,75-39",50440,2.5,20176
2025-06-06,Sebrae Nacional - DEBRITO,1,facebook,sbrae_2025_psmn,psmn,"2025_6_BR_TRAF_CPC_MULHERES DE 25 A 45 ANOS; INTERESSES EM EMPREENDEDORISMO, PEQUENOS NEGÓCIOS E MEI; COMPORTAMENTO VOLTADO A ENGAJAMENTO COM PERFIS DE NEGÓCIOS E INFLUENCIADORES DE GESTÃO",2025_6_BR_REELS_GABRIELA BAILAS REELS_ACAO_SBRAE_2025_PSMN0289,Tráfego,Bahia,9011,"46,17",68,0,"2025-06-06-PSMN-9011-46,17-68",50440,2.5,20176
2025-06-06,Sebrae Nacional - DEBRITO,1,facebook,sbrae_2025_psmn,psmn,"2025_6_BR_TRAF_CPC_MULHERES DE 25 A 45 ANOS; INTERESSES EM EMPREENDEDORISMO, PEQUENOS NEGÓCIOS E MEI; COMPORTAMENTO VOLTADO A ENGAJAMENTO COM PERFIS DE NEGÓCIOS E INFLUENCIADORES DE GESTÃO",2025_6_BR_REELS_VIC CERIDONO REELS_ACAO_SBRAE_2025_PSMN0290,Tráfego,Bahia,23326,"172,16",255,0,"2025-06-06-PSMN-23326-172,16-255",50440,2.5,20176
2025-06-06,Sebrae Nacional - DEBRITO,1,facebook,sbrae_2025_psmn,psmn,"2025_6_BR_TRAF_CPC_MULHERES DE 25 A 45 ANOS; INTERESSES EM EMPREENDEDORISMO, PEQUENOS NEGÓCIOS E MEI; COMPORTAMENTO VOLTADO A ENGAJAMENTO COM PERFIS DE NEGÓCIOS E INFLUENCIADORES DE GESTÃO",2025_6_BR_STORIES_GABRIELA BAILAS STORIES_ACAO_SBRAE_2025_PSMN0292,Tráfego,Bahia,250,"2,67",6,0,"2025-06-06-PSMN-250-2,67-6",50440,2.5,20176
2025-06-06,Sebrae Nacional - DEBRITO,1,facebook,sbrae_2025_psmn,psmn,"2025_6_BR_TRAF_CPC_MULHERES DE 25 A 45 ANOS; INTERESSES EM EMPREENDEDORISMO, PEQUENOS NEGÓCIOS E MEI; COMPORTAMENTO VOLTADO A ENGAJAMENTO COM PERFIS DE NEGÓCIOS E INFLUENCIADORES DE GESTÃO",2025_6_BR_STORIES_VIC CERIDONO STORIES_ACAO_SBRAE_2025_PSMN0291,Tráfego,Bahia,5391,"42,59",113,0,"2025-06-06-PSMN-5391-42,59-113",50440,2.5,20176
2025-06-06,Sebrae Nacional - DEBRITO,1,facebook,sbrae_2025_psmn,psmn,"2025_6_BR_TRAF_CPC_MULHERES DE 25 A 45 ANOS; INTERESSES EM EMPREENDEDORISMO, PEQUENOS NEGÓCIOS E MEI; COMPORTAMENTO VOLTADO A ENGAJAMENTO COM PERFIS DE NEGÓCIOS E INFLUENCIADORES DE GESTÃO",2025_6_BR_REELS_GABRIELA BAILAS REELS_ACAO_SBRAE_2025_PSMN0289,Tráfego,Ceará,9120,"45,01",73,0,"2025-06-06-PSMN-9120-45,01-73",50440,2.5,20176
2025-06-06,Sebrae Nacional - DEBRITO,1,facebook,sbrae_2025_psmn,psmn,"2025_6_BR_TRAF_CPC_MULHERES DE 25 A 45 ANOS; INTERESSES EM EMPREENDEDORISMO, PEQUENOS NEGÓCIOS E MEI; COMPORTAMENTO VOLTADO A ENGAJAMENTO COM PERFIS DE NEGÓCIOS E INFLUENCIADORES DE GESTÃO",2025_6_BR_REELS_VIC CERIDONO REELS_ACAO_SBRAE_2025_PSMN0290,Tráfego,Ceará,22929,"174,1",287,0,"2025-06-06-PSMN-22929-174,1-287",50440,2.5,20176
2025-06-06,Sebrae Nacional - DEBRITO,1,facebook,sbrae_2025_psmn,psmn,"2025_6_BR_TRAF_CPC_MULHERES DE 25 A 45 ANOS; INTERESSES EM EMPREENDEDORISMO, PEQUENOS NEGÓCIOS E MEI; COMPORTAMENTO VOLTADO A ENGAJAMENTO COM PERFIS DE NEGÓCIOS E INFLUENCIADORES DE GESTÃO",2025_6_BR_STORIES_GABRIELA BAILAS STORIES_ACAO_SBRAE_2025_PSMN0292,Tráfego,Ceará,326,"2,88",8,0,"2025-06-06-PSMN-326-2,88-8",50440,2.5,20176
2025-06-06,Sebrae Nacional - DEBRITO,1,facebook,sbrae_2025_psmn,psmn,"2025_6_BR_TRAF_CPC_MULHERES DE 25 A 45 ANOS; INTERESSES EM EMPREENDEDORISMO, PEQUENOS NEGÓCIOS E MEI; COMPORTAMENTO VOLTADO A ENGAJAMENTO COM PERFIS DE NEGÓCIOS E INFLUENCIADORES DE GESTÃO",2025_6_BR_STORIES_VIC CERIDONO STORIES_ACAO_SBRAE_2025_PSMN0291,Tráfego,Ceará,4966,"39,51",128,0,"2025-06-06-PSMN-4966-39,51-128",50440,2.5,20176
2025-06-06,Sebrae Nacional - DEBRITO,1,facebook,sbrae_2025_psmn,psmn,"2025_6_BR_TRAF_CPC_MULHERES DE 25 A 45 ANOS; INTERESSES EM EMPREENDEDORISMO, PEQUENOS NEGÓCIOS E MEI; COMPORTAMENTO VOLTADO A ENGAJAMENTO COM PERFIS DE NEGÓCIOS E INFLUENCIADORES DE GESTÃO",2025_6_BR_REELS_GABRIELA BAILAS REELS_ACAO_SBRAE_2025_PSMN0289,Tráfego,Espírito Santo,889,"5,12",9,0,"2025-06-06-PSMN-889-5,12-9",50440,2.5,20176
2025-06-06,Sebrae Nacional - DEBRITO,1,facebook,sbrae_2025_psmn,psmn,"2025_6_BR_TRAF_CPC_MULHERES DE 25 A 45 ANOS; INTERESSES EM EMPREENDEDORISMO, PEQUENOS NEGÓCIOS E MEI; COMPORTAMENTO VOLTADO A ENGAJAMENTO COM PERFIS DE NEGÓCIOS E INFLUENCIADORES DE GESTÃO",2025_6_BR_REELS_VIC CERIDONO REELS_ACAO_SBRAE_2025_PSMN0290,Tráfego,Espírito Santo,4254,"41,21",49,0,"2025-06-06-PSMN-4254-41,21-49",50440,2.5,20176
2025-06-06,Sebrae Nacional - DEBRITO,1,facebook,sbrae_2025_psmn,psmn,"2025_6_BR_TRAF_CPC_MULHERES DE 25 A 45 ANOS; INTERESSES EM EMPREENDEDORISMO, PEQUENOS NEGÓCIOS E MEI; COMPORTAMENTO VOLTADO A ENGAJAMENTO COM PERFIS DE NEGÓCIOS E INFLUENCIADORES DE GESTÃO",2025_6_BR_STORIES_GABRIELA BAILAS STORIES_ACAO_SBRAE_2025_PSMN0292,Tráfego,Espírito Santo,53,"0,55",0,0,"2025-06-06-PSMN-53-0,55-0",50440,2.5,20176
2025-06-06,Sebrae Nacional - DEBRITO,1,facebook,sbrae_2025_psmn,psmn,"2025_6_BR_TRAF_CPC_MULHERES DE 25 A 45 ANOS; INTERESSES EM EMPREENDEDORISMO, PEQUENOS NEGÓCIOS E MEI; COMPORTAMENTO VOLTADO A ENGAJAMENTO COM PERFIS DE NEGÓCIOS E INFLUENCIADORES DE GESTÃO",2025_6_BR_STORIES_VIC CERIDONO STORIES_ACAO_SBRAE_2025_PSMN0291,Tráfego,Espírito Santo,794,"6,5",32,0,"2025-06-06-PSMN-794-6,5-32",50440,2.5,20176
2025-06-06,Sebrae Nacional - DEBRITO,1,facebook,sbrae_2025_psmn,psmn,"2025_6_BR_TRAF_CPC_MULHERES DE 25 A 45 ANOS; INTERESSES EM EMPREENDEDORISMO, PEQUENOS NEGÓCIOS E MEI; COMPORTAMENTO VOLTADO A ENGAJAMENTO COM PERFIS DE NEGÓCIOS E INFLUENCIADORES DE GESTÃO",2025_6_BR_REELS_GABRIELA BAILAS REELS_ACAO_SBRAE_2025_PSMN0289,Tráfego,Distrito Federal,582,"4,05",7,0,"2025-06-06-PSMN-582-4,05-7",50440,2.5,20176
2025-06-06,Sebrae Nacional - DEBRITO,1,facebook,sbrae_2025_psmn,psmn,"2025_6_BR_TRAF_CPC_MULHERES DE 25 A 45 ANOS; INTERESSES EM EMPREENDEDORISMO, PEQUENOS NEGÓCIOS E MEI; COMPORTAMENTO VOLTADO A ENGAJAMENTO COM PERFIS DE NEGÓCIOS E INFLUENCIADORES DE GESTÃO",2025_6_BR_REELS_VIC CERIDONO REELS_ACAO_SBRAE_2025_PSMN0290,Tráfego,Distrito Federal,3015,"32,09",33,0,"2025-06-06-PSMN-3015-32,09-33",50440,2.5,20176
2025-06-06,Sebrae Nacional - DEBRITO,1,facebook,sbrae_2025_psmn,psmn,"2025_6_BR_TRAF_CPC_MULHERES DE 25 A 45 ANOS; INTERESSES EM EMPREENDEDORISMO, PEQUENOS NEGÓCIOS E MEI; COMPORTAMENTO VOLTADO A ENGAJAMENTO COM PERFIS DE NEGÓCIOS E INFLUENCIADORES DE GESTÃO",2025_6_BR_STORIES_GABRIELA BAILAS STORIES_ACAO_SBRAE_2025_PSMN0292,Tráfego,Distrito Federal,43,"0,85",0,0,"2025-06-06-PSMN-43-0,85-0",50440,2.5,20176
2025-06-06,Sebrae Nacional - DEBRITO,1,facebook,sbrae_2025_psmn,psmn,"2025_6_BR_TRAF_CPC_MULHERES DE 25 A 45 ANOS; INTERESSES EM EMPREENDEDORISMO, PEQUENOS NEGÓCIOS E MEI; COMPORTAMENTO VOLTADO A ENGAJAMENTO COM PERFIS DE NEGÓCIOS E INFLUENCIADORES DE GESTÃO",2025_6_BR_STORIES_VIC CERIDONO STORIES_ACAO_SBRAE_2025_PSMN0291,Tráfego,Distrito Federal,592,5,9,0,2025-06-06-PSMN-592-5-9,50440,2.5,20176
2025-06-06,Sebrae Nacional - DEBRITO,1,facebook,sbrae_2025_psmn,psmn,"2025_6_BR_TRAF_CPC_MULHERES DE 25 A 45 ANOS; INTERESSES EM EMPREENDEDORISMO, PEQUENOS NEGÓCIOS E MEI; COMPORTAMENTO VOLTADO A ENGAJAMENTO COM PERFIS DE NEGÓCIOS E INFLUENCIADORES DE GESTÃO",2025_6_BR_REELS_GABRIELA BAILAS REELS_ACAO_SBRAE_2025_PSMN0289,Tráfego,Goiás,2633,"14,66",25,0,"2025-06-06-PSMN-2633-14,66-25",50440,2.5,20176
2025-06-06,Sebrae Nacional - DEBRITO,1,facebook,sbrae_2025_psmn,psmn,"2025_6_BR_TRAF_CPC_MULHERES DE 25 A 45 ANOS; INTERESSES EM EMPREENDEDORISMO, PEQUENOS NEGÓCIOS E MEI; COMPORTAMENTO VOLTADO A ENGAJAMENTO COM PERFIS DE NEGÓCIOS E INFLUENCIADORES DE GESTÃO",2025_6_BR_REELS_VIC CERIDONO REELS_ACAO_SBRAE_2025_PSMN0290,Tráfego,Goiás,10145,"90,37",101,0,"2025-06-06-PSMN-10145-90,37-101",50440,2.5,20176
2025-06-06,Sebrae Nacional - DEBRITO,1,facebook,sbrae_2025_psmn,psmn,"2025_6_BR_TRAF_CPC_MULHERES DE 25 A 45 ANOS; INTERESSES EM EMPREENDEDORISMO, PEQUENOS NEGÓCIOS E MEI; COMPORTAMENTO VOLTADO A ENGAJAMENTO COM PERFIS DE NEGÓCIOS E INFLUENCIADORES DE GESTÃO",2025_6_BR_STORIES_GABRIELA BAILAS STORIES_ACAO_SBRAE_2025_PSMN0292,Tráfego,Goiás,123,"1,1",3,0,"2025-06-06-PSMN-123-1,1-3",50440,2.5,20176
2025-06-06,Sebrae Nacional - DEBRITO,1,facebook,sbrae_2025_psmn,psmn,"2025_6_BR_TRAF_CPC_MULHERES DE 25 A 45 ANOS; INTERESSES EM EMPREENDEDORISMO, PEQUENOS NEGÓCIOS E MEI; COMPORTAMENTO VOLTADO A ENGAJAMENTO COM PERFIS DE NEGÓCIOS E INFLUENCIADORES DE GESTÃO",2025_6_BR_STORIES_VIC CERIDONO STORIES_ACAO_SBRAE_2025_PSMN0291,Tráfego,Goiás,1921,"15,89",35,0,"2025-06-06-PSMN-1921-15,89-35",50440,2.5,20176
2025-06-06,Sebrae Nacional - DEBRITO,1,facebook,sbrae_2025_psmn,psmn,"2025_6_BR_TRAF_CPC_MULHERES DE 25 A 45 ANOS; INTERESSES EM EMPREENDEDORISMO, PEQUENOS NEGÓCIOS E MEI; COMPORTAMENTO VOLTADO A ENGAJAMENTO COM PERFIS DE NEGÓCIOS E INFLUENCIADORES DE GESTÃO",2025_6_BR_REELS_GABRIELA BAILAS REELS_ACAO_SBRAE_2025_PSMN0289,Tráfego,Maranhão,3797,"17,39",38,0,"2025-06-06-PSMN-3797-17,39-38",50440,2.5,20176
2025-06-06,Sebrae Nacional - DEBRITO,1,facebook,sbrae_2025_psmn,psmn,"2025_6_BR_TRAF_CPC_MULHERES DE 25 A 45 ANOS; INTERESSES EM EMPREENDEDORISMO, PEQUENOS NEGÓCIOS E MEI; COMPORTAMENTO VOLTADO A ENGAJAMENTO COM PERFIS DE NEGÓCIOS E INFLUENCIADORES DE GESTÃO",2025_6_BR_REELS_VIC CERIDONO REELS_ACAO_SBRAE_2025_PSMN0290,Tráfego,Maranhão,8711,"60,84",94,0,"2025-06-06-PSMN-8711-60,84-94",50440,2.5,20176
2025-06-06,Sebrae Nacional - DEBRITO,1,facebook,sbrae_2025_psmn,psmn,"2025_6_BR_TRAF_CPC_MULHERES DE 25 A 45 ANOS; INTERESSES EM EMPREENDEDORISMO, PEQUENOS NEGÓCIOS E MEI; COMPORTAMENTO VOLTADO A ENGAJAMENTO COM PERFIS DE NEGÓCIOS E INFLUENCIADORES DE GESTÃO",2025_6_BR_STORIES_GABRIELA BAILAS STORIES_ACAO_SBRAE_2025_PSMN0292,Tráfego,Maranhão,102,"0,7",3,0,"2025-06-06-PSMN-102-0,7-3",50440,2.5,20176
2025-06-06,Sebrae Nacional - DEBRITO,1,facebook,sbrae_2025_psmn,psmn,"2025_6_BR_TRAF_CPC_MULHERES DE 25 A 45 ANOS; INTERESSES EM EMPREENDEDORISMO, PEQUENOS NEGÓCIOS E MEI; COMPORTAMENTO VOLTADO A ENGAJAMENTO COM PERFIS DE NEGÓCIOS E INFLUENCIADORES DE GESTÃO",2025_6_BR_STORIES_VIC CERIDONO STORIES_ACAO_SBRAE_2025_PSMN0291,Tráfego,Maranhão,2096,"15,92",68,0,"2025-06-06-PSMN-2096-15,92-68",50440,2.5,20176
2025-06-06,Sebrae Nacional - DEBRITO,1,facebook,sbrae_2025_psmn,psmn,"2025_6_BR_TRAF_CPC_MULHERES DE 25 A 45 ANOS; INTERESSES EM EMPREENDEDORISMO, PEQUENOS NEGÓCIOS E MEI; COMPORTAMENTO VOLTADO A ENGAJAMENTO COM PERFIS DE NEGÓCIOS E INFLUENCIADORES DE GESTÃO",2025_6_BR_REELS_GABRIELA BAILAS REELS_ACAO_SBRAE_2025_PSMN0289,Tráfego,Mato Grosso,1418,"9,1",18,0,"2025-06-06-PSMN-1418-9,1-18",50440,2.5,20176
2025-06-06,Sebrae Nacional - DEBRITO,1,facebook,sbrae_2025_psmn,psmn,"2025_6_BR_TRAF_CPC_MULHERES DE 25 A 45 ANOS; INTERESSES EM EMPREENDEDORISMO, PEQUENOS NEGÓCIOS E MEI; COMPORTAMENTO VOLTADO A ENGAJAMENTO COM PERFIS DE NEGÓCIOS E INFLUENCIADORES DE GESTÃO",2025_6_BR_REELS_VIC CERIDONO REELS_ACAO_SBRAE_2025_PSMN0290,Tráfego,Mato Grosso,5572,"47,11",52,0,"2025-06-06-PSMN-5572-47,11-52",50440,2.5,20176
2025-06-06,Sebrae Nacional - DEBRITO,1,facebook,sbrae_2025_psmn,psmn,"2025_6_BR_TRAF_CPC_MULHERES DE 25 A 45 ANOS; INTERESSES EM EMPREENDEDORISMO, PEQUENOS NEGÓCIOS E MEI; COMPORTAMENTO VOLTADO A ENGAJAMENTO COM PERFIS DE NEGÓCIOS E INFLUENCIADORES DE GESTÃO",2025_6_BR_STORIES_GABRIELA BAILAS STORIES_ACAO_SBRAE_2025_PSMN0292,Tráfego,Mato Grosso,77,"1,08",2,0,"2025-06-06-PSMN-77-1,08-2",50440,2.5,20176
2025-06-06,Sebrae Nacional - DEBRITO,1,facebook,sbrae_2025_psmn,psmn,"2025_6_BR_TRAF_CPC_MULHERES DE 25 A 45 ANOS; INTERESSES EM EMPREENDEDORISMO, PEQUENOS NEGÓCIOS E MEI; COMPORTAMENTO VOLTADO A ENGAJAMENTO COM PERFIS DE NEGÓCIOS E INFLUENCIADORES DE GESTÃO",2025_6_BR_STORIES_VIC CERIDONO STORIES_ACAO_SBRAE_2025_PSMN0291,Tráfego,Mato Grosso,1173,"9,71",22,0,"2025-06-06-PSMN-1173-9,71-22",50440,2.5,20176
2025-06-06,Sebrae Nacional - DEBRITO,1,facebook,sbrae_2025_psmn,psmn,"2025_6_BR_TRAF_CPC_MULHERES DE 25 A 45 ANOS; INTERESSES EM EMPREENDEDORISMO, PEQUENOS NEGÓCIOS E MEI; COMPORTAMENTO VOLTADO A ENGAJAMENTO COM PERFIS DE NEGÓCIOS E INFLUENCIADORES DE GESTÃO",2025_6_BR_REELS_GABRIELA BAILAS REELS_ACAO_SBRAE_2025_PSMN0289,Tráfego,Mato Grosso do Sul,1080,"5,71",10,0,"2025-06-06-PSMN-1080-5,71-10",50440,2.5,20176
2025-06-06,Sebrae Nacional - DEBRITO,1,facebook,sbrae_2025_psmn,psmn,"2025_6_BR_TRAF_CPC_MULHERES DE 25 A 45 ANOS; INTERESSES EM EMPREENDEDORISMO, PEQUENOS NEGÓCIOS E MEI; COMPORTAMENTO VOLTADO A ENGAJAMENTO COM PERFIS DE NEGÓCIOS E INFLUENCIADORES DE GESTÃO",2025_6_BR_REELS_VIC CERIDONO REELS_ACAO_SBRAE_2025_PSMN0290,Tráfego,Mato Grosso do Sul,5478,"46,35",56,0,"2025-06-06-PSMN-5478-46,35-56",50440,2.5,20176
2025-06-06,Sebrae Nacional - DEBRITO,1,facebook,sbrae_2025_psmn,psmn,"2025_6_BR_TRAF_CPC_MULHERES DE 25 A 45 ANOS; INTERESSES EM EMPREENDEDORISMO, PEQUENOS NEGÓCIOS E MEI; COMPORTAMENTO VOLTADO A ENGAJAMENTO COM PERFIS DE NEGÓCIOS E INFLUENCIADORES DE GESTÃO",2025_6_BR_STORIES_GABRIELA BAILAS STORIES_ACAO_SBRAE_2025_PSMN0292,Tráfego,Mato Grosso do Sul,106,"1,12",1,0,"2025-06-06-PSMN-106-1,12-1",50440,2.5,20176
2025-06-06,Sebrae Nacional - DEBRITO,1,facebook,sbrae_2025_psmn,psmn,"2025_6_BR_TRAF_CPC_MULHERES DE 25 A 45 ANOS; INTERESSES EM EMPREENDEDORISMO, PEQUENOS NEGÓCIOS E MEI; COMPORTAMENTO VOLTADO A ENGAJAMENTO COM PERFIS DE NEGÓCIOS E INFLUENCIADORES DE GESTÃO",2025_6_BR_STORIES_VIC CERIDONO STORIES_ACAO_SBRAE_2025_PSMN0291,Tráfego,Mato Grosso do Sul,1274,"9,23",17,0,"2025-06-06-PSMN-1274-9,23-17",50440,2.5,20176
2025-06-06,Sebrae Nacional - DEBRITO,1,facebook,sbrae_2025_psmn,psmn,"2025_6_BR_TRAF_CPC_MULHERES DE 25 A 45 ANOS; INTERESSES EM EMPREENDEDORISMO, PEQUENOS NEGÓCIOS E MEI; COMPORTAMENTO VOLTADO A ENGAJAMENTO COM PERFIS DE NEGÓCIOS E INFLUENCIADORES DE GESTÃO",2025_6_BR_REELS_GABRIELA BAILAS REELS_ACAO_SBRAE_2025_PSMN0289,Tráfego,Minas Gerais,4862,"26,88",39,0,"2025-06-06-PSMN-4862-26,88-39",50440,2.5,20176
2025-06-06,Sebrae Nacional - DEBRITO,1,facebook,sbrae_2025_psmn,psmn,"2025_6_BR_TRAF_CPC_MULHERES DE 25 A 45 ANOS; INTERESSES EM EMPREENDEDORISMO, PEQUENOS NEGÓCIOS E MEI; COMPORTAMENTO VOLTADO A ENGAJAMENTO COM PERFIS DE NEGÓCIOS E INFLUENCIADORES DE GESTÃO",2025_6_BR_REELS_VIC CERIDONO REELS_ACAO_SBRAE_2025_PSMN0290,Tráfego,Minas Gerais,24256,"225,33",246,0,"2025-06-06-PSMN-24256-225,33-246",50440,2.5,20176
2025-06-06,Sebrae Nacional - DEBRITO,1,facebook,sbrae_2025_psmn,psmn,"2025_6_BR_TRAF_CPC_MULHERES DE 25 A 45 ANOS; INTERESSES EM EMPREENDEDORISMO, PEQUENOS NEGÓCIOS E MEI; COMPORTAMENTO VOLTADO A ENGAJAMENTO COM PERFIS DE NEGÓCIOS E INFLUENCIADORES DE GESTÃO",2025_6_BR_STORIES_GABRIELA BAILAS STORIES_ACAO_SBRAE_2025_PSMN0292,Tráfego,Minas Gerais,340,"4,23",9,0,"2025-06-06-PSMN-340-4,23-9",50440,2.5,20176
2025-06-06,Sebrae Nacional - DEBRITO,1,facebook,sbrae_2025_psmn,psmn,"2025_6_BR_TRAF_CPC_MULHERES DE 25 A 45 ANOS; INTERESSES EM EMPREENDEDORISMO, PEQUENOS NEGÓCIOS E MEI; COMPORTAMENTO VOLTADO A ENGAJAMENTO COM PERFIS DE NEGÓCIOS E INFLUENCIADORES DE GESTÃO",2025_6_BR_STORIES_VIC CERIDONO STORIES_ACAO_SBRAE_2025_PSMN0291,Tráfego,Minas Gerais,4663,"36,96",107,0,"2025-06-06-PSMN-4663-36,96-107",50440,2.5,20176
2025-06-06,Sebrae Nacional - DEBRITO,1,facebook,sbrae_2025_psmn,psmn,"2025_6_BR_TRAF_CPC_MULHERES DE 25 A 45 ANOS; INTERESSES EM EMPREENDEDORISMO, PEQUENOS NEGÓCIOS E MEI; COMPORTAMENTO VOLTADO A ENGAJAMENTO COM PERFIS DE NEGÓCIOS E INFLUENCIADORES DE GESTÃO",2025_6_BR_REELS_GABRIELA BAILAS REELS_ACAO_SBRAE_2025_PSMN0289,Tráfego,Paraná,1394,"10,14",15,0,"2025-06-06-PSMN-1394-10,14-15",50440,2.5,20176
2025-06-06,Sebrae Nacional - DEBRITO,1,facebook,sbrae_2025_psmn,psmn,"2025_6_BR_TRAF_CPC_MULHERES DE 25 A 45 ANOS; INTERESSES EM EMPREENDEDORISMO, PEQUENOS NEGÓCIOS E MEI; COMPORTAMENTO VOLTADO A ENGAJAMENTO COM PERFIS DE NEGÓCIOS E INFLUENCIADORES DE GESTÃO",2025_6_BR_REELS_VIC CERIDONO REELS_ACAO_SBRAE_2025_PSMN0290,Tráfego,Paraná,12373,"116,48",110,0,"2025-06-06-PSMN-12373-116,48-110",50440,2.5,20176
2025-06-06,Sebrae Nacional - DEBRITO,1,facebook,sbrae_2025_psmn,psmn,"2025_6_BR_TRAF_CPC_MULHERES DE 25 A 45 ANOS; INTERESSES EM EMPREENDEDORISMO, PEQUENOS NEGÓCIOS E MEI; COMPORTAMENTO VOLTADO A ENGAJAMENTO COM PERFIS DE NEGÓCIOS E INFLUENCIADORES DE GESTÃO",2025_6_BR_STORIES_GABRIELA BAILAS STORIES_ACAO_SBRAE_2025_PSMN0292,Tráfego,Paraná,222,"2,52",7,0,"2025-06-06-PSMN-222-2,52-7",50440,2.5,20176
2025-06-06,Sebrae Nacional - DEBRITO,1,facebook,sbrae_2025_psmn,psmn,"2025_6_BR_TRAF_CPC_MULHERES DE 25 A 45 ANOS; INTERESSES EM EMPREENDEDORISMO, PEQUENOS NEGÓCIOS E MEI; COMPORTAMENTO VOLTADO A ENGAJAMENTO COM PERFIS DE NEGÓCIOS E INFLUENCIADORES DE GESTÃO",2025_6_BR_STORIES_VIC CERIDONO STORIES_ACAO_SBRAE_2025_PSMN0291,Tráfego,Paraná,2170,"18,72",43,0,"2025-06-06-PSMN-2170-18,72-43",50440,2.5,20176
2025-06-06,Sebrae Nacional - DEBRITO,1,facebook,sbrae_2025_psmn,psmn,"2025_6_BR_TRAF_CPC_MULHERES DE 25 A 45 ANOS; INTERESSES EM EMPREENDEDORISMO, PEQUENOS NEGÓCIOS E MEI; COMPORTAMENTO VOLTADO A ENGAJAMENTO COM PERFIS DE NEGÓCIOS E INFLUENCIADORES DE GESTÃO",2025_6_BR_REELS_GABRIELA BAILAS REELS_ACAO_SBRAE_2025_PSMN0289,Tráfego,Paraíba,4842,"25,36",38,0,"2025-06-06-PSMN-4842-25,36-38",50440,2.5,20176
2025-06-06,Sebrae Nacional - DEBRITO,1,facebook,sbrae_2025_psmn,psmn,"2025_6_BR_TRAF_CPC_MULHERES DE 25 A 45 ANOS; INTERESSES EM EMPREENDEDORISMO, PEQUENOS NEGÓCIOS E MEI; COMPORTAMENTO VOLTADO A ENGAJAMENTO COM PERFIS DE NEGÓCIOS E INFLUENCIADORES DE GESTÃO",2025_6_BR_REELS_VIC CERIDONO REELS_ACAO_SBRAE_2025_PSMN0290,Tráfego,Paraíba,11706,"85,23",143,0,"2025-06-06-PSMN-11706-85,23-143",50440,2.5,20176
2025-06-06,Sebrae Nacional - DEBRITO,1,facebook,sbrae_2025_psmn,psmn,"2025_6_BR_TRAF_CPC_MULHERES DE 25 A 45 ANOS; INTERESSES EM EMPREENDEDORISMO, PEQUENOS NEGÓCIOS E MEI; COMPORTAMENTO VOLTADO A ENGAJAMENTO COM PERFIS DE NEGÓCIOS E INFLUENCIADORES DE GESTÃO",2025_6_BR_STORIES_GABRIELA BAILAS STORIES_ACAO_SBRAE_2025_PSMN0292,Tráfego,Paraíba,137,"1,01",3,0,"2025-06-06-PSMN-137-1,01-3",50440,2.5,20176
2025-06-06,Sebrae Nacional - DEBRITO,1,facebook,sbrae_2025_psmn,psmn,"2025_6_BR_TRAF_CPC_MULHERES DE 25 A 45 ANOS; INTERESSES EM EMPREENDEDORISMO, PEQUENOS NEGÓCIOS E MEI; COMPORTAMENTO VOLTADO A ENGAJAMENTO COM PERFIS DE NEGÓCIOS E INFLUENCIADORES DE GESTÃO",2025_6_BR_STORIES_VIC CERIDONO STORIES_ACAO_SBRAE_2025_PSMN0291,Tráfego,Paraíba,2507,"19,57",63,0,"2025-06-06-PSMN-2507-19,57-63",50440,2.5,20176
2025-06-06,Sebrae Nacional - DEBRITO,1,facebook,sbrae_2025_psmn,psmn,"2025_6_BR_TRAF_CPC_MULHERES DE 25 A 45 ANOS; INTERESSES EM EMPREENDEDORISMO, PEQUENOS NEGÓCIOS E MEI; COMPORTAMENTO VOLTADO A ENGAJAMENTO COM PERFIS DE NEGÓCIOS E INFLUENCIADORES DE GESTÃO",2025_6_BR_REELS_GABRIELA BAILAS REELS_ACAO_SBRAE_2025_PSMN0289,Tráfego,Pará,3360,"16,72",26,0,"2025-06-06-PSMN-3360-16,72-26",50440,2.5,20176
2025-06-06,Sebrae Nacional - DEBRITO,1,facebook,sbrae_2025_psmn,psmn,"2025_6_BR_TRAF_CPC_MULHERES DE 25 A 45 ANOS; INTERESSES EM EMPREENDEDORISMO, PEQUENOS NEGÓCIOS E MEI; COMPORTAMENTO VOLTADO A ENGAJAMENTO COM PERFIS DE NEGÓCIOS E INFLUENCIADORES DE GESTÃO",2025_6_BR_REELS_VIC CERIDONO REELS_ACAO_SBRAE_2025_PSMN0290,Tráfego,Pará,11943,"87,74",121,0,"2025-06-06-PSMN-11943-87,74-121",50440,2.5,20176
2025-06-06,Sebrae Nacional - DEBRITO,1,facebook,sbrae_2025_psmn,psmn,"2025_6_BR_TRAF_CPC_MULHERES DE 25 A 45 ANOS; INTERESSES EM EMPREENDEDORISMO, PEQUENOS NEGÓCIOS E MEI; COMPORTAMENTO VOLTADO A ENGAJAMENTO COM PERFIS DE NEGÓCIOS E INFLUENCIADORES DE GESTÃO",2025_6_BR_STORIES_GABRIELA BAILAS STORIES_ACAO_SBRAE_2025_PSMN0292,Tráfego,Pará,228,"1,97",3,0,"2025-06-06-PSMN-228-1,97-3",50440,2.5,20176
2025-06-06,Sebrae Nacional - DEBRITO,1,facebook,sbrae_2025_psmn,psmn,"2025_6_BR_TRAF_CPC_MULHERES DE 25 A 45 ANOS; INTERESSES EM EMPREENDEDORISMO, PEQUENOS NEGÓCIOS E MEI; COMPORTAMENTO VOLTADO A ENGAJAMENTO COM PERFIS DE NEGÓCIOS E INFLUENCIADORES DE GESTÃO",2025_6_BR_STORIES_VIC CERIDONO STORIES_ACAO_SBRAE_2025_PSMN0291,Tráfego,Pará,3491,"24,23",72,0,"2025-06-06-PSMN-3491-24,23-72",50440,2.5,20176
2025-06-06,Sebrae Nacional - DEBRITO,1,facebook,sbrae_2025_psmn,psmn,"2025_6_BR_TRAF_CPC_MULHERES DE 25 A 45 ANOS; INTERESSES EM EMPREENDEDORISMO, PEQUENOS NEGÓCIOS E MEI; COMPORTAMENTO VOLTADO A ENGAJAMENTO COM PERFIS DE NEGÓCIOS E INFLUENCIADORES DE GESTÃO",2025_6_BR_REELS_GABRIELA BAILAS REELS_ACAO_SBRAE_2025_PSMN0289,Tráfego,Pernambuco,9190,"47,31",59,0,"2025-06-06-PSMN-9190-47,31-59",50440,2.5,20176
2025-06-06,Sebrae Nacional - DEBRITO,1,facebook,sbrae_2025_psmn,psmn,"2025_6_BR_TRAF_CPC_MULHERES DE 25 A 45 ANOS; INTERESSES EM EMPREENDEDORISMO, PEQUENOS NEGÓCIOS E MEI; COMPORTAMENTO VOLTADO A ENGAJAMENTO COM PERFIS DE NEGÓCIOS E INFLUENCIADORES DE GESTÃO",2025_6_BR_REELS_VIC CERIDONO REELS_ACAO_SBRAE_2025_PSMN0290,Tráfego,Pernambuco,21876,"169,39",267,0,"2025-06-06-PSMN-21876-169,39-267",50440,2.5,20176
2025-06-06,Sebrae Nacional - DEBRITO,1,facebook,sbrae_2025_psmn,psmn,"2025_6_BR_TRAF_CPC_MULHERES DE 25 A 45 ANOS; INTERESSES EM EMPREENDEDORISMO, PEQUENOS NEGÓCIOS E MEI; COMPORTAMENTO VOLTADO A ENGAJAMENTO COM PERFIS DE NEGÓCIOS E INFLUENCIADORES DE GESTÃO",2025_6_BR_STORIES_GABRIELA BAILAS STORIES_ACAO_SBRAE_2025_PSMN0292,Tráfego,Pernambuco,265,"2,8",6,0,"2025-06-06-PSMN-265-2,8-6",50440,2.5,20176
2025-06-06,Sebrae Nacional - DEBRITO,1,facebook,sbrae_2025_psmn,psmn,"2025_6_BR_TRAF_CPC_MULHERES DE 25 A 45 ANOS; INTERESSES EM EMPREENDEDORISMO, PEQUENOS NEGÓCIOS E MEI; COMPORTAMENTO VOLTADO A ENGAJAMENTO COM PERFIS DE NEGÓCIOS E INFLUENCIADORES DE GESTÃO",2025_6_BR_STORIES_VIC CERIDONO STORIES_ACAO_SBRAE_2025_PSMN0291,Tráfego,Pernambuco,4502,"37,66",99,0,"2025-06-06-PSMN-4502-37,66-99",50440,2.5,20176
2025-06-06,Sebrae Nacional - DEBRITO,1,facebook,sbrae_2025_psmn,psmn,"2025_6_BR_TRAF_CPC_MULHERES DE 25 A 45 ANOS; INTERESSES EM EMPREENDEDORISMO, PEQUENOS NEGÓCIOS E MEI; COMPORTAMENTO VOLTADO A ENGAJAMENTO COM PERFIS DE NEGÓCIOS E INFLUENCIADORES DE GESTÃO",2025_6_BR_REELS_GABRIELA BAILAS REELS_ACAO_SBRAE_2025_PSMN0289,Tráfego,Piauí,2446,"12,27",15,0,"2025-06-06-PSMN-2446-12,27-15",50440,2.5,20176
2025-06-06,Sebrae Nacional - DEBRITO,1,facebook,sbrae_2025_psmn,psmn,"2025_6_BR_TRAF_CPC_MULHERES DE 25 A 45 ANOS; INTERESSES EM EMPREENDEDORISMO, PEQUENOS NEGÓCIOS E MEI; COMPORTAMENTO VOLTADO A ENGAJAMENTO COM PERFIS DE NEGÓCIOS E INFLUENCIADORES DE GESTÃO",2025_6_BR_REELS_VIC CERIDONO REELS_ACAO_SBRAE_2025_PSMN0290,Tráfego,Piauí,6137,"45,09",68,0,"2025-06-06-PSMN-6137-45,09-68",50440,2.5,20176
2025-06-06,Sebrae Nacional - DEBRITO,1,facebook,sbrae_2025_psmn,psmn,"2025_6_BR_TRAF_CPC_MULHERES DE 25 A 45 ANOS; INTERESSES EM EMPREENDEDORISMO, PEQUENOS NEGÓCIOS E MEI; COMPORTAMENTO VOLTADO A ENGAJAMENTO COM PERFIS DE NEGÓCIOS E INFLUENCIADORES DE GESTÃO",2025_6_BR_STORIES_GABRIELA BAILAS STORIES_ACAO_SBRAE_2025_PSMN0292,Tráfego,Piauí,76,"0,69",2,0,"2025-06-06-PSMN-76-0,69-2",50440,2.5,20176
2025-06-06,Sebrae Nacional - DEBRITO,1,facebook,sbrae_2025_psmn,psmn,"2025_6_BR_TRAF_CPC_MULHERES DE 25 A 45 ANOS; INTERESSES EM EMPREENDEDORISMO, PEQUENOS NEGÓCIOS E MEI; COMPORTAMENTO VOLTADO A ENGAJAMENTO COM PERFIS DE NEGÓCIOS E INFLUENCIADORES DE GESTÃO",2025_6_BR_STORIES_VIC CERIDONO STORIES_ACAO_SBRAE_2025_PSMN0291,Tráfego,Piauí,1538,"11,6",37,0,"2025-06-06-PSMN-1538-11,6-37",50440,2.5,20176
2025-06-06,Sebrae Nacional - DEBRITO,1,facebook,sbrae_2025_psmn,psmn,"2025_6_BR_TRAF_CPC_MULHERES DE 25 A 45 ANOS; INTERESSES EM EMPREENDEDORISMO, PEQUENOS NEGÓCIOS E MEI; COMPORTAMENTO VOLTADO A ENGAJAMENTO COM PERFIS DE NEGÓCIOS E INFLUENCIADORES DE GESTÃO",2025_6_BR_REELS_GABRIELA BAILAS REELS_ACAO_SBRAE_2025_PSMN0289,Tráfego,Rio Grande do Norte,4302,"22,52",33,0,"2025-06-06-PSMN-4302-22,52-33",50440,2.5,20176
2025-06-06,Sebrae Nacional - DEBRITO,1,facebook,sbrae_2025_psmn,psmn,"2025_6_BR_TRAF_CPC_MULHERES DE 25 A 45 ANOS; INTERESSES EM EMPREENDEDORISMO, PEQUENOS NEGÓCIOS E MEI; COMPORTAMENTO VOLTADO A ENGAJAMENTO COM PERFIS DE NEGÓCIOS E INFLUENCIADORES DE GESTÃO",2025_6_BR_REELS_VIC CERIDONO REELS_ACAO_SBRAE_2025_PSMN0290,Tráfego,Rio Grande do Norte,9592,"74,8",107,0,"2025-06-06-PSMN-9592-74,8-107",50440,2.5,20176
2025-06-06,Sebrae Nacional - DEBRITO,1,facebook,sbrae_2025_psmn,psmn,"2025_6_BR_TRAF_CPC_MULHERES DE 25 A 45 ANOS; INTERESSES EM EMPREENDEDORISMO, PEQUENOS NEGÓCIOS E MEI; COMPORTAMENTO VOLTADO A ENGAJAMENTO COM PERFIS DE NEGÓCIOS E INFLUENCIADORES DE GESTÃO",2025_6_BR_STORIES_GABRIELA BAILAS STORIES_ACAO_SBRAE_2025_PSMN0292,Tráfego,Rio Grande do Norte,113,"1,17",2,0,"2025-06-06-PSMN-113-1,17-2",50440,2.5,20176
2025-06-06,Sebrae Nacional - DEBRITO,1,facebook,sbrae_2025_psmn,psmn,"2025_6_BR_TRAF_CPC_MULHERES DE 25 A 45 ANOS; INTERESSES EM EMPREENDEDORISMO, PEQUENOS NEGÓCIOS E MEI; COMPORTAMENTO VOLTADO A ENGAJAMENTO COM PERFIS DE NEGÓCIOS E INFLUENCIADORES DE GESTÃO",2025_6_BR_STORIES_VIC CERIDONO STORIES_ACAO_SBRAE_2025_PSMN0291,Tráfego,Rio Grande do Norte,1956,"15,89",45,0,"2025-06-06-PSMN-1956-15,89-45",50440,2.5,20176
2025-06-06,Sebrae Nacional - DEBRITO,1,facebook,sbrae_2025_psmn,psmn,"2025_6_BR_TRAF_CPC_MULHERES DE 25 A 45 ANOS; INTERESSES EM EMPREENDEDORISMO, PEQUENOS NEGÓCIOS E MEI; COMPORTAMENTO VOLTADO A ENGAJAMENTO COM PERFIS DE NEGÓCIOS E INFLUENCIADORES DE GESTÃO",2025_6_BR_REELS_GABRIELA BAILAS REELS_ACAO_SBRAE_2025_PSMN0289,Tráfego,Rio Grande do Sul,2033,"13,46",19,0,"2025-06-06-PSMN-2033-13,46-19",50440,2.5,20176
2025-06-06,Sebrae Nacional - DEBRITO,1,facebook,sbrae_2025_psmn,psmn,"2025_6_BR_TRAF_CPC_MULHERES DE 25 A 45 ANOS; INTERESSES EM EMPREENDEDORISMO, PEQUENOS NEGÓCIOS E MEI; COMPORTAMENTO VOLTADO A ENGAJAMENTO COM PERFIS DE NEGÓCIOS E INFLUENCIADORES DE GESTÃO",2025_6_BR_REELS_VIC CERIDONO REELS_ACAO_SBRAE_2025_PSMN0290,Tráfego,Rio Grande do Sul,17533,"153,65",199,0,"2025-06-06-PSMN-17533-153,65-199",50440,2.5,20176
2025-06-06,Sebrae Nacional - DEBRITO,1,facebook,sbrae_2025_psmn,psmn,"2025_6_BR_TRAF_CPC_MULHERES DE 25 A 45 ANOS; INTERESSES EM EMPREENDEDORISMO, PEQUENOS NEGÓCIOS E MEI; COMPORTAMENTO VOLTADO A ENGAJAMENTO COM PERFIS DE NEGÓCIOS E INFLUENCIADORES DE GESTÃO",2025_6_BR_STORIES_GABRIELA BAILAS STORIES_ACAO_SBRAE_2025_PSMN0292,Tráfego,Rio Grande do Sul,299,"2,68",5,0,"2025-06-06-PSMN-299-2,68-5",50440,2.5,20176
2025-06-06,Sebrae Nacional - DEBRITO,1,facebook,sbrae_2025_psmn,psmn,"2025_6_BR_TRAF_CPC_MULHERES DE 25 A 45 ANOS; INTERESSES EM EMPREENDEDORISMO, PEQUENOS NEGÓCIOS E MEI; COMPORTAMENTO VOLTADO A ENGAJAMENTO COM PERFIS DE NEGÓCIOS E INFLUENCIADORES DE GESTÃO",2025_6_BR_STORIES_VIC CERIDONO STORIES_ACAO_SBRAE_2025_PSMN0291,Tráfego,Rio Grande do Sul,3042,"24,74",68,0,"2025-06-06-PSMN-3042-24,74-68",50440,2.5,20176
2025-06-06,Sebrae Nacional - DEBRITO,1,facebook,sbrae_2025_psmn,psmn,"2025_6_BR_TRAF_CPC_MULHERES DE 25 A 45 ANOS; INTERESSES EM EMPREENDEDORISMO, PEQUENOS NEGÓCIOS E MEI; COMPORTAMENTO VOLTADO A ENGAJAMENTO COM PERFIS DE NEGÓCIOS E INFLUENCIADORES DE GESTÃO",2025_6_BR_REELS_GABRIELA BAILAS REELS_ACAO_SBRAE_2025_PSMN0289,Tráfego,Rio de Janeiro,3653,"22,71",32,0,"2025-06-06-PSMN-3653-22,71-32",50440,2.5,20176
2025-06-06,Sebrae Nacional - DEBRITO,1,facebook,sbrae_2025_psmn,psmn,"2025_6_BR_TRAF_CPC_MULHERES DE 25 A 45 ANOS; INTERESSES EM EMPREENDEDORISMO, PEQUENOS NEGÓCIOS E MEI; COMPORTAMENTO VOLTADO A ENGAJAMENTO COM PERFIS DE NEGÓCIOS E INFLUENCIADORES DE GESTÃO",2025_6_BR_REELS_VIC CERIDONO REELS_ACAO_SBRAE_2025_PSMN0290,Tráfego,Rio de Janeiro,19484,"191,61",218,0,"2025-06-06-PSMN-19484-191,61-218",50440,2.5,20176
2025-06-06,Sebrae Nacional - DEBRITO,1,facebook,sbrae_2025_psmn,psmn,"2025_6_BR_TRAF_CPC_MULHERES DE 25 A 45 ANOS; INTERESSES EM EMPREENDEDORISMO, PEQUENOS NEGÓCIOS E MEI; COMPORTAMENTO VOLTADO A ENGAJAMENTO COM PERFIS DE NEGÓCIOS E INFLUENCIADORES DE GESTÃO",2025_6_BR_STORIES_GABRIELA BAILAS STORIES_ACAO_SBRAE_2025_PSMN0292,Tráfego,Rio de Janeiro,312,"3,16",0,0,"2025-06-06-PSMN-312-3,16-0",50440,2.5,20176
2025-06-06,Sebrae Nacional - DEBRITO,1,facebook,sbrae_2025_psmn,psmn,"2025_6_BR_TRAF_CPC_MULHERES DE 25 A 45 ANOS; INTERESSES EM EMPREENDEDORISMO, PEQUENOS NEGÓCIOS E MEI; COMPORTAMENTO VOLTADO A ENGAJAMENTO COM PERFIS DE NEGÓCIOS E INFLUENCIADORES DE GESTÃO",2025_6_BR_STORIES_VIC CERIDONO STORIES_ACAO_SBRAE_2025_PSMN0291,Tráfego,Rio de Janeiro,3868,"30,63",82,0,"2025-06-06-PSMN-3868-30,63-82",50440,2.5,20176
2025-06-06,Sebrae Nacional - DEBRITO,1,facebook,sbrae_2025_psmn,psmn,"2025_6_BR_TRAF_CPC_MULHERES DE 25 A 45 ANOS; INTERESSES EM EMPREENDEDORISMO, PEQUENOS NEGÓCIOS E MEI; COMPORTAMENTO VOLTADO A ENGAJAMENTO COM PERFIS DE NEGÓCIOS E INFLUENCIADORES DE GESTÃO",2025_6_BR_REELS_GABRIELA BAILAS REELS_ACAO_SBRAE_2025_PSMN0289,Tráfego,Rondônia,588,"2,99",6,0,"2025-06-06-PSMN-588-2,99-6",50440,2.5,20176
2025-06-06,Sebrae Nacional - DEBRITO,1,facebook,sbrae_2025_psmn,psmn,"2025_6_BR_TRAF_CPC_MULHERES DE 25 A 45 ANOS; INTERESSES EM EMPREENDEDORISMO, PEQUENOS NEGÓCIOS E MEI; COMPORTAMENTO VOLTADO A ENGAJAMENTO COM PERFIS DE NEGÓCIOS E INFLUENCIADORES DE GESTÃO",2025_6_BR_REELS_VIC CERIDONO REELS_ACAO_SBRAE_2025_PSMN0290,Tráfego,Rondônia,2196,"18,34",24,0,"2025-06-06-PSMN-2196-18,34-24",50440,2.5,20176
2025-06-06,Sebrae Nacional - DEBRITO,1,facebook,sbrae_2025_psmn,psmn,"2025_6_BR_TRAF_CPC_MULHERES DE 25 A 45 ANOS; INTERESSES EM EMPREENDEDORISMO, PEQUENOS NEGÓCIOS E MEI; COMPORTAMENTO VOLTADO A ENGAJAMENTO COM PERFIS DE NEGÓCIOS E INFLUENCIADORES DE GESTÃO",2025_6_BR_STORIES_GABRIELA BAILAS STORIES_ACAO_SBRAE_2025_PSMN0292,Tráfego,Rondônia,42,"0,36",2,0,"2025-06-06-PSMN-42-0,36-2",50440,2.5,20176
2025-06-06,Sebrae Nacional - DEBRITO,1,facebook,sbrae_2025_psmn,psmn,"2025_6_BR_TRAF_CPC_MULHERES DE 25 A 45 ANOS; INTERESSES EM EMPREENDEDORISMO, PEQUENOS NEGÓCIOS E MEI; COMPORTAMENTO VOLTADO A ENGAJAMENTO COM PERFIS DE NEGÓCIOS E INFLUENCIADORES DE GESTÃO",2025_6_BR_STORIES_VIC CERIDONO STORIES_ACAO_SBRAE_2025_PSMN0291,Tráfego,Rondônia,619,"4,36",6,0,"2025-06-06-PSMN-619-4,36-6",50440,2.5,20176
2025-06-06,Sebrae Nacional - DEBRITO,1,facebook,sbrae_2025_psmn,psmn,"2025_6_BR_TRAF_CPC_MULHERES DE 25 A 45 ANOS; INTERESSES EM EMPREENDEDORISMO, PEQUENOS NEGÓCIOS E MEI; COMPORTAMENTO VOLTADO A ENGAJAMENTO COM PERFIS DE NEGÓCIOS E INFLUENCIADORES DE GESTÃO",2025_6_BR_REELS_GABRIELA BAILAS REELS_ACAO_SBRAE_2025_PSMN0289,Tráfego,Roraima,166,"0,75",1,0,"2025-06-06-PSMN-166-0,75-1",50440,2.5,20176
2025-06-06,Sebrae Nacional - DEBRITO,1,facebook,sbrae_2025_psmn,psmn,"2025_6_BR_TRAF_CPC_MULHERES DE 25 A 45 ANOS; INTERESSES EM EMPREENDEDORISMO, PEQUENOS NEGÓCIOS E MEI; COMPORTAMENTO VOLTADO A ENGAJAMENTO COM PERFIS DE NEGÓCIOS E INFLUENCIADORES DE GESTÃO",2025_6_BR_REELS_VIC CERIDONO REELS_ACAO_SBRAE_2025_PSMN0290,Tráfego,Roraima,676,"5,9",5,0,"2025-06-06-PSMN-676-5,9-5",50440,2.5,20176
2025-06-06,Sebrae Nacional - DEBRITO,1,facebook,sbrae_2025_psmn,psmn,"2025_6_BR_TRAF_CPC_MULHERES DE 25 A 45 ANOS; INTERESSES EM EMPREENDEDORISMO, PEQUENOS NEGÓCIOS E MEI; COMPORTAMENTO VOLTADO A ENGAJAMENTO COM PERFIS DE NEGÓCIOS E INFLUENCIADORES DE GESTÃO",2025_6_BR_STORIES_GABRIELA BAILAS STORIES_ACAO_SBRAE_2025_PSMN0292,Tráfego,Roraima,14,"0,08",0,0,"2025-06-06-PSMN-14-0,08-0",50440,2.5,20176
2025-06-06,Sebrae Nacional - DEBRITO,1,facebook,sbrae_2025_psmn,psmn,"2025_6_BR_TRAF_CPC_MULHERES DE 25 A 45 ANOS; INTERESSES EM EMPREENDEDORISMO, PEQUENOS NEGÓCIOS E MEI; COMPORTAMENTO VOLTADO A ENGAJAMENTO COM PERFIS DE NEGÓCIOS E INFLUENCIADORES DE GESTÃO",2025_6_BR_STORIES_VIC CERIDONO STORIES_ACAO_SBRAE_2025_PSMN0291,Tráfego,Roraima,215,"1,54",7,0,"2025-06-06-PSMN-215-1,54-7",50440,2.5,20176
2025-06-06,Sebrae Nacional - DEBRITO,1,facebook,sbrae_2025_psmn,psmn,"2025_6_BR_TRAF_CPC_MULHERES DE 25 A 45 ANOS; INTERESSES EM EMPREENDEDORISMO, PEQUENOS NEGÓCIOS E MEI; COMPORTAMENTO VOLTADO A ENGAJAMENTO COM PERFIS DE NEGÓCIOS E INFLUENCIADORES DE GESTÃO",2025_6_BR_REELS_GABRIELA BAILAS REELS_ACAO_SBRAE_2025_PSMN0289,Tráfego,Santa Catarina,715,"5,73",6,0,"2025-06-06-PSMN-715-5,73-6",50440,2.5,20176
2025-06-06,Sebrae Nacional - DEBRITO,1,facebook,sbrae_2025_psmn,psmn,"2025_6_BR_TRAF_CPC_MULHERES DE 25 A 45 ANOS; INTERESSES EM EMPREENDEDORISMO, PEQUENOS NEGÓCIOS E MEI; COMPORTAMENTO VOLTADO A ENGAJAMENTO COM PERFIS DE NEGÓCIOS E INFLUENCIADORES DE GESTÃO",2025_6_BR_REELS_VIC CERIDONO REELS_ACAO_SBRAE_2025_PSMN0290,Tráfego,Santa Catarina,8105,"82,62",79,0,"2025-06-06-PSMN-8105-82,62-79",50440,2.5,20176
2025-06-06,Sebrae Nacional - DEBRITO,1,facebook,sbrae_2025_psmn,psmn,"2025_6_BR_TRAF_CPC_MULHERES DE 25 A 45 ANOS; INTERESSES EM EMPREENDEDORISMO, PEQUENOS NEGÓCIOS E MEI; COMPORTAMENTO VOLTADO A ENGAJAMENTO COM PERFIS DE NEGÓCIOS E INFLUENCIADORES DE GESTÃO",2025_6_BR_STORIES_GABRIELA BAILAS STORIES_ACAO_SBRAE_2025_PSMN0292,Tráfego,Santa Catarina,147,"1,84",3,0,"2025-06-06-PSMN-147-1,84-3",50440,2.5,20176
2025-06-06,Sebrae Nacional - DEBRITO,1,facebook,sbrae_2025_psmn,psmn,"2025_6_BR_TRAF_CPC_MULHERES DE 25 A 45 ANOS; INTERESSES EM EMPREENDEDORISMO, PEQUENOS NEGÓCIOS E MEI; COMPORTAMENTO VOLTADO A ENGAJAMENTO COM PERFIS DE NEGÓCIOS E INFLUENCIADORES DE GESTÃO",2025_6_BR_STORIES_VIC CERIDONO STORIES_ACAO_SBRAE_2025_PSMN0291,Tráfego,Santa Catarina,1233,"9,65",37,0,"2025-06-06-PSMN-1233-9,65-37",50440,2.5,20176
2025-06-06,Sebrae Nacional - DEBRITO,1,facebook,sbrae_2025_psmn,psmn,"2025_6_BR_TRAF_CPC_MULHERES DE 25 A 45 ANOS; INTERESSES EM EMPREENDEDORISMO, PEQUENOS NEGÓCIOS E MEI; COMPORTAMENTO VOLTADO A ENGAJAMENTO COM PERFIS DE NEGÓCIOS E INFLUENCIADORES DE GESTÃO",2025_6_BR_REELS_GABRIELA BAILAS REELS_ACAO_SBRAE_2025_PSMN0289,Tráfego,Sergipe,2043,"9,68",11,0,"2025-06-06-PSMN-2043-9,68-11",50440,2.5,20176
2025-06-06,Sebrae Nacional - DEBRITO,1,facebook,sbrae_2025_psmn,psmn,"2025_6_BR_TRAF_CPC_MULHERES DE 25 A 45 ANOS; INTERESSES EM EMPREENDEDORISMO, PEQUENOS NEGÓCIOS E MEI; COMPORTAMENTO VOLTADO A ENGAJAMENTO COM PERFIS DE NEGÓCIOS E INFLUENCIADORES DE GESTÃO",2025_6_BR_REELS_VIC CERIDONO REELS_ACAO_SBRAE_2025_PSMN0290,Tráfego,Sergipe,4251,"31,25",38,0,"2025-06-06-PSMN-4251-31,25-38",50440,2.5,20176
2025-06-06,Sebrae Nacional - DEBRITO,1,facebook,sbrae_2025_psmn,psmn,"2025_6_BR_TRAF_CPC_MULHERES DE 25 A 45 ANOS; INTERESSES EM EMPREENDEDORISMO, PEQUENOS NEGÓCIOS E MEI; COMPORTAMENTO VOLTADO A ENGAJAMENTO COM PERFIS DE NEGÓCIOS E INFLUENCIADORES DE GESTÃO",2025_6_BR_STORIES_GABRIELA BAILAS STORIES_ACAO_SBRAE_2025_PSMN0292,Tráfego,Sergipe,42,"0,3",0,0,"2025-06-06-PSMN-42-0,3-0",50440,2.5,20176
2025-06-06,Sebrae Nacional - DEBRITO,1,facebook,sbrae_2025_psmn,psmn,"2025_6_BR_TRAF_CPC_MULHERES DE 25 A 45 ANOS; INTERESSES EM EMPREENDEDORISMO, PEQUENOS NEGÓCIOS E MEI; COMPORTAMENTO VOLTADO A ENGAJAMENTO COM PERFIS DE NEGÓCIOS E INFLUENCIADORES DE GESTÃO",2025_6_BR_STORIES_VIC CERIDONO STORIES_ACAO_SBRAE_2025_PSMN0291,Tráfego,Sergipe,670,"5,72",23,0,"2025-06-06-PSMN-670-5,72-23",50440,2.5,20176
2025-06-06,Sebrae Nacional - DEBRITO,1,facebook,sbrae_2025_psmn,psmn,"2025_6_BR_TRAF_CPC_MULHERES DE 25 A 45 ANOS; INTERESSES EM EMPREENDEDORISMO, PEQUENOS NEGÓCIOS E MEI; COMPORTAMENTO VOLTADO A ENGAJAMENTO COM PERFIS DE NEGÓCIOS E INFLUENCIADORES DE GESTÃO",2025_6_BR_REELS_GABRIELA BAILAS REELS_ACAO_SBRAE_2025_PSMN0289,Tráfego,São Paulo,8932,"67,07",69,0,"2025-06-06-PSMN-8932-67,07-69",50440,2.5,20176
2025-06-06,Sebrae Nacional - DEBRITO,1,facebook,sbrae_2025_psmn,psmn,"2025_6_BR_TRAF_CPC_MULHERES DE 25 A 45 ANOS; INTERESSES EM EMPREENDEDORISMO, PEQUENOS NEGÓCIOS E MEI; COMPORTAMENTO VOLTADO A ENGAJAMENTO COM PERFIS DE NEGÓCIOS E INFLUENCIADORES DE GESTÃO",2025_6_BR_REELS_VIC CERIDONO REELS_ACAO_SBRAE_2025_PSMN0290,Tráfego,São Paulo,59772,"644,18",635,0,"2025-06-06-PSMN-59772-644,18-635",50440,2.5,20176
2025-06-06,Sebrae Nacional - DEBRITO,1,facebook,sbrae_2025_psmn,psmn,"2025_6_BR_TRAF_CPC_MULHERES DE 25 A 45 ANOS; INTERESSES EM EMPREENDEDORISMO, PEQUENOS NEGÓCIOS E MEI; COMPORTAMENTO VOLTADO A ENGAJAMENTO COM PERFIS DE NEGÓCIOS E INFLUENCIADORES DE GESTÃO",2025_6_BR_STORIES_GABRIELA BAILAS STORIES_ACAO_SBRAE_2025_PSMN0292,Tráfego,São Paulo,1090,"14,83",11,0,"2025-06-06-PSMN-1090-14,83-11",50440,2.5,20176
2025-06-06,Sebrae Nacional - DEBRITO,1,facebook,sbrae_2025_psmn,psmn,"2025_6_BR_TRAF_CPC_MULHERES DE 25 A 45 ANOS; INTERESSES EM EMPREENDEDORISMO, PEQUENOS NEGÓCIOS E MEI; COMPORTAMENTO VOLTADO A ENGAJAMENTO COM PERFIS DE NEGÓCIOS E INFLUENCIADORES DE GESTÃO",2025_6_BR_STORIES_VIC CERIDONO STORIES_ACAO_SBRAE_2025_PSMN0291,Tráfego,São Paulo,10487,"94,79",225,0,"2025-06-06-PSMN-10487-94,79-225",50440,2.5,20176
2025-06-06,Sebrae Nacional - DEBRITO,1,facebook,sbrae_2025_psmn,psmn,"2025_6_BR_TRAF_CPC_MULHERES DE 25 A 45 ANOS; INTERESSES EM EMPREENDEDORISMO, PEQUENOS NEGÓCIOS E MEI; COMPORTAMENTO VOLTADO A ENGAJAMENTO COM PERFIS DE NEGÓCIOS E INFLUENCIADORES DE GESTÃO",2025_6_BR_REELS_GABRIELA BAILAS REELS_ACAO_SBRAE_2025_PSMN0289,Tráfego,Tocantins,582,"3,21",2,0,"2025-06-06-PSMN-582-3,21-2",50440,2.5,20176
2025-06-06,Sebrae Nacional - DEBRITO,1,facebook,sbrae_2025_psmn,psmn,"2025_6_BR_TRAF_CPC_MULHERES DE 25 A 45 ANOS; INTERESSES EM EMPREENDEDORISMO, PEQUENOS NEGÓCIOS E MEI; COMPORTAMENTO VOLTADO A ENGAJAMENTO COM PERFIS DE NEGÓCIOS E INFLUENCIADORES DE GESTÃO",2025_6_BR_REELS_VIC CERIDONO REELS_ACAO_SBRAE_2025_PSMN0290,Tráfego,Tocantins,1670,"13,73",10,0,"2025-06-06-PSMN-1670-13,73-10",50440,2.5,20176
2025-06-06,Sebrae Nacional - DEBRITO,1,facebook,sbrae_2025_psmn,psmn,"2025_6_BR_TRAF_CPC_MULHERES DE 25 A 45 ANOS; INTERESSES EM EMPREENDEDORISMO, PEQUENOS NEGÓCIOS E MEI; COMPORTAMENTO VOLTADO A ENGAJAMENTO COM PERFIS DE NEGÓCIOS E INFLUENCIADORES DE GESTÃO",2025_6_BR_STORIES_GABRIELA BAILAS STORIES_ACAO_SBRAE_2025_PSMN0292,Tráfego,Tocantins,15,"0,32",0,0,"2025-06-06-PSMN-15-0,32-0",50440,2.5,20176
2025-06-06,Sebrae Nacional - DEBRITO,1,facebook,sbrae_2025_psmn,psmn,"2025_6_BR_TRAF_CPC_MULHERES DE 25 A 45 ANOS; INTERESSES EM EMPREENDEDORISMO, PEQUENOS NEGÓCIOS E MEI; COMPORTAMENTO VOLTADO A ENGAJAMENTO COM PERFIS DE NEGÓCIOS E INFLUENCIADORES DE GESTÃO",2025_6_BR_STORIES_VIC CERIDONO STORIES_ACAO_SBRAE_2025_PSMN0291,Tráfego,Tocantins,361,"2,85",14,0,"2025-06-06-PSMN-361-2,85-14",50440,2.5,20176
2025-06-07,Sebrae Nacional - DEBRITO,1,facebook,sbrae_2025_psmn,psmn,"2025_6_BR_TRAF_CPC_MULHERES DE 25 A 45 ANOS; INTERESSES EM EMPREENDEDORISMO, PEQUENOS NEGÓCIOS E MEI; COMPORTAMENTO VOLTADO A ENGAJAMENTO COM PERFIS DE NEGÓCIOS E INFLUENCIADORES DE GESTÃO",2025_6_BR_REELS_GABRIELA BAILAS REELS_ACAO_SBRAE_2025_PSMN0289,Tráfego,Acre,1358,"5,4",13,0,"2025-06-07-PSMN-1358-5,4-13",50440,2.5,20176
2025-06-07,Sebrae Nacional - DEBRITO,1,facebook,sbrae_2025_psmn,psmn,"2025_6_BR_TRAF_CPC_MULHERES DE 25 A 45 ANOS; INTERESSES EM EMPREENDEDORISMO, PEQUENOS NEGÓCIOS E MEI; COMPORTAMENTO VOLTADO A ENGAJAMENTO COM PERFIS DE NEGÓCIOS E INFLUENCIADORES DE GESTÃO",2025_6_BR_REELS_VIC CERIDONO REELS_ACAO_SBRAE_2025_PSMN0290,Tráfego,Acre,1642,"11,06",25,0,"2025-06-07-PSMN-1642-11,06-25",50440,2.5,20176
2025-06-07,Sebrae Nacional - DEBRITO,1,facebook,sbrae_2025_psmn,psmn,"2025_6_BR_TRAF_CPC_MULHERES DE 25 A 45 ANOS; INTERESSES EM EMPREENDEDORISMO, PEQUENOS NEGÓCIOS E MEI; COMPORTAMENTO VOLTADO A ENGAJAMENTO COM PERFIS DE NEGÓCIOS E INFLUENCIADORES DE GESTÃO",2025_6_BR_STORIES_GABRIELA BAILAS STORIES_ACAO_SBRAE_2025_PSMN0292,Tráfego,Acre,379,"2,8",5,0,"2025-06-07-PSMN-379-2,8-5",50440,2.5,20176
2025-06-07,Sebrae Nacional - DEBRITO,1,facebook,sbrae_2025_psmn,psmn,"2025_6_BR_TRAF_CPC_MULHERES DE 25 A 45 ANOS; INTERESSES EM EMPREENDEDORISMO, PEQUENOS NEGÓCIOS E MEI; COMPORTAMENTO VOLTADO A ENGAJAMENTO COM PERFIS DE NEGÓCIOS E INFLUENCIADORES DE GESTÃO",2025_6_BR_STORIES_VIC CERIDONO STORIES_ACAO_SBRAE_2025_PSMN0291,Tráfego,Acre,913,"5,14",16,0,"2025-06-07-PSMN-913-5,14-16",50440,2.5,20176
2025-06-07,Sebrae Nacional - DEBRITO,1,facebook,sbrae_2025_psmn,psmn,"2025_6_BR_TRAF_CPC_MULHERES DE 25 A 45 ANOS; INTERESSES EM EMPREENDEDORISMO, PEQUENOS NEGÓCIOS E MEI; COMPORTAMENTO VOLTADO A ENGAJAMENTO COM PERFIS DE NEGÓCIOS E INFLUENCIADORES DE GESTÃO",2025_6_BR_REELS_GABRIELA BAILAS REELS_ACAO_SBRAE_2025_PSMN0289,Tráfego,Alagoas,8331,"33,73",72,0,"2025-06-07-PSMN-8331-33,73-72",50440,2.5,20176
2025-06-07,Sebrae Nacional - DEBRITO,1,facebook,sbrae_2025_psmn,psmn,"2025_6_BR_TRAF_CPC_MULHERES DE 25 A 45 ANOS; INTERESSES EM EMPREENDEDORISMO, PEQUENOS NEGÓCIOS E MEI; COMPORTAMENTO VOLTADO A ENGAJAMENTO COM PERFIS DE NEGÓCIOS E INFLUENCIADORES DE GESTÃO",2025_6_BR_REELS_VIC CERIDONO REELS_ACAO_SBRAE_2025_PSMN0290,Tráfego,Alagoas,8501,"51,72",143,0,"2025-06-07-PSMN-8501-51,72-143",50440,2.5,20176
2025-06-07,Sebrae Nacional - DEBRITO,1,facebook,sbrae_2025_psmn,psmn,"2025_6_BR_TRAF_CPC_MULHERES DE 25 A 45 ANOS; INTERESSES EM EMPREENDEDORISMO, PEQUENOS NEGÓCIOS E MEI; COMPORTAMENTO VOLTADO A ENGAJAMENTO COM PERFIS DE NEGÓCIOS E INFLUENCIADORES DE GESTÃO",2025_6_BR_STORIES_GABRIELA BAILAS STORIES_ACAO_SBRAE_2025_PSMN0292,Tráfego,Alagoas,2227,"21,97",109,0,"2025-06-07-PSMN-2227-21,97-109",50440,2.5,20176
2025-06-07,Sebrae Nacional - DEBRITO,1,facebook,sbrae_2025_psmn,psmn,"2025_6_BR_TRAF_CPC_MULHERES DE 25 A 45 ANOS; INTERESSES EM EMPREENDEDORISMO, PEQUENOS NEGÓCIOS E MEI; COMPORTAMENTO VOLTADO A ENGAJAMENTO COM PERFIS DE NEGÓCIOS E INFLUENCIADORES DE GESTÃO",2025_6_BR_STORIES_VIC CERIDONO STORIES_ACAO_SBRAE_2025_PSMN0291,Tráfego,Alagoas,3190,"23,98",83,0,"2025-06-07-PSMN-3190-23,98-83",50440,2.5,20176
2025-06-07,Sebrae Nacional - DEBRITO,1,facebook,sbrae_2025_psmn,psmn,"2025_6_BR_TRAF_CPC_MULHERES DE 25 A 45 ANOS; INTERESSES EM EMPREENDEDORISMO, PEQUENOS NEGÓCIOS E MEI; COMPORTAMENTO VOLTADO A ENGAJAMENTO COM PERFIS DE NEGÓCIOS E INFLUENCIADORES DE GESTÃO",2025_6_BR_REELS_GABRIELA BAILAS REELS_ACAO_SBRAE_2025_PSMN0289,Tráfego,Amapá,1278,"5,06",4,0,"2025-06-07-PSMN-1278-5,06-4",50440,2.5,20176
2025-06-07,Sebrae Nacional - DEBRITO,1,facebook,sbrae_2025_psmn,psmn,"2025_6_BR_TRAF_CPC_MULHERES DE 25 A 45 ANOS; INTERESSES EM EMPREENDEDORISMO, PEQUENOS NEGÓCIOS E MEI; COMPORTAMENTO VOLTADO A ENGAJAMENTO COM PERFIS DE NEGÓCIOS E INFLUENCIADORES DE GESTÃO",2025_6_BR_REELS_VIC CERIDONO REELS_ACAO_SBRAE_2025_PSMN0290,Tráfego,Amapá,1840,"10,94",19,0,"2025-06-07-PSMN-1840-10,94-19",50440,2.5,20176
2025-06-07,Sebrae Nacional - DEBRITO,1,facebook,sbrae_2025_psmn,psmn,"2025_6_BR_TRAF_CPC_MULHERES DE 25 A 45 ANOS; INTERESSES EM EMPREENDEDORISMO, PEQUENOS NEGÓCIOS E MEI; COMPORTAMENTO VOLTADO A ENGAJAMENTO COM PERFIS DE NEGÓCIOS E INFLUENCIADORES DE GESTÃO",2025_6_BR_STORIES_GABRIELA BAILAS STORIES_ACAO_SBRAE_2025_PSMN0292,Tráfego,Amapá,505,"3,06",5,0,"2025-06-07-PSMN-505-3,06-5",50440,2.5,20176
2025-06-07,Sebrae Nacional - DEBRITO,1,facebook,sbrae_2025_psmn,psmn,"2025_6_BR_TRAF_CPC_MULHERES DE 25 A 45 ANOS; INTERESSES EM EMPREENDEDORISMO, PEQUENOS NEGÓCIOS E MEI; COMPORTAMENTO VOLTADO A ENGAJAMENTO COM PERFIS DE NEGÓCIOS E INFLUENCIADORES DE GESTÃO",2025_6_BR_STORIES_VIC CERIDONO STORIES_ACAO_SBRAE_2025_PSMN0291,Tráfego,Amapá,1014,"5,44",24,0,"2025-06-07-PSMN-1014-5,44-24",50440,2.5,20176
2025-06-07,Sebrae Nacional - DEBRITO,1,facebook,sbrae_2025_psmn,psmn,"2025_6_BR_TRAF_CPC_MULHERES DE 25 A 45 ANOS; INTERESSES EM EMPREENDEDORISMO, PEQUENOS NEGÓCIOS E MEI; COMPORTAMENTO VOLTADO A ENGAJAMENTO COM PERFIS DE NEGÓCIOS E INFLUENCIADORES DE GESTÃO",2025_6_BR_REELS_GABRIELA BAILAS REELS_ACAO_SBRAE_2025_PSMN0289,Tráfego,Amazonas,4983,"20,98",28,0,"2025-06-07-PSMN-4983-20,98-28",50440,2.5,20176
2025-06-07,Sebrae Nacional - DEBRITO,1,facebook,sbrae_2025_psmn,psmn,"2025_6_BR_TRAF_CPC_MULHERES DE 25 A 45 ANOS; INTERESSES EM EMPREENDEDORISMO, PEQUENOS NEGÓCIOS E MEI; COMPORTAMENTO VOLTADO A ENGAJAMENTO COM PERFIS DE NEGÓCIOS E INFLUENCIADORES DE GESTÃO",2025_6_BR_REELS_VIC CERIDONO REELS_ACAO_SBRAE_2025_PSMN0290,Tráfego,Amazonas,7503,"53,48",121,0,"2025-06-07-PSMN-7503-53,48-121",50440,2.5,20176
2025-06-07,Sebrae Nacional - DEBRITO,1,facebook,sbrae_2025_psmn,psmn,"2025_6_BR_TRAF_CPC_MULHERES DE 25 A 45 ANOS; INTERESSES EM EMPREENDEDORISMO, PEQUENOS NEGÓCIOS E MEI; COMPORTAMENTO VOLTADO A ENGAJAMENTO COM PERFIS DE NEGÓCIOS E INFLUENCIADORES DE GESTÃO",2025_6_BR_STORIES_GABRIELA BAILAS STORIES_ACAO_SBRAE_2025_PSMN0292,Tráfego,Amazonas,2145,"16,41",61,0,"2025-06-07-PSMN-2145-16,41-61",50440,2.5,20176
2025-06-07,Sebrae Nacional - DEBRITO,1,facebook,sbrae_2025_psmn,psmn,"2025_6_BR_TRAF_CPC_MULHERES DE 25 A 45 ANOS; INTERESSES EM EMPREENDEDORISMO, PEQUENOS NEGÓCIOS E MEI; COMPORTAMENTO VOLTADO A ENGAJAMENTO COM PERFIS DE NEGÓCIOS E INFLUENCIADORES DE GESTÃO",2025_6_BR_STORIES_VIC CERIDONO STORIES_ACAO_SBRAE_2025_PSMN0291,Tráfego,Amazonas,4780,"29,59",96,0,"2025-06-07-PSMN-4780-29,59-96",50440,2.5,20176
2025-06-07,Sebrae Nacional - DEBRITO,1,facebook,sbrae_2025_psmn,psmn,"2025_6_BR_TRAF_CPC_MULHERES DE 25 A 45 ANOS; INTERESSES EM EMPREENDEDORISMO, PEQUENOS NEGÓCIOS E MEI; COMPORTAMENTO VOLTADO A ENGAJAMENTO COM PERFIS DE NEGÓCIOS E INFLUENCIADORES DE GESTÃO",2025_6_BR_REELS_GABRIELA BAILAS REELS_ACAO_SBRAE_2025_PSMN0289,Tráfego,Bahia,31603,"131,32",239,0,"2025-06-07-PSMN-31603-131,32-239",50440,2.5,20176
2025-06-07,Sebrae Nacional - DEBRITO,1,facebook,sbrae_2025_psmn,psmn,"2025_6_BR_TRAF_CPC_MULHERES DE 25 A 45 ANOS; INTERESSES EM EMPREENDEDORISMO, PEQUENOS NEGÓCIOS E MEI; COMPORTAMENTO VOLTADO A ENGAJAMENTO COM PERFIS DE NEGÓCIOS E INFLUENCIADORES DE GESTÃO",2025_6_BR_REELS_VIC CERIDONO REELS_ACAO_SBRAE_2025_PSMN0290,Tráfego,Bahia,34926,"219,95",484,0,"2025-06-07-PSMN-34926-219,95-484",50440,2.5,20176
2025-06-07,Sebrae Nacional - DEBRITO,1,facebook,sbrae_2025_psmn,psmn,"2025_6_BR_TRAF_CPC_MULHERES DE 25 A 45 ANOS; INTERESSES EM EMPREENDEDORISMO, PEQUENOS NEGÓCIOS E MEI; COMPORTAMENTO VOLTADO A ENGAJAMENTO COM PERFIS DE NEGÓCIOS E INFLUENCIADORES DE GESTÃO",2025_6_BR_STORIES_GABRIELA BAILAS STORIES_ACAO_SBRAE_2025_PSMN0292,Tráfego,Bahia,8182,"80,41",427,0,"2025-06-07-PSMN-8182-80,41-427",50440,2.5,20176
2025-06-07,Sebrae Nacional - DEBRITO,1,facebook,sbrae_2025_psmn,psmn,"2025_6_BR_TRAF_CPC_MULHERES DE 25 A 45 ANOS; INTERESSES EM EMPREENDEDORISMO, PEQUENOS NEGÓCIOS E MEI; COMPORTAMENTO VOLTADO A ENGAJAMENTO COM PERFIS DE NEGÓCIOS E INFLUENCIADORES DE GESTÃO",2025_6_BR_STORIES_VIC CERIDONO STORIES_ACAO_SBRAE_2025_PSMN0291,Tráfego,Bahia,14758,"111,36",427,0,"2025-06-07-PSMN-14758-111,36-427",50440,2.5,20176
2025-06-07,Sebrae Nacional - DEBRITO,1,facebook,sbrae_2025_psmn,psmn,"2025_6_BR_TRAF_CPC_MULHERES DE 25 A 45 ANOS; INTERESSES EM EMPREENDEDORISMO, PEQUENOS NEGÓCIOS E MEI; COMPORTAMENTO VOLTADO A ENGAJAMENTO COM PERFIS DE NEGÓCIOS E INFLUENCIADORES DE GESTÃO",2025_6_BR_REELS_GABRIELA BAILAS REELS_ACAO_SBRAE_2025_PSMN0289,Tráfego,Ceará,33504,"132,6",231,0,"2025-06-07-PSMN-33504-132,6-231",50440,2.5,20176
2025-06-07,Sebrae Nacional - DEBRITO,1,facebook,sbrae_2025_psmn,psmn,"2025_6_BR_TRAF_CPC_MULHERES DE 25 A 45 ANOS; INTERESSES EM EMPREENDEDORISMO, PEQUENOS NEGÓCIOS E MEI; COMPORTAMENTO VOLTADO A ENGAJAMENTO COM PERFIS DE NEGÓCIOS E INFLUENCIADORES DE GESTÃO",2025_6_BR_REELS_VIC CERIDONO REELS_ACAO_SBRAE_2025_PSMN0290,Tráfego,Ceará,38334,"241,85",561,0,"2025-06-07-PSMN-38334-241,85-561",50440,2.5,20176
2025-06-07,Sebrae Nacional - DEBRITO,1,facebook,sbrae_2025_psmn,psmn,"2025_6_BR_TRAF_CPC_MULHERES DE 25 A 45 ANOS; INTERESSES EM EMPREENDEDORISMO, PEQUENOS NEGÓCIOS E MEI; COMPORTAMENTO VOLTADO A ENGAJAMENTO COM PERFIS DE NEGÓCIOS E INFLUENCIADORES DE GESTÃO",2025_6_BR_STORIES_GABRIELA BAILAS STORIES_ACAO_SBRAE_2025_PSMN0292,Tráfego,Ceará,11279,"103,6",467,0,"2025-06-07-PSMN-11279-103,6-467",50440,2.5,20176
2025-06-07,Sebrae Nacional - DEBRITO,1,facebook,sbrae_2025_psmn,psmn,"2025_6_BR_TRAF_CPC_MULHERES DE 25 A 45 ANOS; INTERESSES EM EMPREENDEDORISMO, PEQUENOS NEGÓCIOS E MEI; COMPORTAMENTO VOLTADO A ENGAJAMENTO COM PERFIS DE NEGÓCIOS E INFLUENCIADORES DE GESTÃO",2025_6_BR_STORIES_VIC CERIDONO STORIES_ACAO_SBRAE_2025_PSMN0291,Tráfego,Ceará,13846,"101,82",390,0,"2025-06-07-PSMN-13846-101,82-390",50440,2.5,20176
2025-06-07,Sebrae Nacional - DEBRITO,1,facebook,sbrae_2025_psmn,psmn,"2025_6_BR_TRAF_CPC_MULHERES DE 25 A 45 ANOS; INTERESSES EM EMPREENDEDORISMO, PEQUENOS NEGÓCIOS E MEI; COMPORTAMENTO VOLTADO A ENGAJAMENTO COM PERFIS DE NEGÓCIOS E INFLUENCIADORES DE GESTÃO",2025_6_BR_REELS_GABRIELA BAILAS REELS_ACAO_SBRAE_2025_PSMN0289,Tráfego,Espírito Santo,2933,"13,63",34,0,"2025-06-07-PSMN-2933-13,63-34",50440,2.5,20176
2025-06-07,Sebrae Nacional - DEBRITO,1,facebook,sbrae_2025_psmn,psmn,"2025_6_BR_TRAF_CPC_MULHERES DE 25 A 45 ANOS; INTERESSES EM EMPREENDEDORISMO, PEQUENOS NEGÓCIOS E MEI; COMPORTAMENTO VOLTADO A ENGAJAMENTO COM PERFIS DE NEGÓCIOS E INFLUENCIADORES DE GESTÃO",2025_6_BR_REELS_VIC CERIDONO REELS_ACAO_SBRAE_2025_PSMN0290,Tráfego,Espírito Santo,4066,"31,33",77,0,"2025-06-07-PSMN-4066-31,33-77",50440,2.5,20176
2025-06-07,Sebrae Nacional - DEBRITO,1,facebook,sbrae_2025_psmn,psmn,"2025_6_BR_TRAF_CPC_MULHERES DE 25 A 45 ANOS; INTERESSES EM EMPREENDEDORISMO, PEQUENOS NEGÓCIOS E MEI; COMPORTAMENTO VOLTADO A ENGAJAMENTO COM PERFIS DE NEGÓCIOS E INFLUENCIADORES DE GESTÃO",2025_6_BR_STORIES_GABRIELA BAILAS STORIES_ACAO_SBRAE_2025_PSMN0292,Tráfego,Espírito Santo,1253,"13,66",73,0,"2025-06-07-PSMN-1253-13,66-73",50440,2.5,20176
2025-06-07,Sebrae Nacional - DEBRITO,1,facebook,sbrae_2025_psmn,psmn,"2025_6_BR_TRAF_CPC_MULHERES DE 25 A 45 ANOS; INTERESSES EM EMPREENDEDORISMO, PEQUENOS NEGÓCIOS E MEI; COMPORTAMENTO VOLTADO A ENGAJAMENTO COM PERFIS DE NEGÓCIOS E INFLUENCIADORES DE GESTÃO",2025_6_BR_STORIES_VIC CERIDONO STORIES_ACAO_SBRAE_2025_PSMN0291,Tráfego,Espírito Santo,2711,"23,84",85,0,"2025-06-07-PSMN-2711-23,84-85",50440,2.5,20176
2025-06-07,Sebrae Nacional - DEBRITO,1,facebook,sbrae_2025_psmn,psmn,"2025_6_BR_TRAF_CPC_MULHERES DE 25 A 45 ANOS; INTERESSES EM EMPREENDEDORISMO, PEQUENOS NEGÓCIOS E MEI; COMPORTAMENTO VOLTADO A ENGAJAMENTO COM PERFIS DE NEGÓCIOS E INFLUENCIADORES DE GESTÃO",2025_6_BR_REELS_GABRIELA BAILAS REELS_ACAO_SBRAE_2025_PSMN0289,Tráfego,Distrito Federal,1783,"10,78",18,0,"2025-06-07-PSMN-1783-10,78-18",50440,2.5,20176
2025-06-07,Sebrae Nacional - DEBRITO,1,facebook,sbrae_2025_psmn,psmn,"2025_6_BR_TRAF_CPC_MULHERES DE 25 A 45 ANOS; INTERESSES EM EMPREENDEDORISMO, PEQUENOS NEGÓCIOS E MEI; COMPORTAMENTO VOLTADO A ENGAJAMENTO COM PERFIS DE NEGÓCIOS E INFLUENCIADORES DE GESTÃO",2025_6_BR_REELS_VIC CERIDONO REELS_ACAO_SBRAE_2025_PSMN0290,Tráfego,Distrito Federal,2248,"19,02",40,0,"2025-06-07-PSMN-2248-19,02-40",50440,2.5,20176
2025-06-07,Sebrae Nacional - DEBRITO,1,facebook,sbrae_2025_psmn,psmn,"2025_6_BR_TRAF_CPC_MULHERES DE 25 A 45 ANOS; INTERESSES EM EMPREENDEDORISMO, PEQUENOS NEGÓCIOS E MEI; COMPORTAMENTO VOLTADO A ENGAJAMENTO COM PERFIS DE NEGÓCIOS E INFLUENCIADORES DE GESTÃO",2025_6_BR_STORIES_GABRIELA BAILAS STORIES_ACAO_SBRAE_2025_PSMN0292,Tráfego,Distrito Federal,524,"5,4",18,0,"2025-06-07-PSMN-524-5,4-18",50440,2.5,20176
2025-06-07,Sebrae Nacional - DEBRITO,1,facebook,sbrae_2025_psmn,psmn,"2025_6_BR_TRAF_CPC_MULHERES DE 25 A 45 ANOS; INTERESSES EM EMPREENDEDORISMO, PEQUENOS NEGÓCIOS E MEI; COMPORTAMENTO VOLTADO A ENGAJAMENTO COM PERFIS DE NEGÓCIOS E INFLUENCIADORES DE GESTÃO",2025_6_BR_STORIES_VIC CERIDONO STORIES_ACAO_SBRAE_2025_PSMN0291,Tráfego,Distrito Federal,1687,"14,82",56,0,"2025-06-07-PSMN-1687-14,82-56",50440,2.5,20176
2025-06-07,Sebrae Nacional - DEBRITO,1,facebook,sbrae_2025_psmn,psmn,"2025_6_BR_TRAF_CPC_MULHERES DE 25 A 45 ANOS; INTERESSES EM EMPREENDEDORISMO, PEQUENOS NEGÓCIOS E MEI; COMPORTAMENTO VOLTADO A ENGAJAMENTO COM PERFIS DE NEGÓCIOS E INFLUENCIADORES DE GESTÃO",2025_6_BR_REELS_GABRIELA BAILAS REELS_ACAO_SBRAE_2025_PSMN0289,Tráfego,Goiás,7102,"31,9",60,0,"2025-06-07-PSMN-7102-31,9-60",50440,2.5,20176
2025-06-07,Sebrae Nacional - DEBRITO,1,facebook,sbrae_2025_psmn,psmn,"2025_6_BR_TRAF_CPC_MULHERES DE 25 A 45 ANOS; INTERESSES EM EMPREENDEDORISMO, PEQUENOS NEGÓCIOS E MEI; COMPORTAMENTO VOLTADO A ENGAJAMENTO COM PERFIS DE NEGÓCIOS E INFLUENCIADORES DE GESTÃO",2025_6_BR_REELS_VIC CERIDONO REELS_ACAO_SBRAE_2025_PSMN0290,Tráfego,Goiás,8927,"63,67",157,0,"2025-06-07-PSMN-8927-63,67-157",50440,2.5,20176
2025-06-07,Sebrae Nacional - DEBRITO,1,facebook,sbrae_2025_psmn,psmn,"2025_6_BR_TRAF_CPC_MULHERES DE 25 A 45 ANOS; INTERESSES EM EMPREENDEDORISMO, PEQUENOS NEGÓCIOS E MEI; COMPORTAMENTO VOLTADO A ENGAJAMENTO COM PERFIS DE NEGÓCIOS E INFLUENCIADORES DE GESTÃO",2025_6_BR_STORIES_GABRIELA BAILAS STORIES_ACAO_SBRAE_2025_PSMN0292,Tráfego,Goiás,2252,"22,44",107,0,"2025-06-07-PSMN-2252-22,44-107",50440,2.5,20176
2025-06-07,Sebrae Nacional - DEBRITO,1,facebook,sbrae_2025_psmn,psmn,"2025_6_BR_TRAF_CPC_MULHERES DE 25 A 45 ANOS; INTERESSES EM EMPREENDEDORISMO, PEQUENOS NEGÓCIOS E MEI; COMPORTAMENTO VOLTADO A ENGAJAMENTO COM PERFIS DE NEGÓCIOS E INFLUENCIADORES DE GESTÃO",2025_6_BR_STORIES_VIC CERIDONO STORIES_ACAO_SBRAE_2025_PSMN0291,Tráfego,Goiás,5646,"40,76",137,0,"2025-06-07-PSMN-5646-40,76-137",50440,2.5,20176
2025-06-07,Sebrae Nacional - DEBRITO,1,facebook,sbrae_2025_psmn,psmn,"2025_6_BR_TRAF_CPC_MULHERES DE 25 A 45 ANOS; INTERESSES EM EMPREENDEDORISMO, PEQUENOS NEGÓCIOS E MEI; COMPORTAMENTO VOLTADO A ENGAJAMENTO COM PERFIS DE NEGÓCIOS E INFLUENCIADORES DE GESTÃO",2025_6_BR_REELS_GABRIELA BAILAS REELS_ACAO_SBRAE_2025_PSMN0289,Tráfego,Maranhão,13643,"53,72",106,0,"2025-06-07-PSMN-13643-53,72-106",50440,2.5,20176
2025-06-07,Sebrae Nacional - DEBRITO,1,facebook,sbrae_2025_psmn,psmn,"2025_6_BR_TRAF_CPC_MULHERES DE 25 A 45 ANOS; INTERESSES EM EMPREENDEDORISMO, PEQUENOS NEGÓCIOS E MEI; COMPORTAMENTO VOLTADO A ENGAJAMENTO COM PERFIS DE NEGÓCIOS E INFLUENCIADORES DE GESTÃO",2025_6_BR_REELS_VIC CERIDONO REELS_ACAO_SBRAE_2025_PSMN0290,Tráfego,Maranhão,14125,"78,95",185,0,"2025-06-07-PSMN-14125-78,95-185",50440,2.5,20176
2025-06-07,Sebrae Nacional - DEBRITO,1,facebook,sbrae_2025_psmn,psmn,"2025_6_BR_TRAF_CPC_MULHERES DE 25 A 45 ANOS; INTERESSES EM EMPREENDEDORISMO, PEQUENOS NEGÓCIOS E MEI; COMPORTAMENTO VOLTADO A ENGAJAMENTO COM PERFIS DE NEGÓCIOS E INFLUENCIADORES DE GESTÃO",2025_6_BR_STORIES_GABRIELA BAILAS STORIES_ACAO_SBRAE_2025_PSMN0292,Tráfego,Maranhão,3297,"33,23",141,0,"2025-06-07-PSMN-3297-33,23-141",50440,2.5,20176
2025-06-07,Sebrae Nacional - DEBRITO,1,facebook,sbrae_2025_psmn,psmn,"2025_6_BR_TRAF_CPC_MULHERES DE 25 A 45 ANOS; INTERESSES EM EMPREENDEDORISMO, PEQUENOS NEGÓCIOS E MEI; COMPORTAMENTO VOLTADO A ENGAJAMENTO COM PERFIS DE NEGÓCIOS E INFLUENCIADORES DE GESTÃO",2025_6_BR_STORIES_VIC CERIDONO STORIES_ACAO_SBRAE_2025_PSMN0291,Tráfego,Maranhão,6223,"45,03",188,0,"2025-06-07-PSMN-6223-45,03-188",50440,2.5,20176
2025-06-07,Sebrae Nacional - DEBRITO,1,facebook,sbrae_2025_psmn,psmn,"2025_6_BR_TRAF_CPC_MULHERES DE 25 A 45 ANOS; INTERESSES EM EMPREENDEDORISMO, PEQUENOS NEGÓCIOS E MEI; COMPORTAMENTO VOLTADO A ENGAJAMENTO COM PERFIS DE NEGÓCIOS E INFLUENCIADORES DE GESTÃO",2025_6_BR_REELS_GABRIELA BAILAS REELS_ACAO_SBRAE_2025_PSMN0289,Tráfego,Mato Grosso,2784,"12,61",21,0,"2025-06-07-PSMN-2784-12,61-21",50440,2.5,20176
2025-06-07,Sebrae Nacional - DEBRITO,1,facebook,sbrae_2025_psmn,psmn,"2025_6_BR_TRAF_CPC_MULHERES DE 25 A 45 ANOS; INTERESSES EM EMPREENDEDORISMO, PEQUENOS NEGÓCIOS E MEI; COMPORTAMENTO VOLTADO A ENGAJAMENTO COM PERFIS DE NEGÓCIOS E INFLUENCIADORES DE GESTÃO",2025_6_BR_REELS_VIC CERIDONO REELS_ACAO_SBRAE_2025_PSMN0290,Tráfego,Mato Grosso,3771,"26,37",59,0,"2025-06-07-PSMN-3771-26,37-59",50440,2.5,20176
2025-06-07,Sebrae Nacional - DEBRITO,1,facebook,sbrae_2025_psmn,psmn,"2025_6_BR_TRAF_CPC_MULHERES DE 25 A 45 ANOS; INTERESSES EM EMPREENDEDORISMO, PEQUENOS NEGÓCIOS E MEI; COMPORTAMENTO VOLTADO A ENGAJAMENTO COM PERFIS DE NEGÓCIOS E INFLUENCIADORES DE GESTÃO",2025_6_BR_STORIES_GABRIELA BAILAS STORIES_ACAO_SBRAE_2025_PSMN0292,Tráfego,Mato Grosso,1146,"9,53",48,0,"2025-06-07-PSMN-1146-9,53-48",50440,2.5,20176
2025-06-07,Sebrae Nacional - DEBRITO,1,facebook,sbrae_2025_psmn,psmn,"2025_6_BR_TRAF_CPC_MULHERES DE 25 A 45 ANOS; INTERESSES EM EMPREENDEDORISMO, PEQUENOS NEGÓCIOS E MEI; COMPORTAMENTO VOLTADO A ENGAJAMENTO COM PERFIS DE NEGÓCIOS E INFLUENCIADORES DE GESTÃO",2025_6_BR_STORIES_VIC CERIDONO STORIES_ACAO_SBRAE_2025_PSMN0291,Tráfego,Mato Grosso,2688,"18,22",53,0,"2025-06-07-PSMN-2688-18,22-53",50440,2.5,20176
2025-06-07,Sebrae Nacional - DEBRITO,1,facebook,sbrae_2025_psmn,psmn,"2025_6_BR_TRAF_CPC_MULHERES DE 25 A 45 ANOS; INTERESSES EM EMPREENDEDORISMO, PEQUENOS NEGÓCIOS E MEI; COMPORTAMENTO VOLTADO A ENGAJAMENTO COM PERFIS DE NEGÓCIOS E INFLUENCIADORES DE GESTÃO",2025_6_BR_REELS_GABRIELA BAILAS REELS_ACAO_SBRAE_2025_PSMN0289,Tráfego,Mato Grosso do Sul,2228,"10,14",14,0,"2025-06-07-PSMN-2228-10,14-14",50440,2.5,20176
2025-06-07,Sebrae Nacional - DEBRITO,1,facebook,sbrae_2025_psmn,psmn,"2025_6_BR_TRAF_CPC_MULHERES DE 25 A 45 ANOS; INTERESSES EM EMPREENDEDORISMO, PEQUENOS NEGÓCIOS E MEI; COMPORTAMENTO VOLTADO A ENGAJAMENTO COM PERFIS DE NEGÓCIOS E INFLUENCIADORES DE GESTÃO",2025_6_BR_REELS_VIC CERIDONO REELS_ACAO_SBRAE_2025_PSMN0290,Tráfego,Mato Grosso do Sul,4047,"27,56",64,0,"2025-06-07-PSMN-4047-27,56-64",50440,2.5,20176
2025-06-07,Sebrae Nacional - DEBRITO,1,facebook,sbrae_2025_psmn,psmn,"2025_6_BR_TRAF_CPC_MULHERES DE 25 A 45 ANOS; INTERESSES EM EMPREENDEDORISMO, PEQUENOS NEGÓCIOS E MEI; COMPORTAMENTO VOLTADO A ENGAJAMENTO COM PERFIS DE NEGÓCIOS E INFLUENCIADORES DE GESTÃO",2025_6_BR_STORIES_GABRIELA BAILAS STORIES_ACAO_SBRAE_2025_PSMN0292,Tráfego,Mato Grosso do Sul,1248,"10,37",37,0,"2025-06-07-PSMN-1248-10,37-37",50440,2.5,20176
2025-06-07,Sebrae Nacional - DEBRITO,1,facebook,sbrae_2025_psmn,psmn,"2025_6_BR_TRAF_CPC_MULHERES DE 25 A 45 ANOS; INTERESSES EM EMPREENDEDORISMO, PEQUENOS NEGÓCIOS E MEI; COMPORTAMENTO VOLTADO A ENGAJAMENTO COM PERFIS DE NEGÓCIOS E INFLUENCIADORES DE GESTÃO",2025_6_BR_STORIES_VIC CERIDONO STORIES_ACAO_SBRAE_2025_PSMN0291,Tráfego,Mato Grosso do Sul,2756,"17,97",72,0,"2025-06-07-PSMN-2756-17,97-72",50440,2.5,20176
2025-06-07,Sebrae Nacional - DEBRITO,1,facebook,sbrae_2025_psmn,psmn,"2025_6_BR_TRAF_CPC_MULHERES DE 25 A 45 ANOS; INTERESSES EM EMPREENDEDORISMO, PEQUENOS NEGÓCIOS E MEI; COMPORTAMENTO VOLTADO A ENGAJAMENTO COM PERFIS DE NEGÓCIOS E INFLUENCIADORES DE GESTÃO",2025_6_BR_REELS_GABRIELA BAILAS REELS_ACAO_SBRAE_2025_PSMN0289,Tráfego,Minas Gerais,14656,"66,07",132,0,"2025-06-07-PSMN-14656-66,07-132",50440,2.5,20176
2025-06-07,Sebrae Nacional - DEBRITO,1,facebook,sbrae_2025_psmn,psmn,"2025_6_BR_TRAF_CPC_MULHERES DE 25 A 45 ANOS; INTERESSES EM EMPREENDEDORISMO, PEQUENOS NEGÓCIOS E MEI; COMPORTAMENTO VOLTADO A ENGAJAMENTO COM PERFIS DE NEGÓCIOS E INFLUENCIADORES DE GESTÃO",2025_6_BR_REELS_VIC CERIDONO REELS_ACAO_SBRAE_2025_PSMN0290,Tráfego,Minas Gerais,21501,"155,91",385,0,"2025-06-07-PSMN-21501-155,91-385",50440,2.5,20176
2025-06-07,Sebrae Nacional - DEBRITO,1,facebook,sbrae_2025_psmn,psmn,"2025_6_BR_TRAF_CPC_MULHERES DE 25 A 45 ANOS; INTERESSES EM EMPREENDEDORISMO, PEQUENOS NEGÓCIOS E MEI; COMPORTAMENTO VOLTADO A ENGAJAMENTO COM PERFIS DE NEGÓCIOS E INFLUENCIADORES DE GESTÃO",2025_6_BR_STORIES_GABRIELA BAILAS STORIES_ACAO_SBRAE_2025_PSMN0292,Tráfego,Minas Gerais,6248,"62,13",291,0,"2025-06-07-PSMN-6248-62,13-291",50440,2.5,20176
2025-06-07,Sebrae Nacional - DEBRITO,1,facebook,sbrae_2025_psmn,psmn,"2025_6_BR_TRAF_CPC_MULHERES DE 25 A 45 ANOS; INTERESSES EM EMPREENDEDORISMO, PEQUENOS NEGÓCIOS E MEI; COMPORTAMENTO VOLTADO A ENGAJAMENTO COM PERFIS DE NEGÓCIOS E INFLUENCIADORES DE GESTÃO",2025_6_BR_STORIES_VIC CERIDONO STORIES_ACAO_SBRAE_2025_PSMN0291,Tráfego,Minas Gerais,13078,"99,55",391,0,"2025-06-07-PSMN-13078-99,55-391",50440,2.5,20176
2025-06-07,Sebrae Nacional - DEBRITO,1,facebook,sbrae_2025_psmn,psmn,"2025_6_BR_TRAF_CPC_MULHERES DE 25 A 45 ANOS; INTERESSES EM EMPREENDEDORISMO, PEQUENOS NEGÓCIOS E MEI; COMPORTAMENTO VOLTADO A ENGAJAMENTO COM PERFIS DE NEGÓCIOS E INFLUENCIADORES DE GESTÃO",2025_6_BR_REELS_GABRIELA BAILAS REELS_ACAO_SBRAE_2025_PSMN0289,Tráfego,Paraná,3750,"18,93",38,0,"2025-06-07-PSMN-3750-18,93-38",50440,2.5,20176
2025-06-07,Sebrae Nacional - DEBRITO,1,facebook,sbrae_2025_psmn,psmn,"2025_6_BR_TRAF_CPC_MULHERES DE 25 A 45 ANOS; INTERESSES EM EMPREENDEDORISMO, PEQUENOS NEGÓCIOS E MEI; COMPORTAMENTO VOLTADO A ENGAJAMENTO COM PERFIS DE NEGÓCIOS E INFLUENCIADORES DE GESTÃO",2025_6_BR_REELS_VIC CERIDONO REELS_ACAO_SBRAE_2025_PSMN0290,Tráfego,Paraná,7928,"65,09",174,0,"2025-06-07-PSMN-7928-65,09-174",50440,2.5,20176
2025-06-07,Sebrae Nacional - DEBRITO,1,facebook,sbrae_2025_psmn,psmn,"2025_6_BR_TRAF_CPC_MULHERES DE 25 A 45 ANOS; INTERESSES EM EMPREENDEDORISMO, PEQUENOS NEGÓCIOS E MEI; COMPORTAMENTO VOLTADO A ENGAJAMENTO COM PERFIS DE NEGÓCIOS E INFLUENCIADORES DE GESTÃO",2025_6_BR_STORIES_GABRIELA BAILAS STORIES_ACAO_SBRAE_2025_PSMN0292,Tráfego,Paraná,3065,"30,52",153,0,"2025-06-07-PSMN-3065-30,52-153",50440,2.5,20176
2025-06-07,Sebrae Nacional - DEBRITO,1,facebook,sbrae_2025_psmn,psmn,"2025_6_BR_TRAF_CPC_MULHERES DE 25 A 45 ANOS; INTERESSES EM EMPREENDEDORISMO, PEQUENOS NEGÓCIOS E MEI; COMPORTAMENTO VOLTADO A ENGAJAMENTO COM PERFIS DE NEGÓCIOS E INFLUENCIADORES DE GESTÃO",2025_6_BR_STORIES_VIC CERIDONO STORIES_ACAO_SBRAE_2025_PSMN0291,Tráfego,Paraná,5983,"42,42",149,0,"2025-06-07-PSMN-5983-42,42-149",50440,2.5,20176
2025-06-07,Sebrae Nacional - DEBRITO,1,facebook,sbrae_2025_psmn,psmn,"2025_6_BR_TRAF_CPC_MULHERES DE 25 A 45 ANOS; INTERESSES EM EMPREENDEDORISMO, PEQUENOS NEGÓCIOS E MEI; COMPORTAMENTO VOLTADO A ENGAJAMENTO COM PERFIS DE NEGÓCIOS E INFLUENCIADORES DE GESTÃO",2025_6_BR_REELS_GABRIELA BAILAS REELS_ACAO_SBRAE_2025_PSMN0289,Tráfego,Paraíba,14279,"59,98",104,0,"2025-06-07-PSMN-14279-59,98-104",50440,2.5,20176
2025-06-07,Sebrae Nacional - DEBRITO,1,facebook,sbrae_2025_psmn,psmn,"2025_6_BR_TRAF_CPC_MULHERES DE 25 A 45 ANOS; INTERESSES EM EMPREENDEDORISMO, PEQUENOS NEGÓCIOS E MEI; COMPORTAMENTO VOLTADO A ENGAJAMENTO COM PERFIS DE NEGÓCIOS E INFLUENCIADORES DE GESTÃO",2025_6_BR_REELS_VIC CERIDONO REELS_ACAO_SBRAE_2025_PSMN0290,Tráfego,Paraíba,17345,"114,46",259,0,"2025-06-07-PSMN-17345-114,46-259",50440,2.5,20176
2025-06-07,Sebrae Nacional - DEBRITO,1,facebook,sbrae_2025_psmn,psmn,"2025_6_BR_TRAF_CPC_MULHERES DE 25 A 45 ANOS; INTERESSES EM EMPREENDEDORISMO, PEQUENOS NEGÓCIOS E MEI; COMPORTAMENTO VOLTADO A ENGAJAMENTO COM PERFIS DE NEGÓCIOS E INFLUENCIADORES DE GESTÃO",2025_6_BR_STORIES_GABRIELA BAILAS STORIES_ACAO_SBRAE_2025_PSMN0292,Tráfego,Paraíba,5292,"51,64",216,0,"2025-06-07-PSMN-5292-51,64-216",50440,2.5,20176
2025-06-07,Sebrae Nacional - DEBRITO,1,facebook,sbrae_2025_psmn,psmn,"2025_6_BR_TRAF_CPC_MULHERES DE 25 A 45 ANOS; INTERESSES EM EMPREENDEDORISMO, PEQUENOS NEGÓCIOS E MEI; COMPORTAMENTO VOLTADO A ENGAJAMENTO COM PERFIS DE NEGÓCIOS E INFLUENCIADORES DE GESTÃO",2025_6_BR_STORIES_VIC CERIDONO STORIES_ACAO_SBRAE_2025_PSMN0291,Tráfego,Paraíba,6387,"46,39",143,0,"2025-06-07-PSMN-6387-46,39-143",50440,2.5,20176
2025-06-07,Sebrae Nacional - DEBRITO,1,facebook,sbrae_2025_psmn,psmn,"2025_6_BR_TRAF_CPC_MULHERES DE 25 A 45 ANOS; INTERESSES EM EMPREENDEDORISMO, PEQUENOS NEGÓCIOS E MEI; COMPORTAMENTO VOLTADO A ENGAJAMENTO COM PERFIS DE NEGÓCIOS E INFLUENCIADORES DE GESTÃO",2025_6_BR_REELS_GABRIELA BAILAS REELS_ACAO_SBRAE_2025_PSMN0289,Tráfego,Pará,11672,"45,77",94,0,"2025-06-07-PSMN-11672-45,77-94",50440,2.5,20176
2025-06-07,Sebrae Nacional - DEBRITO,1,facebook,sbrae_2025_psmn,psmn,"2025_6_BR_TRAF_CPC_MULHERES DE 25 A 45 ANOS; INTERESSES EM EMPREENDEDORISMO, PEQUENOS NEGÓCIOS E MEI; COMPORTAMENTO VOLTADO A ENGAJAMENTO COM PERFIS DE NEGÓCIOS E INFLUENCIADORES DE GESTÃO",2025_6_BR_REELS_VIC CERIDONO REELS_ACAO_SBRAE_2025_PSMN0290,Tráfego,Pará,15807,"97,88",223,0,"2025-06-07-PSMN-15807-97,88-223",50440,2.5,20176
2025-06-07,Sebrae Nacional - DEBRITO,1,facebook,sbrae_2025_psmn,psmn,"2025_6_BR_TRAF_CPC_MULHERES DE 25 A 45 ANOS; INTERESSES EM EMPREENDEDORISMO, PEQUENOS NEGÓCIOS E MEI; COMPORTAMENTO VOLTADO A ENGAJAMENTO COM PERFIS DE NEGÓCIOS E INFLUENCIADORES DE GESTÃO",2025_6_BR_STORIES_GABRIELA BAILAS STORIES_ACAO_SBRAE_2025_PSMN0292,Tráfego,Pará,4610,"36,77",148,0,"2025-06-07-PSMN-4610-36,77-148",50440,2.5,20176
2025-06-07,Sebrae Nacional - DEBRITO,1,facebook,sbrae_2025_psmn,psmn,"2025_6_BR_TRAF_CPC_MULHERES DE 25 A 45 ANOS; INTERESSES EM EMPREENDEDORISMO, PEQUENOS NEGÓCIOS E MEI; COMPORTAMENTO VOLTADO A ENGAJAMENTO COM PERFIS DE NEGÓCIOS E INFLUENCIADORES DE GESTÃO",2025_6_BR_STORIES_VIC CERIDONO STORIES_ACAO_SBRAE_2025_PSMN0291,Tráfego,Pará,9102,"58,05",195,0,"2025-06-07-PSMN-9102-58,05-195",50440,2.5,20176
2025-06-07,Sebrae Nacional - DEBRITO,1,facebook,sbrae_2025_psmn,psmn,"2025_6_BR_TRAF_CPC_MULHERES DE 25 A 45 ANOS; INTERESSES EM EMPREENDEDORISMO, PEQUENOS NEGÓCIOS E MEI; COMPORTAMENTO VOLTADO A ENGAJAMENTO COM PERFIS DE NEGÓCIOS E INFLUENCIADORES DE GESTÃO",2025_6_BR_REELS_GABRIELA BAILAS REELS_ACAO_SBRAE_2025_PSMN0289,Tráfego,Pernambuco,27119,"114,22",216,0,"2025-06-07-PSMN-27119-114,22-216",50440,2.5,20176
2025-06-07,Sebrae Nacional - DEBRITO,1,facebook,sbrae_2025_psmn,psmn,"2025_6_BR_TRAF_CPC_MULHERES DE 25 A 45 ANOS; INTERESSES EM EMPREENDEDORISMO, PEQUENOS NEGÓCIOS E MEI; COMPORTAMENTO VOLTADO A ENGAJAMENTO COM PERFIS DE NEGÓCIOS E INFLUENCIADORES DE GESTÃO",2025_6_BR_REELS_VIC CERIDONO REELS_ACAO_SBRAE_2025_PSMN0290,Tráfego,Pernambuco,30784,"194,99",481,0,"2025-06-07-PSMN-30784-194,99-481",50440,2.5,20176
2025-06-07,Sebrae Nacional - DEBRITO,1,facebook,sbrae_2025_psmn,psmn,"2025_6_BR_TRAF_CPC_MULHERES DE 25 A 45 ANOS; INTERESSES EM EMPREENDEDORISMO, PEQUENOS NEGÓCIOS E MEI; COMPORTAMENTO VOLTADO A ENGAJAMENTO COM PERFIS DE NEGÓCIOS E INFLUENCIADORES DE GESTÃO",2025_6_BR_STORIES_GABRIELA BAILAS STORIES_ACAO_SBRAE_2025_PSMN0292,Tráfego,Pernambuco,8322,"81,12",409,0,"2025-06-07-PSMN-8322-81,12-409",50440,2.5,20176
2025-06-07,Sebrae Nacional - DEBRITO,1,facebook,sbrae_2025_psmn,psmn,"2025_6_BR_TRAF_CPC_MULHERES DE 25 A 45 ANOS; INTERESSES EM EMPREENDEDORISMO, PEQUENOS NEGÓCIOS E MEI; COMPORTAMENTO VOLTADO A ENGAJAMENTO COM PERFIS DE NEGÓCIOS E INFLUENCIADORES DE GESTÃO",2025_6_BR_STORIES_VIC CERIDONO STORIES_ACAO_SBRAE_2025_PSMN0291,Tráfego,Pernambuco,11805,"91,1",326,0,"2025-06-07-PSMN-11805-91,1-326",50440,2.5,20176
2025-06-07,Sebrae Nacional - DEBRITO,1,facebook,sbrae_2025_psmn,psmn,"2025_6_BR_TRAF_CPC_MULHERES DE 25 A 45 ANOS; INTERESSES EM EMPREENDEDORISMO, PEQUENOS NEGÓCIOS E MEI; COMPORTAMENTO VOLTADO A ENGAJAMENTO COM PERFIS DE NEGÓCIOS E INFLUENCIADORES DE GESTÃO",2025_6_BR_REELS_GABRIELA BAILAS REELS_ACAO_SBRAE_2025_PSMN0289,Tráfego,Piauí,8502,"31,46",70,0,"2025-06-07-PSMN-8502-31,46-70",50440,2.5,20176
2025-06-07,Sebrae Nacional - DEBRITO,1,facebook,sbrae_2025_psmn,psmn,"2025_6_BR_TRAF_CPC_MULHERES DE 25 A 45 ANOS; INTERESSES EM EMPREENDEDORISMO, PEQUENOS NEGÓCIOS E MEI; COMPORTAMENTO VOLTADO A ENGAJAMENTO COM PERFIS DE NEGÓCIOS E INFLUENCIADORES DE GESTÃO",2025_6_BR_REELS_VIC CERIDONO REELS_ACAO_SBRAE_2025_PSMN0290,Tráfego,Piauí,9664,"55,47",122,0,"2025-06-07-PSMN-9664-55,47-122",50440,2.5,20176
2025-06-07,Sebrae Nacional - DEBRITO,1,facebook,sbrae_2025_psmn,psmn,"2025_6_BR_TRAF_CPC_MULHERES DE 25 A 45 ANOS; INTERESSES EM EMPREENDEDORISMO, PEQUENOS NEGÓCIOS E MEI; COMPORTAMENTO VOLTADO A ENGAJAMENTO COM PERFIS DE NEGÓCIOS E INFLUENCIADORES DE GESTÃO",2025_6_BR_STORIES_GABRIELA BAILAS STORIES_ACAO_SBRAE_2025_PSMN0292,Tráfego,Piauí,3081,"29,37",154,0,"2025-06-07-PSMN-3081-29,37-154",50440,2.5,20176
2025-06-07,Sebrae Nacional - DEBRITO,1,facebook,sbrae_2025_psmn,psmn,"2025_6_BR_TRAF_CPC_MULHERES DE 25 A 45 ANOS; INTERESSES EM EMPREENDEDORISMO, PEQUENOS NEGÓCIOS E MEI; COMPORTAMENTO VOLTADO A ENGAJAMENTO COM PERFIS DE NEGÓCIOS E INFLUENCIADORES DE GESTÃO",2025_6_BR_STORIES_VIC CERIDONO STORIES_ACAO_SBRAE_2025_PSMN0291,Tráfego,Piauí,4222,"30,6",116,0,"2025-06-07-PSMN-4222-30,6-116",50440,2.5,20176
2025-06-07,Sebrae Nacional - DEBRITO,1,facebook,sbrae_2025_psmn,psmn,"2025_6_BR_TRAF_CPC_MULHERES DE 25 A 45 ANOS; INTERESSES EM EMPREENDEDORISMO, PEQUENOS NEGÓCIOS E MEI; COMPORTAMENTO VOLTADO A ENGAJAMENTO COM PERFIS DE NEGÓCIOS E INFLUENCIADORES DE GESTÃO",2025_6_BR_REELS_GABRIELA BAILAS REELS_ACAO_SBRAE_2025_PSMN0289,Tráfego,Rio Grande do Norte,12828,"50,88",97,0,"2025-06-07-PSMN-12828-50,88-97",50440,2.5,20176
2025-06-07,Sebrae Nacional - DEBRITO,1,facebook,sbrae_2025_psmn,psmn,"2025_6_BR_TRAF_CPC_MULHERES DE 25 A 45 ANOS; INTERESSES EM EMPREENDEDORISMO, PEQUENOS NEGÓCIOS E MEI; COMPORTAMENTO VOLTADO A ENGAJAMENTO COM PERFIS DE NEGÓCIOS E INFLUENCIADORES DE GESTÃO",2025_6_BR_REELS_VIC CERIDONO REELS_ACAO_SBRAE_2025_PSMN0290,Tráfego,Rio Grande do Norte,14969,"101,69",260,0,"2025-06-07-PSMN-14969-101,69-260",50440,2.5,20176
2025-06-07,Sebrae Nacional - DEBRITO,1,facebook,sbrae_2025_psmn,psmn,"2025_6_BR_TRAF_CPC_MULHERES DE 25 A 45 ANOS; INTERESSES EM EMPREENDEDORISMO, PEQUENOS NEGÓCIOS E MEI; COMPORTAMENTO VOLTADO A ENGAJAMENTO COM PERFIS DE NEGÓCIOS E INFLUENCIADORES DE GESTÃO",2025_6_BR_STORIES_GABRIELA BAILAS STORIES_ACAO_SBRAE_2025_PSMN0292,Tráfego,Rio Grande do Norte,4251,"41,93",217,0,"2025-06-07-PSMN-4251-41,93-217",50440,2.5,20176
2025-06-07,Sebrae Nacional - DEBRITO,1,facebook,sbrae_2025_psmn,psmn,"2025_6_BR_TRAF_CPC_MULHERES DE 25 A 45 ANOS; INTERESSES EM EMPREENDEDORISMO, PEQUENOS NEGÓCIOS E MEI; COMPORTAMENTO VOLTADO A ENGAJAMENTO COM PERFIS DE NEGÓCIOS E INFLUENCIADORES DE GESTÃO",2025_6_BR_STORIES_VIC CERIDONO STORIES_ACAO_SBRAE_2025_PSMN0291,Tráfego,Rio Grande do Norte,5569,"43,14",155,0,"2025-06-07-PSMN-5569-43,14-155",50440,2.5,20176
2025-06-07,Sebrae Nacional - DEBRITO,1,facebook,sbrae_2025_psmn,psmn,"2025_6_BR_TRAF_CPC_MULHERES DE 25 A 45 ANOS; INTERESSES EM EMPREENDEDORISMO, PEQUENOS NEGÓCIOS E MEI; COMPORTAMENTO VOLTADO A ENGAJAMENTO COM PERFIS DE NEGÓCIOS E INFLUENCIADORES DE GESTÃO",2025_6_BR_REELS_GABRIELA BAILAS REELS_ACAO_SBRAE_2025_PSMN0289,Tráfego,Rio Grande do Sul,6560,"30,61",57,0,"2025-06-07-PSMN-6560-30,61-57",50440,2.5,20176
2025-06-07,Sebrae Nacional - DEBRITO,1,facebook,sbrae_2025_psmn,psmn,"2025_6_BR_TRAF_CPC_MULHERES DE 25 A 45 ANOS; INTERESSES EM EMPREENDEDORISMO, PEQUENOS NEGÓCIOS E MEI; COMPORTAMENTO VOLTADO A ENGAJAMENTO COM PERFIS DE NEGÓCIOS E INFLUENCIADORES DE GESTÃO",2025_6_BR_REELS_VIC CERIDONO REELS_ACAO_SBRAE_2025_PSMN0290,Tráfego,Rio Grande do Sul,14881,"117,13",280,0,"2025-06-07-PSMN-14881-117,13-280",50440,2.5,20176
2025-06-07,Sebrae Nacional - DEBRITO,1,facebook,sbrae_2025_psmn,psmn,"2025_6_BR_TRAF_CPC_MULHERES DE 25 A 45 ANOS; INTERESSES EM EMPREENDEDORISMO, PEQUENOS NEGÓCIOS E MEI; COMPORTAMENTO VOLTADO A ENGAJAMENTO COM PERFIS DE NEGÓCIOS E INFLUENCIADORES DE GESTÃO",2025_6_BR_STORIES_GABRIELA BAILAS STORIES_ACAO_SBRAE_2025_PSMN0292,Tráfego,Rio Grande do Sul,4990,"46,57",225,0,"2025-06-07-PSMN-4990-46,57-225",50440,2.5,20176
2025-06-07,Sebrae Nacional - DEBRITO,1,facebook,sbrae_2025_psmn,psmn,"2025_6_BR_TRAF_CPC_MULHERES DE 25 A 45 ANOS; INTERESSES EM EMPREENDEDORISMO, PEQUENOS NEGÓCIOS E MEI; COMPORTAMENTO VOLTADO A ENGAJAMENTO COM PERFIS DE NEGÓCIOS E INFLUENCIADORES DE GESTÃO",2025_6_BR_STORIES_VIC CERIDONO STORIES_ACAO_SBRAE_2025_PSMN0291,Tráfego,Rio Grande do Sul,8071,"60,22",189,0,"2025-06-07-PSMN-8071-60,22-189",50440,2.5,20176
2025-06-07,Sebrae Nacional - DEBRITO,1,facebook,sbrae_2025_psmn,psmn,"2025_6_BR_TRAF_CPC_MULHERES DE 25 A 45 ANOS; INTERESSES EM EMPREENDEDORISMO, PEQUENOS NEGÓCIOS E MEI; COMPORTAMENTO VOLTADO A ENGAJAMENTO COM PERFIS DE NEGÓCIOS E INFLUENCIADORES DE GESTÃO",2025_6_BR_REELS_GABRIELA BAILAS REELS_ACAO_SBRAE_2025_PSMN0289,Tráfego,Rio de Janeiro,14580,"72,42",138,0,"2025-06-07-PSMN-14580-72,42-138",50440,2.5,20176
2025-06-07,Sebrae Nacional - DEBRITO,1,facebook,sbrae_2025_psmn,psmn,"2025_6_BR_TRAF_CPC_MULHERES DE 25 A 45 ANOS; INTERESSES EM EMPREENDEDORISMO, PEQUENOS NEGÓCIOS E MEI; COMPORTAMENTO VOLTADO A ENGAJAMENTO COM PERFIS DE NEGÓCIOS E INFLUENCIADORES DE GESTÃO",2025_6_BR_REELS_VIC CERIDONO REELS_ACAO_SBRAE_2025_PSMN0290,Tráfego,Rio de Janeiro,20691,"172,75",399,0,"2025-06-07-PSMN-20691-172,75-399",50440,2.5,20176
2025-06-07,Sebrae Nacional - DEBRITO,1,facebook,sbrae_2025_psmn,psmn,"2025_6_BR_TRAF_CPC_MULHERES DE 25 A 45 ANOS; INTERESSES EM EMPREENDEDORISMO, PEQUENOS NEGÓCIOS E MEI; COMPORTAMENTO VOLTADO A ENGAJAMENTO COM PERFIS DE NEGÓCIOS E INFLUENCIADORES DE GESTÃO",2025_6_BR_STORIES_GABRIELA BAILAS STORIES_ACAO_SBRAE_2025_PSMN0292,Tráfego,Rio de Janeiro,4326,"45,02",174,0,"2025-06-07-PSMN-4326-45,02-174",50440,2.5,20176
2025-06-07,Sebrae Nacional - DEBRITO,1,facebook,sbrae_2025_psmn,psmn,"2025_6_BR_TRAF_CPC_MULHERES DE 25 A 45 ANOS; INTERESSES EM EMPREENDEDORISMO, PEQUENOS NEGÓCIOS E MEI; COMPORTAMENTO VOLTADO A ENGAJAMENTO COM PERFIS DE NEGÓCIOS E INFLUENCIADORES DE GESTÃO",2025_6_BR_STORIES_VIC CERIDONO STORIES_ACAO_SBRAE_2025_PSMN0291,Tráfego,Rio de Janeiro,11652,"96,34",271,0,"2025-06-07-PSMN-11652-96,34-271",50440,2.5,20176
2025-06-07,Sebrae Nacional - DEBRITO,1,facebook,sbrae_2025_psmn,psmn,"2025_6_BR_TRAF_CPC_MULHERES DE 25 A 45 ANOS; INTERESSES EM EMPREENDEDORISMO, PEQUENOS NEGÓCIOS E MEI; COMPORTAMENTO VOLTADO A ENGAJAMENTO COM PERFIS DE NEGÓCIOS E INFLUENCIADORES DE GESTÃO",2025_6_BR_REELS_GABRIELA BAILAS REELS_ACAO_SBRAE_2025_PSMN0289,Tráfego,Rondônia,1650,"7,58",10,0,"2025-06-07-PSMN-1650-7,58-10",50440,2.5,20176
2025-06-07,Sebrae Nacional - DEBRITO,1,facebook,sbrae_2025_psmn,psmn,"2025_6_BR_TRAF_CPC_MULHERES DE 25 A 45 ANOS; INTERESSES EM EMPREENDEDORISMO, PEQUENOS NEGÓCIOS E MEI; COMPORTAMENTO VOLTADO A ENGAJAMENTO COM PERFIS DE NEGÓCIOS E INFLUENCIADORES DE GESTÃO",2025_6_BR_REELS_VIC CERIDONO REELS_ACAO_SBRAE_2025_PSMN0290,Tráfego,Rondônia,2351,"18,49",51,0,"2025-06-07-PSMN-2351-18,49-51",50440,2.5,20176
2025-06-07,Sebrae Nacional - DEBRITO,1,facebook,sbrae_2025_psmn,psmn,"2025_6_BR_TRAF_CPC_MULHERES DE 25 A 45 ANOS; INTERESSES EM EMPREENDEDORISMO, PEQUENOS NEGÓCIOS E MEI; COMPORTAMENTO VOLTADO A ENGAJAMENTO COM PERFIS DE NEGÓCIOS E INFLUENCIADORES DE GESTÃO",2025_6_BR_STORIES_GABRIELA BAILAS STORIES_ACAO_SBRAE_2025_PSMN0292,Tráfego,Rondônia,711,"5,87",23,0,"2025-06-07-PSMN-711-5,87-23",50440,2.5,20176
2025-06-07,Sebrae Nacional - DEBRITO,1,facebook,sbrae_2025_psmn,psmn,"2025_6_BR_TRAF_CPC_MULHERES DE 25 A 45 ANOS; INTERESSES EM EMPREENDEDORISMO, PEQUENOS NEGÓCIOS E MEI; COMPORTAMENTO VOLTADO A ENGAJAMENTO COM PERFIS DE NEGÓCIOS E INFLUENCIADORES DE GESTÃO",2025_6_BR_STORIES_VIC CERIDONO STORIES_ACAO_SBRAE_2025_PSMN0291,Tráfego,Rondônia,1605,"11,62",39,0,"2025-06-07-PSMN-1605-11,62-39",50440,2.5,20176
2025-06-07,Sebrae Nacional - DEBRITO,1,facebook,sbrae_2025_psmn,psmn,"2025_6_BR_TRAF_CPC_MULHERES DE 25 A 45 ANOS; INTERESSES EM EMPREENDEDORISMO, PEQUENOS NEGÓCIOS E MEI; COMPORTAMENTO VOLTADO A ENGAJAMENTO COM PERFIS DE NEGÓCIOS E INFLUENCIADORES DE GESTÃO",2025_6_BR_REELS_GABRIELA BAILAS REELS_ACAO_SBRAE_2025_PSMN0289,Tráfego,Roraima,744,"2,78",7,0,"2025-06-07-PSMN-744-2,78-7",50440,2.5,20176
2025-06-07,Sebrae Nacional - DEBRITO,1,facebook,sbrae_2025_psmn,psmn,"2025_6_BR_TRAF_CPC_MULHERES DE 25 A 45 ANOS; INTERESSES EM EMPREENDEDORISMO, PEQUENOS NEGÓCIOS E MEI; COMPORTAMENTO VOLTADO A ENGAJAMENTO COM PERFIS DE NEGÓCIOS E INFLUENCIADORES DE GESTÃO",2025_6_BR_REELS_VIC CERIDONO REELS_ACAO_SBRAE_2025_PSMN0290,Tráfego,Roraima,932,"7,41",22,0,"2025-06-07-PSMN-932-7,41-22",50440,2.5,20176
2025-06-07,Sebrae Nacional - DEBRITO,1,facebook,sbrae_2025_psmn,psmn,"2025_6_BR_TRAF_CPC_MULHERES DE 25 A 45 ANOS; INTERESSES EM EMPREENDEDORISMO, PEQUENOS NEGÓCIOS E MEI; COMPORTAMENTO VOLTADO A ENGAJAMENTO COM PERFIS DE NEGÓCIOS E INFLUENCIADORES DE GESTÃO",2025_6_BR_STORIES_GABRIELA BAILAS STORIES_ACAO_SBRAE_2025_PSMN0292,Tráfego,Roraima,285,"2,52",10,0,"2025-06-07-PSMN-285-2,52-10",50440,2.5,20176
2025-06-07,Sebrae Nacional - DEBRITO,1,facebook,sbrae_2025_psmn,psmn,"2025_6_BR_TRAF_CPC_MULHERES DE 25 A 45 ANOS; INTERESSES EM EMPREENDEDORISMO, PEQUENOS NEGÓCIOS E MEI; COMPORTAMENTO VOLTADO A ENGAJAMENTO COM PERFIS DE NEGÓCIOS E INFLUENCIADORES DE GESTÃO",2025_6_BR_STORIES_VIC CERIDONO STORIES_ACAO_SBRAE_2025_PSMN0291,Tráfego,Roraima,625,"4,59",10,0,"2025-06-07-PSMN-625-4,59-10",50440,2.5,20176
2025-06-07,Sebrae Nacional - DEBRITO,1,facebook,sbrae_2025_psmn,psmn,"2025_6_BR_TRAF_CPC_MULHERES DE 25 A 45 ANOS; INTERESSES EM EMPREENDEDORISMO, PEQUENOS NEGÓCIOS E MEI; COMPORTAMENTO VOLTADO A ENGAJAMENTO COM PERFIS DE NEGÓCIOS E INFLUENCIADORES DE GESTÃO",2025_6_BR_REELS_GABRIELA BAILAS REELS_ACAO_SBRAE_2025_PSMN0289,Tráfego,Santa Catarina,1985,"13,56",26,0,"2025-06-07-PSMN-1985-13,56-26",50440,2.5,20176
2025-06-07,Sebrae Nacional - DEBRITO,1,facebook,sbrae_2025_psmn,psmn,"2025_6_BR_TRAF_CPC_MULHERES DE 25 A 45 ANOS; INTERESSES EM EMPREENDEDORISMO, PEQUENOS NEGÓCIOS E MEI; COMPORTAMENTO VOLTADO A ENGAJAMENTO COM PERFIS DE NEGÓCIOS E INFLUENCIADORES DE GESTÃO",2025_6_BR_REELS_VIC CERIDONO REELS_ACAO_SBRAE_2025_PSMN0290,Tráfego,Santa Catarina,4878,"42,59",114,0,"2025-06-07-PSMN-4878-42,59-114",50440,2.5,20176
2025-06-07,Sebrae Nacional - DEBRITO,1,facebook,sbrae_2025_psmn,psmn,"2025_6_BR_TRAF_CPC_MULHERES DE 25 A 45 ANOS; INTERESSES EM EMPREENDEDORISMO, PEQUENOS NEGÓCIOS E MEI; COMPORTAMENTO VOLTADO A ENGAJAMENTO COM PERFIS DE NEGÓCIOS E INFLUENCIADORES DE GESTÃO",2025_6_BR_STORIES_GABRIELA BAILAS STORIES_ACAO_SBRAE_2025_PSMN0292,Tráfego,Santa Catarina,2280,"22,69",106,0,"2025-06-07-PSMN-2280-22,69-106",50440,2.5,20176
2025-06-07,Sebrae Nacional - DEBRITO,1,facebook,sbrae_2025_psmn,psmn,"2025_6_BR_TRAF_CPC_MULHERES DE 25 A 45 ANOS; INTERESSES EM EMPREENDEDORISMO, PEQUENOS NEGÓCIOS E MEI; COMPORTAMENTO VOLTADO A ENGAJAMENTO COM PERFIS DE NEGÓCIOS E INFLUENCIADORES DE GESTÃO",2025_6_BR_STORIES_VIC CERIDONO STORIES_ACAO_SBRAE_2025_PSMN0291,Tráfego,Santa Catarina,3875,"30,2",112,0,"2025-06-07-PSMN-3875-30,2-112",50440,2.5,20176
2025-06-07,Sebrae Nacional - DEBRITO,1,facebook,sbrae_2025_psmn,psmn,"2025_6_BR_TRAF_CPC_MULHERES DE 25 A 45 ANOS; INTERESSES EM EMPREENDEDORISMO, PEQUENOS NEGÓCIOS E MEI; COMPORTAMENTO VOLTADO A ENGAJAMENTO COM PERFIS DE NEGÓCIOS E INFLUENCIADORES DE GESTÃO",2025_6_BR_REELS_GABRIELA BAILAS REELS_ACAO_SBRAE_2025_PSMN0289,Tráfego,Sergipe,7097,"29,9",56,0,"2025-06-07-PSMN-7097-29,9-56",50440,2.5,20176
2025-06-07,Sebrae Nacional - DEBRITO,1,facebook,sbrae_2025_psmn,psmn,"2025_6_BR_TRAF_CPC_MULHERES DE 25 A 45 ANOS; INTERESSES EM EMPREENDEDORISMO, PEQUENOS NEGÓCIOS E MEI; COMPORTAMENTO VOLTADO A ENGAJAMENTO COM PERFIS DE NEGÓCIOS E INFLUENCIADORES DE GESTÃO",2025_6_BR_REELS_VIC CERIDONO REELS_ACAO_SBRAE_2025_PSMN0290,Tráfego,Sergipe,6734,"38,74",86,0,"2025-06-07-PSMN-6734-38,74-86",50440,2.5,20176
2025-06-07,Sebrae Nacional - DEBRITO,1,facebook,sbrae_2025_psmn,psmn,"2025_6_BR_TRAF_CPC_MULHERES DE 25 A 45 ANOS; INTERESSES EM EMPREENDEDORISMO, PEQUENOS NEGÓCIOS E MEI; COMPORTAMENTO VOLTADO A ENGAJAMENTO COM PERFIS DE NEGÓCIOS E INFLUENCIADORES DE GESTÃO",2025_6_BR_STORIES_GABRIELA BAILAS STORIES_ACAO_SBRAE_2025_PSMN0292,Tráfego,Sergipe,1352,"14,95",68,0,"2025-06-07-PSMN-1352-14,95-68",50440,2.5,20176
2025-06-07,Sebrae Nacional - DEBRITO,1,facebook,sbrae_2025_psmn,psmn,"2025_6_BR_TRAF_CPC_MULHERES DE 25 A 45 ANOS; INTERESSES EM EMPREENDEDORISMO, PEQUENOS NEGÓCIOS E MEI; COMPORTAMENTO VOLTADO A ENGAJAMENTO COM PERFIS DE NEGÓCIOS E INFLUENCIADORES DE GESTÃO",2025_6_BR_STORIES_VIC CERIDONO STORIES_ACAO_SBRAE_2025_PSMN0291,Tráfego,Sergipe,2069,"14,99",43,0,"2025-06-07-PSMN-2069-14,99-43",50440,2.5,20176
2025-06-07,Sebrae Nacional - DEBRITO,1,facebook,sbrae_2025_psmn,psmn,"2025_6_BR_TRAF_CPC_MULHERES DE 25 A 45 ANOS; INTERESSES EM EMPREENDEDORISMO, PEQUENOS NEGÓCIOS E MEI; COMPORTAMENTO VOLTADO A ENGAJAMENTO COM PERFIS DE NEGÓCIOS E INFLUENCIADORES DE GESTÃO",2025_6_BR_REELS_GABRIELA BAILAS REELS_ACAO_SBRAE_2025_PSMN0289,Tráfego,São Paulo,23673,"131,44",212,0,"2025-06-07-PSMN-23673-131,44-212",50440,2.5,20176
2025-06-07,Sebrae Nacional - DEBRITO,1,facebook,sbrae_2025_psmn,psmn,"2025_6_BR_TRAF_CPC_MULHERES DE 25 A 45 ANOS; INTERESSES EM EMPREENDEDORISMO, PEQUENOS NEGÓCIOS E MEI; COMPORTAMENTO VOLTADO A ENGAJAMENTO COM PERFIS DE NEGÓCIOS E INFLUENCIADORES DE GESTÃO",2025_6_BR_REELS_VIC CERIDONO REELS_ACAO_SBRAE_2025_PSMN0290,Tráfego,São Paulo,38321,"326,12",737,0,"2025-06-07-PSMN-38321-326,12-737",50440,2.5,20176
2025-06-07,Sebrae Nacional - DEBRITO,1,facebook,sbrae_2025_psmn,psmn,"2025_6_BR_TRAF_CPC_MULHERES DE 25 A 45 ANOS; INTERESSES EM EMPREENDEDORISMO, PEQUENOS NEGÓCIOS E MEI; COMPORTAMENTO VOLTADO A ENGAJAMENTO COM PERFIS DE NEGÓCIOS E INFLUENCIADORES DE GESTÃO",2025_6_BR_STORIES_GABRIELA BAILAS STORIES_ACAO_SBRAE_2025_PSMN0292,Tráfego,São Paulo,10320,"98,93",361,0,"2025-06-07-PSMN-10320-98,93-361",50440,2.5,20176
2025-06-07,Sebrae Nacional - DEBRITO,1,facebook,sbrae_2025_psmn,psmn,"2025_6_BR_TRAF_CPC_MULHERES DE 25 A 45 ANOS; INTERESSES EM EMPREENDEDORISMO, PEQUENOS NEGÓCIOS E MEI; COMPORTAMENTO VOLTADO A ENGAJAMENTO COM PERFIS DE NEGÓCIOS E INFLUENCIADORES DE GESTÃO",2025_6_BR_STORIES_VIC CERIDONO STORIES_ACAO_SBRAE_2025_PSMN0291,Tráfego,São Paulo,25683,"207,78",648,0,"2025-06-07-PSMN-25683-207,78-648",50440,2.5,20176
2025-06-07,Sebrae Nacional - DEBRITO,1,facebook,sbrae_2025_psmn,psmn,"2025_6_BR_TRAF_CPC_MULHERES DE 25 A 45 ANOS; INTERESSES EM EMPREENDEDORISMO, PEQUENOS NEGÓCIOS E MEI; COMPORTAMENTO VOLTADO A ENGAJAMENTO COM PERFIS DE NEGÓCIOS E INFLUENCIADORES DE GESTÃO",2025_6_BR_REELS_GABRIELA BAILAS REELS_ACAO_SBRAE_2025_PSMN0289,Tráfego,Tocantins,1828,"7,56",12,0,"2025-06-07-PSMN-1828-7,56-12",50440,2.5,20176
2025-06-07,Sebrae Nacional - DEBRITO,1,facebook,sbrae_2025_psmn,psmn,"2025_6_BR_TRAF_CPC_MULHERES DE 25 A 45 ANOS; INTERESSES EM EMPREENDEDORISMO, PEQUENOS NEGÓCIOS E MEI; COMPORTAMENTO VOLTADO A ENGAJAMENTO COM PERFIS DE NEGÓCIOS E INFLUENCIADORES DE GESTÃO",2025_6_BR_REELS_VIC CERIDONO REELS_ACAO_SBRAE_2025_PSMN0290,Tráfego,Tocantins,1858,"10,53",25,0,"2025-06-07-PSMN-1858-10,53-25",50440,2.5,20176
2025-06-07,Sebrae Nacional - DEBRITO,1,facebook,sbrae_2025_psmn,psmn,"2025_6_BR_TRAF_CPC_MULHERES DE 25 A 45 ANOS; INTERESSES EM EMPREENDEDORISMO, PEQUENOS NEGÓCIOS E MEI; COMPORTAMENTO VOLTADO A ENGAJAMENTO COM PERFIS DE NEGÓCIOS E INFLUENCIADORES DE GESTÃO",2025_6_BR_STORIES_GABRIELA BAILAS STORIES_ACAO_SBRAE_2025_PSMN0292,Tráfego,Tocantins,458,"3,71",28,0,"2025-06-07-PSMN-458-3,71-28",50440,2.5,20176
2025-06-07,Sebrae Nacional - DEBRITO,1,facebook,sbrae_2025_psmn,psmn,"2025_6_BR_TRAF_CPC_MULHERES DE 25 A 45 ANOS; INTERESSES EM EMPREENDEDORISMO, PEQUENOS NEGÓCIOS E MEI; COMPORTAMENTO VOLTADO A ENGAJAMENTO COM PERFIS DE NEGÓCIOS E INFLUENCIADORES DE GESTÃO",2025_6_BR_STORIES_VIC CERIDONO STORIES_ACAO_SBRAE_2025_PSMN0291,Tráfego,Tocantins,1043,"6,7",25,0,"2025-06-07-PSMN-1043-6,7-25",50440,2.5,20176
2025-06-07,Sebrae Nacional - DEBRITO,1,facebook,sbrae_2025_psmn,psmn,"2025_6_BR_TRAF_CPC_MULHERES DE 25 A 45 ANOS; INTERESSES EM EMPREENDEDORISMO, PEQUENOS NEGÓCIOS E MEI; COMPORTAMENTO VOLTADO A ENGAJAMENTO COM PERFIS DE NEGÓCIOS E INFLUENCIADORES DE GESTÃO",2025_6_BR_REELS_GABRIELA BAILAS REELS_ACAO_SBRAE_2025_PSMN0289,Tráfego,Não identificado,2,"0,01",0,0,"2025-06-07-PSMN-2-0,01-0",50440,2.5,20176
2025-06-07,Sebrae Nacional - DEBRITO,1,facebook,sbrae_2025_psmn,psmn,"2025_6_BR_TRAF_CPC_MULHERES DE 25 A 45 ANOS; INTERESSES EM EMPREENDEDORISMO, PEQUENOS NEGÓCIOS E MEI; COMPORTAMENTO VOLTADO A ENGAJAMENTO COM PERFIS DE NEGÓCIOS E INFLUENCIADORES DE GESTÃO",2025_6_BR_STORIES_VIC CERIDONO STORIES_ACAO_SBRAE_2025_PSMN0291,Tráfego,Não identificado,3,0,0,0,2025-06-07-PSMN-3-0-0,50440,2.5,20176
2025-06-08,Sebrae Nacional - DEBRITO,1,facebook,sbrae_2025_psmn,psmn,"2025_6_BR_TRAF_CPC_MULHERES DE 25 A 45 ANOS; INTERESSES EM EMPREENDEDORISMO, PEQUENOS NEGÓCIOS E MEI; COMPORTAMENTO VOLTADO A ENGAJAMENTO COM PERFIS DE NEGÓCIOS E INFLUENCIADORES DE GESTÃO",2025_6_BR_REELS_GABRIELA BAILAS REELS_ACAO_SBRAE_2025_PSMN0289,Tráfego,Acre,615,"2,12",8,0,"2025-06-08-PSMN-615-2,12-8",50440,2.5,20176
2025-06-08,Sebrae Nacional - DEBRITO,1,facebook,sbrae_2025_psmn,psmn,"2025_6_BR_TRAF_CPC_MULHERES DE 25 A 45 ANOS; INTERESSES EM EMPREENDEDORISMO, PEQUENOS NEGÓCIOS E MEI; COMPORTAMENTO VOLTADO A ENGAJAMENTO COM PERFIS DE NEGÓCIOS E INFLUENCIADORES DE GESTÃO",2025_6_BR_REELS_VIC CERIDONO REELS_ACAO_SBRAE_2025_PSMN0290,Tráfego,Acre,1155,"7,3",23,0,"2025-06-08-PSMN-1155-7,3-23",50440,2.5,20176
2025-06-08,Sebrae Nacional - DEBRITO,1,facebook,sbrae_2025_psmn,psmn,"2025_6_BR_TRAF_CPC_MULHERES DE 25 A 45 ANOS; INTERESSES EM EMPREENDEDORISMO, PEQUENOS NEGÓCIOS E MEI; COMPORTAMENTO VOLTADO A ENGAJAMENTO COM PERFIS DE NEGÓCIOS E INFLUENCIADORES DE GESTÃO",2025_6_BR_STORIES_GABRIELA BAILAS STORIES_ACAO_SBRAE_2025_PSMN0292,Tráfego,Acre,656,"4,46",11,0,"2025-06-08-PSMN-656-4,46-11",50440,2.5,20176
2025-06-08,Sebrae Nacional - DEBRITO,1,facebook,sbrae_2025_psmn,psmn,"2025_6_BR_TRAF_CPC_MULHERES DE 25 A 45 ANOS; INTERESSES EM EMPREENDEDORISMO, PEQUENOS NEGÓCIOS E MEI; COMPORTAMENTO VOLTADO A ENGAJAMENTO COM PERFIS DE NEGÓCIOS E INFLUENCIADORES DE GESTÃO",2025_6_BR_STORIES_VIC CERIDONO STORIES_ACAO_SBRAE_2025_PSMN0291,Tráfego,Acre,1336,"6,54",30,0,"2025-06-08-PSMN-1336-6,54-30",50440,2.5,20176
2025-06-08,Sebrae Nacional - DEBRITO,1,facebook,sbrae_2025_psmn,psmn,"2025_6_BR_TRAF_CPC_MULHERES DE 25 A 45 ANOS; INTERESSES EM EMPREENDEDORISMO, PEQUENOS NEGÓCIOS E MEI; COMPORTAMENTO VOLTADO A ENGAJAMENTO COM PERFIS DE NEGÓCIOS E INFLUENCIADORES DE GESTÃO",2025_6_BR_REELS_GABRIELA BAILAS REELS_ACAO_SBRAE_2025_PSMN0289,Tráfego,Alagoas,5282,"20,89",67,0,"2025-06-08-PSMN-5282-20,89-67",50440,2.5,20176
2025-06-08,Sebrae Nacional - DEBRITO,1,facebook,sbrae_2025_psmn,psmn,"2025_6_BR_TRAF_CPC_MULHERES DE 25 A 45 ANOS; INTERESSES EM EMPREENDEDORISMO, PEQUENOS NEGÓCIOS E MEI; COMPORTAMENTO VOLTADO A ENGAJAMENTO COM PERFIS DE NEGÓCIOS E INFLUENCIADORES DE GESTÃO",2025_6_BR_REELS_VIC CERIDONO REELS_ACAO_SBRAE_2025_PSMN0290,Tráfego,Alagoas,8158,"52,31",171,0,"2025-06-08-PSMN-8158-52,31-171",50440,2.5,20176
2025-06-08,Sebrae Nacional - DEBRITO,1,facebook,sbrae_2025_psmn,psmn,"2025_6_BR_TRAF_CPC_MULHERES DE 25 A 45 ANOS; INTERESSES EM EMPREENDEDORISMO, PEQUENOS NEGÓCIOS E MEI; COMPORTAMENTO VOLTADO A ENGAJAMENTO COM PERFIS DE NEGÓCIOS E INFLUENCIADORES DE GESTÃO",2025_6_BR_STORIES_GABRIELA BAILAS STORIES_ACAO_SBRAE_2025_PSMN0292,Tráfego,Alagoas,4852,"38,72",170,0,"2025-06-08-PSMN-4852-38,72-170",50440,2.5,20176
2025-06-08,Sebrae Nacional - DEBRITO,1,facebook,sbrae_2025_psmn,psmn,"2025_6_BR_TRAF_CPC_MULHERES DE 25 A 45 ANOS; INTERESSES EM EMPREENDEDORISMO, PEQUENOS NEGÓCIOS E MEI; COMPORTAMENTO VOLTADO A ENGAJAMENTO COM PERFIS DE NEGÓCIOS E INFLUENCIADORES DE GESTÃO",2025_6_BR_STORIES_VIC CERIDONO STORIES_ACAO_SBRAE_2025_PSMN0291,Tráfego,Alagoas,5344,"31,63",111,0,"2025-06-08-PSMN-5344-31,63-111",50440,2.5,20176
2025-06-08,Sebrae Nacional - DEBRITO,1,facebook,sbrae_2025_psmn,psmn,"2025_6_BR_TRAF_CPC_MULHERES DE 25 A 45 ANOS; INTERESSES EM EMPREENDEDORISMO, PEQUENOS NEGÓCIOS E MEI; COMPORTAMENTO VOLTADO A ENGAJAMENTO COM PERFIS DE NEGÓCIOS E INFLUENCIADORES DE GESTÃO",2025_6_BR_REELS_GABRIELA BAILAS REELS_ACAO_SBRAE_2025_PSMN0289,Tráfego,Amapá,479,"2,1",5,0,"2025-06-08-PSMN-479-2,1-5",50440,2.5,20176
2025-06-08,Sebrae Nacional - DEBRITO,1,facebook,sbrae_2025_psmn,psmn,"2025_6_BR_TRAF_CPC_MULHERES DE 25 A 45 ANOS; INTERESSES EM EMPREENDEDORISMO, PEQUENOS NEGÓCIOS E MEI; COMPORTAMENTO VOLTADO A ENGAJAMENTO COM PERFIS DE NEGÓCIOS E INFLUENCIADORES DE GESTÃO",2025_6_BR_REELS_VIC CERIDONO REELS_ACAO_SBRAE_2025_PSMN0290,Tráfego,Amapá,1153,"7,29",16,0,"2025-06-08-PSMN-1153-7,29-16",50440,2.5,20176
2025-06-08,Sebrae Nacional - DEBRITO,1,facebook,sbrae_2025_psmn,psmn,"2025_6_BR_TRAF_CPC_MULHERES DE 25 A 45 ANOS; INTERESSES EM EMPREENDEDORISMO, PEQUENOS NEGÓCIOS E MEI; COMPORTAMENTO VOLTADO A ENGAJAMENTO COM PERFIS DE NEGÓCIOS E INFLUENCIADORES DE GESTÃO",2025_6_BR_STORIES_GABRIELA BAILAS STORIES_ACAO_SBRAE_2025_PSMN0292,Tráfego,Amapá,760,"4,32",12,0,"2025-06-08-PSMN-760-4,32-12",50440,2.5,20176
2025-06-08,Sebrae Nacional - DEBRITO,1,facebook,sbrae_2025_psmn,psmn,"2025_6_BR_TRAF_CPC_MULHERES DE 25 A 45 ANOS; INTERESSES EM EMPREENDEDORISMO, PEQUENOS NEGÓCIOS E MEI; COMPORTAMENTO VOLTADO A ENGAJAMENTO COM PERFIS DE NEGÓCIOS E INFLUENCIADORES DE GESTÃO",2025_6_BR_STORIES_VIC CERIDONO STORIES_ACAO_SBRAE_2025_PSMN0291,Tráfego,Amapá,1559,"7,95",34,0,"2025-06-08-PSMN-1559-7,95-34",50440,2.5,20176
2025-06-08,Sebrae Nacional - DEBRITO,1,facebook,sbrae_2025_psmn,psmn,"2025_6_BR_TRAF_CPC_MULHERES DE 25 A 45 ANOS; INTERESSES EM EMPREENDEDORISMO, PEQUENOS NEGÓCIOS E MEI; COMPORTAMENTO VOLTADO A ENGAJAMENTO COM PERFIS DE NEGÓCIOS E INFLUENCIADORES DE GESTÃO",2025_6_BR_REELS_GABRIELA BAILAS REELS_ACAO_SBRAE_2025_PSMN0289,Tráfego,Amazonas,1498,"5,97",22,0,"2025-06-08-PSMN-1498-5,97-22",50440,2.5,20176
2025-06-08,Sebrae Nacional - DEBRITO,1,facebook,sbrae_2025_psmn,psmn,"2025_6_BR_TRAF_CPC_MULHERES DE 25 A 45 ANOS; INTERESSES EM EMPREENDEDORISMO, PEQUENOS NEGÓCIOS E MEI; COMPORTAMENTO VOLTADO A ENGAJAMENTO COM PERFIS DE NEGÓCIOS E INFLUENCIADORES DE GESTÃO",2025_6_BR_REELS_VIC CERIDONO REELS_ACAO_SBRAE_2025_PSMN0290,Tráfego,Amazonas,4751,"35,3",107,0,"2025-06-08-PSMN-4751-35,3-107",50440,2.5,20176
2025-06-08,Sebrae Nacional - DEBRITO,1,facebook,sbrae_2025_psmn,psmn,"2025_6_BR_TRAF_CPC_MULHERES DE 25 A 45 ANOS; INTERESSES EM EMPREENDEDORISMO, PEQUENOS NEGÓCIOS E MEI; COMPORTAMENTO VOLTADO A ENGAJAMENTO COM PERFIS DE NEGÓCIOS E INFLUENCIADORES DE GESTÃO",2025_6_BR_STORIES_GABRIELA BAILAS STORIES_ACAO_SBRAE_2025_PSMN0292,Tráfego,Amazonas,3554,"24,95",101,0,"2025-06-08-PSMN-3554-24,95-101",50440,2.5,20176
2025-06-08,Sebrae Nacional - DEBRITO,1,facebook,sbrae_2025_psmn,psmn,"2025_6_BR_TRAF_CPC_MULHERES DE 25 A 45 ANOS; INTERESSES EM EMPREENDEDORISMO, PEQUENOS NEGÓCIOS E MEI; COMPORTAMENTO VOLTADO A ENGAJAMENTO COM PERFIS DE NEGÓCIOS E INFLUENCIADORES DE GESTÃO",2025_6_BR_STORIES_VIC CERIDONO STORIES_ACAO_SBRAE_2025_PSMN0291,Tráfego,Amazonas,7257,"36,47",134,0,"2025-06-08-PSMN-7257-36,47-134",50440,2.5,20176
2025-06-08,Sebrae Nacional - DEBRITO,1,facebook,sbrae_2025_psmn,psmn,"2025_6_BR_TRAF_CPC_MULHERES DE 25 A 45 ANOS; INTERESSES EM EMPREENDEDORISMO, PEQUENOS NEGÓCIOS E MEI; COMPORTAMENTO VOLTADO A ENGAJAMENTO COM PERFIS DE NEGÓCIOS E INFLUENCIADORES DE GESTÃO",2025_6_BR_REELS_GABRIELA BAILAS REELS_ACAO_SBRAE_2025_PSMN0289,Tráfego,Bahia,16301,"63,07",180,0,"2025-06-08-PSMN-16301-63,07-180",50440,2.5,20176
2025-06-08,Sebrae Nacional - DEBRITO,1,facebook,sbrae_2025_psmn,psmn,"2025_6_BR_TRAF_CPC_MULHERES DE 25 A 45 ANOS; INTERESSES EM EMPREENDEDORISMO, PEQUENOS NEGÓCIOS E MEI; COMPORTAMENTO VOLTADO A ENGAJAMENTO COM PERFIS DE NEGÓCIOS E INFLUENCIADORES DE GESTÃO",2025_6_BR_REELS_VIC CERIDONO REELS_ACAO_SBRAE_2025_PSMN0290,Tráfego,Bahia,28231,"178,46",500,0,"2025-06-08-PSMN-28231-178,46-500",50440,2.5,20176
2025-06-08,Sebrae Nacional - DEBRITO,1,facebook,sbrae_2025_psmn,psmn,"2025_6_BR_TRAF_CPC_MULHERES DE 25 A 45 ANOS; INTERESSES EM EMPREENDEDORISMO, PEQUENOS NEGÓCIOS E MEI; COMPORTAMENTO VOLTADO A ENGAJAMENTO COM PERFIS DE NEGÓCIOS E INFLUENCIADORES DE GESTÃO",2025_6_BR_STORIES_GABRIELA BAILAS STORIES_ACAO_SBRAE_2025_PSMN0292,Tráfego,Bahia,17201,"137,32",754,0,"2025-06-08-PSMN-17201-137,32-754",50440,2.5,20176
2025-06-08,Sebrae Nacional - DEBRITO,1,facebook,sbrae_2025_psmn,psmn,"2025_6_BR_TRAF_CPC_MULHERES DE 25 A 45 ANOS; INTERESSES EM EMPREENDEDORISMO, PEQUENOS NEGÓCIOS E MEI; COMPORTAMENTO VOLTADO A ENGAJAMENTO COM PERFIS DE NEGÓCIOS E INFLUENCIADORES DE GESTÃO",2025_6_BR_STORIES_VIC CERIDONO STORIES_ACAO_SBRAE_2025_PSMN0291,Tráfego,Bahia,22947,"134,46",508,0,"2025-06-08-PSMN-22947-134,46-508",50440,2.5,20176
2025-06-08,Sebrae Nacional - DEBRITO,1,facebook,sbrae_2025_psmn,psmn,"2025_6_BR_TRAF_CPC_MULHERES DE 25 A 45 ANOS; INTERESSES EM EMPREENDEDORISMO, PEQUENOS NEGÓCIOS E MEI; COMPORTAMENTO VOLTADO A ENGAJAMENTO COM PERFIS DE NEGÓCIOS E INFLUENCIADORES DE GESTÃO",2025_6_BR_REELS_GABRIELA BAILAS REELS_ACAO_SBRAE_2025_PSMN0289,Tráfego,Ceará,14584,"57,72",162,0,"2025-06-08-PSMN-14584-57,72-162",50440,2.5,20176
2025-06-08,Sebrae Nacional - DEBRITO,1,facebook,sbrae_2025_psmn,psmn,"2025_6_BR_TRAF_CPC_MULHERES DE 25 A 45 ANOS; INTERESSES EM EMPREENDEDORISMO, PEQUENOS NEGÓCIOS E MEI; COMPORTAMENTO VOLTADO A ENGAJAMENTO COM PERFIS DE NEGÓCIOS E INFLUENCIADORES DE GESTÃO",2025_6_BR_REELS_VIC CERIDONO REELS_ACAO_SBRAE_2025_PSMN0290,Tráfego,Ceará,27567,"188,35",566,0,"2025-06-08-PSMN-27567-188,35-566",50440,2.5,20176
2025-06-08,Sebrae Nacional - DEBRITO,1,facebook,sbrae_2025_psmn,psmn,"2025_6_BR_TRAF_CPC_MULHERES DE 25 A 45 ANOS; INTERESSES EM EMPREENDEDORISMO, PEQUENOS NEGÓCIOS E MEI; COMPORTAMENTO VOLTADO A ENGAJAMENTO COM PERFIS DE NEGÓCIOS E INFLUENCIADORES DE GESTÃO",2025_6_BR_STORIES_GABRIELA BAILAS STORIES_ACAO_SBRAE_2025_PSMN0292,Tráfego,Ceará,21380,"164,25",767,0,"2025-06-08-PSMN-21380-164,25-767",50440,2.5,20176
2025-06-08,Sebrae Nacional - DEBRITO,1,facebook,sbrae_2025_psmn,psmn,"2025_6_BR_TRAF_CPC_MULHERES DE 25 A 45 ANOS; INTERESSES EM EMPREENDEDORISMO, PEQUENOS NEGÓCIOS E MEI; COMPORTAMENTO VOLTADO A ENGAJAMENTO COM PERFIS DE NEGÓCIOS E INFLUENCIADORES DE GESTÃO",2025_6_BR_STORIES_VIC CERIDONO STORIES_ACAO_SBRAE_2025_PSMN0291,Tráfego,Ceará,20522,117,465,0,2025-06-08-PSMN-20522-117-465,50440,2.5,20176
2025-06-08,Sebrae Nacional - DEBRITO,1,facebook,sbrae_2025_psmn,psmn,"2025_6_BR_TRAF_CPC_MULHERES DE 25 A 45 ANOS; INTERESSES EM EMPREENDEDORISMO, PEQUENOS NEGÓCIOS E MEI; COMPORTAMENTO VOLTADO A ENGAJAMENTO COM PERFIS DE NEGÓCIOS E INFLUENCIADORES DE GESTÃO",2025_6_BR_REELS_GABRIELA BAILAS REELS_ACAO_SBRAE_2025_PSMN0289,Tráfego,Espírito Santo,1253,"6,36",23,0,"2025-06-08-PSMN-1253-6,36-23",50440,2.5,20176
2025-06-08,Sebrae Nacional - DEBRITO,1,facebook,sbrae_2025_psmn,psmn,"2025_6_BR_TRAF_CPC_MULHERES DE 25 A 45 ANOS; INTERESSES EM EMPREENDEDORISMO, PEQUENOS NEGÓCIOS E MEI; COMPORTAMENTO VOLTADO A ENGAJAMENTO COM PERFIS DE NEGÓCIOS E INFLUENCIADORES DE GESTÃO",2025_6_BR_REELS_VIC CERIDONO REELS_ACAO_SBRAE_2025_PSMN0290,Tráfego,Espírito Santo,3850,"31,96",102,0,"2025-06-08-PSMN-3850-31,96-102",50440,2.5,20176
2025-06-08,Sebrae Nacional - DEBRITO,1,facebook,sbrae_2025_psmn,psmn,"2025_6_BR_TRAF_CPC_MULHERES DE 25 A 45 ANOS; INTERESSES EM EMPREENDEDORISMO, PEQUENOS NEGÓCIOS E MEI; COMPORTAMENTO VOLTADO A ENGAJAMENTO COM PERFIS DE NEGÓCIOS E INFLUENCIADORES DE GESTÃO",2025_6_BR_STORIES_GABRIELA BAILAS STORIES_ACAO_SBRAE_2025_PSMN0292,Tráfego,Espírito Santo,2592,"24,96",108,0,"2025-06-08-PSMN-2592-24,96-108",50440,2.5,20176
2025-06-08,Sebrae Nacional - DEBRITO,1,facebook,sbrae_2025_psmn,psmn,"2025_6_BR_TRAF_CPC_MULHERES DE 25 A 45 ANOS; INTERESSES EM EMPREENDEDORISMO, PEQUENOS NEGÓCIOS E MEI; COMPORTAMENTO VOLTADO A ENGAJAMENTO COM PERFIS DE NEGÓCIOS E INFLUENCIADORES DE GESTÃO",2025_6_BR_STORIES_VIC CERIDONO STORIES_ACAO_SBRAE_2025_PSMN0291,Tráfego,Espírito Santo,4825,"29,61",137,0,"2025-06-08-PSMN-4825-29,61-137",50440,2.5,20176
2025-06-08,Sebrae Nacional - DEBRITO,1,facebook,sbrae_2025_psmn,psmn,"2025_6_BR_TRAF_CPC_MULHERES DE 25 A 45 ANOS; INTERESSES EM EMPREENDEDORISMO, PEQUENOS NEGÓCIOS E MEI; COMPORTAMENTO VOLTADO A ENGAJAMENTO COM PERFIS DE NEGÓCIOS E INFLUENCIADORES DE GESTÃO",2025_6_BR_REELS_GABRIELA BAILAS REELS_ACAO_SBRAE_2025_PSMN0289,Tráfego,Distrito Federal,601,"3,17",12,0,"2025-06-08-PSMN-601-3,17-12",50440,2.5,20176
2025-06-08,Sebrae Nacional - DEBRITO,1,facebook,sbrae_2025_psmn,psmn,"2025_6_BR_TRAF_CPC_MULHERES DE 25 A 45 ANOS; INTERESSES EM EMPREENDEDORISMO, PEQUENOS NEGÓCIOS E MEI; COMPORTAMENTO VOLTADO A ENGAJAMENTO COM PERFIS DE NEGÓCIOS E INFLUENCIADORES DE GESTÃO",2025_6_BR_REELS_VIC CERIDONO REELS_ACAO_SBRAE_2025_PSMN0290,Tráfego,Distrito Federal,1685,"15,02",37,0,"2025-06-08-PSMN-1685-15,02-37",50440,2.5,20176
2025-06-08,Sebrae Nacional - DEBRITO,1,facebook,sbrae_2025_psmn,psmn,"2025_6_BR_TRAF_CPC_MULHERES DE 25 A 45 ANOS; INTERESSES EM EMPREENDEDORISMO, PEQUENOS NEGÓCIOS E MEI; COMPORTAMENTO VOLTADO A ENGAJAMENTO COM PERFIS DE NEGÓCIOS E INFLUENCIADORES DE GESTÃO",2025_6_BR_STORIES_GABRIELA BAILAS STORIES_ACAO_SBRAE_2025_PSMN0292,Tráfego,Distrito Federal,1031,"10,54",44,0,"2025-06-08-PSMN-1031-10,54-44",50440,2.5,20176
2025-06-08,Sebrae Nacional - DEBRITO,1,facebook,sbrae_2025_psmn,psmn,"2025_6_BR_TRAF_CPC_MULHERES DE 25 A 45 ANOS; INTERESSES EM EMPREENDEDORISMO, PEQUENOS NEGÓCIOS E MEI; COMPORTAMENTO VOLTADO A ENGAJAMENTO COM PERFIS DE NEGÓCIOS E INFLUENCIADORES DE GESTÃO",2025_6_BR_STORIES_VIC CERIDONO STORIES_ACAO_SBRAE_2025_PSMN0291,Tráfego,Distrito Federal,3361,"20,48",77,0,"2025-06-08-PSMN-3361-20,48-77",50440,2.5,20176
2025-06-08,Sebrae Nacional - DEBRITO,1,facebook,sbrae_2025_psmn,psmn,"2025_6_BR_TRAF_CPC_MULHERES DE 25 A 45 ANOS; INTERESSES EM EMPREENDEDORISMO, PEQUENOS NEGÓCIOS E MEI; COMPORTAMENTO VOLTADO A ENGAJAMENTO COM PERFIS DE NEGÓCIOS E INFLUENCIADORES DE GESTÃO",2025_6_BR_REELS_GABRIELA BAILAS REELS_ACAO_SBRAE_2025_PSMN0289,Tráfego,Goiás,4288,"15,92",44,0,"2025-06-08-PSMN-4288-15,92-44",50440,2.5,20176
2025-06-08,Sebrae Nacional - DEBRITO,1,facebook,sbrae_2025_psmn,psmn,"2025_6_BR_TRAF_CPC_MULHERES DE 25 A 45 ANOS; INTERESSES EM EMPREENDEDORISMO, PEQUENOS NEGÓCIOS E MEI; COMPORTAMENTO VOLTADO A ENGAJAMENTO COM PERFIS DE NEGÓCIOS E INFLUENCIADORES DE GESTÃO",2025_6_BR_REELS_VIC CERIDONO REELS_ACAO_SBRAE_2025_PSMN0290,Tráfego,Goiás,9694,"71,61",208,0,"2025-06-08-PSMN-9694-71,61-208",50440,2.5,20176
2025-06-08,Sebrae Nacional - DEBRITO,1,facebook,sbrae_2025_psmn,psmn,"2025_6_BR_TRAF_CPC_MULHERES DE 25 A 45 ANOS; INTERESSES EM EMPREENDEDORISMO, PEQUENOS NEGÓCIOS E MEI; COMPORTAMENTO VOLTADO A ENGAJAMENTO COM PERFIS DE NEGÓCIOS E INFLUENCIADORES DE GESTÃO",2025_6_BR_STORIES_GABRIELA BAILAS STORIES_ACAO_SBRAE_2025_PSMN0292,Tráfego,Goiás,5239,"43,81",196,0,"2025-06-08-PSMN-5239-43,81-196",50440,2.5,20176
2025-06-08,Sebrae Nacional - DEBRITO,1,facebook,sbrae_2025_psmn,psmn,"2025_6_BR_TRAF_CPC_MULHERES DE 25 A 45 ANOS; INTERESSES EM EMPREENDEDORISMO, PEQUENOS NEGÓCIOS E MEI; COMPORTAMENTO VOLTADO A ENGAJAMENTO COM PERFIS DE NEGÓCIOS E INFLUENCIADORES DE GESTÃO",2025_6_BR_STORIES_VIC CERIDONO STORIES_ACAO_SBRAE_2025_PSMN0291,Tráfego,Goiás,12253,"70,5",265,0,"2025-06-08-PSMN-12253-70,5-265",50440,2.5,20176
2025-06-08,Sebrae Nacional - DEBRITO,1,facebook,sbrae_2025_psmn,psmn,"2025_6_BR_TRAF_CPC_MULHERES DE 25 A 45 ANOS; INTERESSES EM EMPREENDEDORISMO, PEQUENOS NEGÓCIOS E MEI; COMPORTAMENTO VOLTADO A ENGAJAMENTO COM PERFIS DE NEGÓCIOS E INFLUENCIADORES DE GESTÃO",2025_6_BR_REELS_GABRIELA BAILAS REELS_ACAO_SBRAE_2025_PSMN0289,Tráfego,Maranhão,6798,"23,83",46,0,"2025-06-08-PSMN-6798-23,83-46",50440,2.5,20176
2025-06-08,Sebrae Nacional - DEBRITO,1,facebook,sbrae_2025_psmn,psmn,"2025_6_BR_TRAF_CPC_MULHERES DE 25 A 45 ANOS; INTERESSES EM EMPREENDEDORISMO, PEQUENOS NEGÓCIOS E MEI; COMPORTAMENTO VOLTADO A ENGAJAMENTO COM PERFIS DE NEGÓCIOS E INFLUENCIADORES DE GESTÃO",2025_6_BR_REELS_VIC CERIDONO REELS_ACAO_SBRAE_2025_PSMN0290,Tráfego,Maranhão,10789,"64,93",195,0,"2025-06-08-PSMN-10789-64,93-195",50440,2.5,20176
2025-06-08,Sebrae Nacional - DEBRITO,1,facebook,sbrae_2025_psmn,psmn,"2025_6_BR_TRAF_CPC_MULHERES DE 25 A 45 ANOS; INTERESSES EM EMPREENDEDORISMO, PEQUENOS NEGÓCIOS E MEI; COMPORTAMENTO VOLTADO A ENGAJAMENTO COM PERFIS DE NEGÓCIOS E INFLUENCIADORES DE GESTÃO",2025_6_BR_STORIES_GABRIELA BAILAS STORIES_ACAO_SBRAE_2025_PSMN0292,Tráfego,Maranhão,6752,"58,93",242,0,"2025-06-08-PSMN-6752-58,93-242",50440,2.5,20176
2025-06-08,Sebrae Nacional - DEBRITO,1,facebook,sbrae_2025_psmn,psmn,"2025_6_BR_TRAF_CPC_MULHERES DE 25 A 45 ANOS; INTERESSES EM EMPREENDEDORISMO, PEQUENOS NEGÓCIOS E MEI; COMPORTAMENTO VOLTADO A ENGAJAMENTO COM PERFIS DE NEGÓCIOS E INFLUENCIADORES DE GESTÃO",2025_6_BR_STORIES_VIC CERIDONO STORIES_ACAO_SBRAE_2025_PSMN0291,Tráfego,Maranhão,10351,"57,11",233,0,"2025-06-08-PSMN-10351-57,11-233",50440,2.5,20176
2025-06-08,Sebrae Nacional - DEBRITO,1,facebook,sbrae_2025_psmn,psmn,"2025_6_BR_TRAF_CPC_MULHERES DE 25 A 45 ANOS; INTERESSES EM EMPREENDEDORISMO, PEQUENOS NEGÓCIOS E MEI; COMPORTAMENTO VOLTADO A ENGAJAMENTO COM PERFIS DE NEGÓCIOS E INFLUENCIADORES DE GESTÃO",2025_6_BR_REELS_GABRIELA BAILAS REELS_ACAO_SBRAE_2025_PSMN0289,Tráfego,Mato Grosso,1199,"4,57",9,0,"2025-06-08-PSMN-1199-4,57-9",50440,2.5,20176
2025-06-08,Sebrae Nacional - DEBRITO,1,facebook,sbrae_2025_psmn,psmn,"2025_6_BR_TRAF_CPC_MULHERES DE 25 A 45 ANOS; INTERESSES EM EMPREENDEDORISMO, PEQUENOS NEGÓCIOS E MEI; COMPORTAMENTO VOLTADO A ENGAJAMENTO COM PERFIS DE NEGÓCIOS E INFLUENCIADORES DE GESTÃO",2025_6_BR_REELS_VIC CERIDONO REELS_ACAO_SBRAE_2025_PSMN0290,Tráfego,Mato Grosso,3225,"25,31",80,0,"2025-06-08-PSMN-3225-25,31-80",50440,2.5,20176
2025-06-08,Sebrae Nacional - DEBRITO,1,facebook,sbrae_2025_psmn,psmn,"2025_6_BR_TRAF_CPC_MULHERES DE 25 A 45 ANOS; INTERESSES EM EMPREENDEDORISMO, PEQUENOS NEGÓCIOS E MEI; COMPORTAMENTO VOLTADO A ENGAJAMENTO COM PERFIS DE NEGÓCIOS E INFLUENCIADORES DE GESTÃO",2025_6_BR_STORIES_GABRIELA BAILAS STORIES_ACAO_SBRAE_2025_PSMN0292,Tráfego,Mato Grosso,2433,"18,5",87,0,"2025-06-08-PSMN-2433-18,5-87",50440,2.5,20176
2025-06-08,Sebrae Nacional - DEBRITO,1,facebook,sbrae_2025_psmn,psmn,"2025_6_BR_TRAF_CPC_MULHERES DE 25 A 45 ANOS; INTERESSES EM EMPREENDEDORISMO, PEQUENOS NEGÓCIOS E MEI; COMPORTAMENTO VOLTADO A ENGAJAMENTO COM PERFIS DE NEGÓCIOS E INFLUENCIADORES DE GESTÃO",2025_6_BR_STORIES_VIC CERIDONO STORIES_ACAO_SBRAE_2025_PSMN0291,Tráfego,Mato Grosso,5558,"30,72",105,0,"2025-06-08-PSMN-5558-30,72-105",50440,2.5,20176
2025-06-08,Sebrae Nacional - DEBRITO,1,facebook,sbrae_2025_psmn,psmn,"2025_6_BR_TRAF_CPC_MULHERES DE 25 A 45 ANOS; INTERESSES EM EMPREENDEDORISMO, PEQUENOS NEGÓCIOS E MEI; COMPORTAMENTO VOLTADO A ENGAJAMENTO COM PERFIS DE NEGÓCIOS E INFLUENCIADORES DE GESTÃO",2025_6_BR_REELS_GABRIELA BAILAS REELS_ACAO_SBRAE_2025_PSMN0289,Tráfego,Mato Grosso do Sul,1017,"4,35",17,0,"2025-06-08-PSMN-1017-4,35-17",50440,2.5,20176
2025-06-08,Sebrae Nacional - DEBRITO,1,facebook,sbrae_2025_psmn,psmn,"2025_6_BR_TRAF_CPC_MULHERES DE 25 A 45 ANOS; INTERESSES EM EMPREENDEDORISMO, PEQUENOS NEGÓCIOS E MEI; COMPORTAMENTO VOLTADO A ENGAJAMENTO COM PERFIS DE NEGÓCIOS E INFLUENCIADORES DE GESTÃO",2025_6_BR_REELS_VIC CERIDONO REELS_ACAO_SBRAE_2025_PSMN0290,Tráfego,Mato Grosso do Sul,3684,"28,29",87,0,"2025-06-08-PSMN-3684-28,29-87",50440,2.5,20176
2025-06-08,Sebrae Nacional - DEBRITO,1,facebook,sbrae_2025_psmn,psmn,"2025_6_BR_TRAF_CPC_MULHERES DE 25 A 45 ANOS; INTERESSES EM EMPREENDEDORISMO, PEQUENOS NEGÓCIOS E MEI; COMPORTAMENTO VOLTADO A ENGAJAMENTO COM PERFIS DE NEGÓCIOS E INFLUENCIADORES DE GESTÃO",2025_6_BR_STORIES_GABRIELA BAILAS STORIES_ACAO_SBRAE_2025_PSMN0292,Tráfego,Mato Grosso do Sul,2302,"17,56",81,0,"2025-06-08-PSMN-2302-17,56-81",50440,2.5,20176
2025-06-08,Sebrae Nacional - DEBRITO,1,facebook,sbrae_2025_psmn,psmn,"2025_6_BR_TRAF_CPC_MULHERES DE 25 A 45 ANOS; INTERESSES EM EMPREENDEDORISMO, PEQUENOS NEGÓCIOS E MEI; COMPORTAMENTO VOLTADO A ENGAJAMENTO COM PERFIS DE NEGÓCIOS E INFLUENCIADORES DE GESTÃO",2025_6_BR_STORIES_VIC CERIDONO STORIES_ACAO_SBRAE_2025_PSMN0291,Tráfego,Mato Grosso do Sul,5215,"29,04",105,0,"2025-06-08-PSMN-5215-29,04-105",50440,2.5,20176
2025-06-08,Sebrae Nacional - DEBRITO,1,facebook,sbrae_2025_psmn,psmn,"2025_6_BR_TRAF_CPC_MULHERES DE 25 A 45 ANOS; INTERESSES EM EMPREENDEDORISMO, PEQUENOS NEGÓCIOS E MEI; COMPORTAMENTO VOLTADO A ENGAJAMENTO COM PERFIS DE NEGÓCIOS E INFLUENCIADORES DE GESTÃO",2025_6_BR_REELS_GABRIELA BAILAS REELS_ACAO_SBRAE_2025_PSMN0289,Tráfego,Minas Gerais,7490,"31,57",83,0,"2025-06-08-PSMN-7490-31,57-83",50440,2.5,20176
2025-06-08,Sebrae Nacional - DEBRITO,1,facebook,sbrae_2025_psmn,psmn,"2025_6_BR_TRAF_CPC_MULHERES DE 25 A 45 ANOS; INTERESSES EM EMPREENDEDORISMO, PEQUENOS NEGÓCIOS E MEI; COMPORTAMENTO VOLTADO A ENGAJAMENTO COM PERFIS DE NEGÓCIOS E INFLUENCIADORES DE GESTÃO",2025_6_BR_REELS_VIC CERIDONO REELS_ACAO_SBRAE_2025_PSMN0290,Tráfego,Minas Gerais,20961,"158,05",482,0,"2025-06-08-PSMN-20961-158,05-482",50440,2.5,20176
2025-06-08,Sebrae Nacional - DEBRITO,1,facebook,sbrae_2025_psmn,psmn,"2025_6_BR_TRAF_CPC_MULHERES DE 25 A 45 ANOS; INTERESSES EM EMPREENDEDORISMO, PEQUENOS NEGÓCIOS E MEI; COMPORTAMENTO VOLTADO A ENGAJAMENTO COM PERFIS DE NEGÓCIOS E INFLUENCIADORES DE GESTÃO",2025_6_BR_STORIES_GABRIELA BAILAS STORIES_ACAO_SBRAE_2025_PSMN0292,Tráfego,Minas Gerais,13230,"118,55",591,0,"2025-06-08-PSMN-13230-118,55-591",50440,2.5,20176
2025-06-08,Sebrae Nacional - DEBRITO,1,facebook,sbrae_2025_psmn,psmn,"2025_6_BR_TRAF_CPC_MULHERES DE 25 A 45 ANOS; INTERESSES EM EMPREENDEDORISMO, PEQUENOS NEGÓCIOS E MEI; COMPORTAMENTO VOLTADO A ENGAJAMENTO COM PERFIS DE NEGÓCIOS E INFLUENCIADORES DE GESTÃO",2025_6_BR_STORIES_VIC CERIDONO STORIES_ACAO_SBRAE_2025_PSMN0291,Tráfego,Minas Gerais,25304,"153,32",629,0,"2025-06-08-PSMN-25304-153,32-629",50440,2.5,20176
2025-06-08,Sebrae Nacional - DEBRITO,1,facebook,sbrae_2025_psmn,psmn,"2025_6_BR_TRAF_CPC_MULHERES DE 25 A 45 ANOS; INTERESSES EM EMPREENDEDORISMO, PEQUENOS NEGÓCIOS E MEI; COMPORTAMENTO VOLTADO A ENGAJAMENTO COM PERFIS DE NEGÓCIOS E INFLUENCIADORES DE GESTÃO",2025_6_BR_REELS_GABRIELA BAILAS REELS_ACAO_SBRAE_2025_PSMN0289,Tráfego,Paraná,1412,"7,15",16,0,"2025-06-08-PSMN-1412-7,15-16",50440,2.5,20176
2025-06-08,Sebrae Nacional - DEBRITO,1,facebook,sbrae_2025_psmn,psmn,"2025_6_BR_TRAF_CPC_MULHERES DE 25 A 45 ANOS; INTERESSES EM EMPREENDEDORISMO, PEQUENOS NEGÓCIOS E MEI; COMPORTAMENTO VOLTADO A ENGAJAMENTO COM PERFIS DE NEGÓCIOS E INFLUENCIADORES DE GESTÃO",2025_6_BR_REELS_VIC CERIDONO REELS_ACAO_SBRAE_2025_PSMN0290,Tráfego,Paraná,7815,"65,9",196,0,"2025-06-08-PSMN-7815-65,9-196",50440,2.5,20176
2025-06-08,Sebrae Nacional - DEBRITO,1,facebook,sbrae_2025_psmn,psmn,"2025_6_BR_TRAF_CPC_MULHERES DE 25 A 45 ANOS; INTERESSES EM EMPREENDEDORISMO, PEQUENOS NEGÓCIOS E MEI; COMPORTAMENTO VOLTADO A ENGAJAMENTO COM PERFIS DE NEGÓCIOS E INFLUENCIADORES DE GESTÃO",2025_6_BR_STORIES_GABRIELA BAILAS STORIES_ACAO_SBRAE_2025_PSMN0292,Tráfego,Paraná,6107,"50,49",232,0,"2025-06-08-PSMN-6107-50,49-232",50440,2.5,20176
2025-06-08,Sebrae Nacional - DEBRITO,1,facebook,sbrae_2025_psmn,psmn,"2025_6_BR_TRAF_CPC_MULHERES DE 25 A 45 ANOS; INTERESSES EM EMPREENDEDORISMO, PEQUENOS NEGÓCIOS E MEI; COMPORTAMENTO VOLTADO A ENGAJAMENTO COM PERFIS DE NEGÓCIOS E INFLUENCIADORES DE GESTÃO",2025_6_BR_STORIES_VIC CERIDONO STORIES_ACAO_SBRAE_2025_PSMN0291,Tráfego,Paraná,12447,"70,43",302,0,"2025-06-08-PSMN-12447-70,43-302",50440,2.5,20176
2025-06-08,Sebrae Nacional - DEBRITO,1,facebook,sbrae_2025_psmn,psmn,"2025_6_BR_TRAF_CPC_MULHERES DE 25 A 45 ANOS; INTERESSES EM EMPREENDEDORISMO, PEQUENOS NEGÓCIOS E MEI; COMPORTAMENTO VOLTADO A ENGAJAMENTO COM PERFIS DE NEGÓCIOS E INFLUENCIADORES DE GESTÃO",2025_6_BR_REELS_GABRIELA BAILAS REELS_ACAO_SBRAE_2025_PSMN0289,Tráfego,Paraíba,7001,"28,02",70,0,"2025-06-08-PSMN-7001-28,02-70",50440,2.5,20176
2025-06-08,Sebrae Nacional - DEBRITO,1,facebook,sbrae_2025_psmn,psmn,"2025_6_BR_TRAF_CPC_MULHERES DE 25 A 45 ANOS; INTERESSES EM EMPREENDEDORISMO, PEQUENOS NEGÓCIOS E MEI; COMPORTAMENTO VOLTADO A ENGAJAMENTO COM PERFIS DE NEGÓCIOS E INFLUENCIADORES DE GESTÃO",2025_6_BR_REELS_VIC CERIDONO REELS_ACAO_SBRAE_2025_PSMN0290,Tráfego,Paraíba,14229,"93,62",249,0,"2025-06-08-PSMN-14229-93,62-249",50440,2.5,20176
2025-06-08,Sebrae Nacional - DEBRITO,1,facebook,sbrae_2025_psmn,psmn,"2025_6_BR_TRAF_CPC_MULHERES DE 25 A 45 ANOS; INTERESSES EM EMPREENDEDORISMO, PEQUENOS NEGÓCIOS E MEI; COMPORTAMENTO VOLTADO A ENGAJAMENTO COM PERFIS DE NEGÓCIOS E INFLUENCIADORES DE GESTÃO",2025_6_BR_STORIES_GABRIELA BAILAS STORIES_ACAO_SBRAE_2025_PSMN0292,Tráfego,Paraíba,10852,"83,73",395,0,"2025-06-08-PSMN-10852-83,73-395",50440,2.5,20176
2025-06-08,Sebrae Nacional - DEBRITO,1,facebook,sbrae_2025_psmn,psmn,"2025_6_BR_TRAF_CPC_MULHERES DE 25 A 45 ANOS; INTERESSES EM EMPREENDEDORISMO, PEQUENOS NEGÓCIOS E MEI; COMPORTAMENTO VOLTADO A ENGAJAMENTO COM PERFIS DE NEGÓCIOS E INFLUENCIADORES DE GESTÃO",2025_6_BR_STORIES_VIC CERIDONO STORIES_ACAO_SBRAE_2025_PSMN0291,Tráfego,Paraíba,9719,"54,97",223,0,"2025-06-08-PSMN-9719-54,97-223",50440,2.5,20176
2025-06-08,Sebrae Nacional - DEBRITO,1,facebook,sbrae_2025_psmn,psmn,"2025_6_BR_TRAF_CPC_MULHERES DE 25 A 45 ANOS; INTERESSES EM EMPREENDEDORISMO, PEQUENOS NEGÓCIOS E MEI; COMPORTAMENTO VOLTADO A ENGAJAMENTO COM PERFIS DE NEGÓCIOS E INFLUENCIADORES DE GESTÃO",2025_6_BR_REELS_GABRIELA BAILAS REELS_ACAO_SBRAE_2025_PSMN0289,Tráfego,Pará,5874,"21,85",68,0,"2025-06-08-PSMN-5874-21,85-68",50440,2.5,20176
2025-06-08,Sebrae Nacional - DEBRITO,1,facebook,sbrae_2025_psmn,psmn,"2025_6_BR_TRAF_CPC_MULHERES DE 25 A 45 ANOS; INTERESSES EM EMPREENDEDORISMO, PEQUENOS NEGÓCIOS E MEI; COMPORTAMENTO VOLTADO A ENGAJAMENTO COM PERFIS DE NEGÓCIOS E INFLUENCIADORES DE GESTÃO",2025_6_BR_REELS_VIC CERIDONO REELS_ACAO_SBRAE_2025_PSMN0290,Tráfego,Pará,12819,"86,23",263,0,"2025-06-08-PSMN-12819-86,23-263",50440,2.5,20176
2025-06-08,Sebrae Nacional - DEBRITO,1,facebook,sbrae_2025_psmn,psmn,"2025_6_BR_TRAF_CPC_MULHERES DE 25 A 45 ANOS; INTERESSES EM EMPREENDEDORISMO, PEQUENOS NEGÓCIOS E MEI; COMPORTAMENTO VOLTADO A ENGAJAMENTO COM PERFIS DE NEGÓCIOS E INFLUENCIADORES DE GESTÃO",2025_6_BR_STORIES_GABRIELA BAILAS STORIES_ACAO_SBRAE_2025_PSMN0292,Tráfego,Pará,8777,"60,82",255,0,"2025-06-08-PSMN-8777-60,82-255",50440,2.5,20176
2025-06-08,Sebrae Nacional - DEBRITO,1,facebook,sbrae_2025_psmn,psmn,"2025_6_BR_TRAF_CPC_MULHERES DE 25 A 45 ANOS; INTERESSES EM EMPREENDEDORISMO, PEQUENOS NEGÓCIOS E MEI; COMPORTAMENTO VOLTADO A ENGAJAMENTO COM PERFIS DE NEGÓCIOS E INFLUENCIADORES DE GESTÃO",2025_6_BR_STORIES_VIC CERIDONO STORIES_ACAO_SBRAE_2025_PSMN0291,Tráfego,Pará,16502,"81,25",327,0,"2025-06-08-PSMN-16502-81,25-327",50440,2.5,20176
2025-06-08,Sebrae Nacional - DEBRITO,1,facebook,sbrae_2025_psmn,psmn,"2025_6_BR_TRAF_CPC_MULHERES DE 25 A 45 ANOS; INTERESSES EM EMPREENDEDORISMO, PEQUENOS NEGÓCIOS E MEI; COMPORTAMENTO VOLTADO A ENGAJAMENTO COM PERFIS DE NEGÓCIOS E INFLUENCIADORES DE GESTÃO",2025_6_BR_REELS_GABRIELA BAILAS REELS_ACAO_SBRAE_2025_PSMN0289,Tráfego,Pernambuco,13814,"58,1",151,0,"2025-06-08-PSMN-13814-58,1-151",50440,2.5,20176
2025-06-08,Sebrae Nacional - DEBRITO,1,facebook,sbrae_2025_psmn,psmn,"2025_6_BR_TRAF_CPC_MULHERES DE 25 A 45 ANOS; INTERESSES EM EMPREENDEDORISMO, PEQUENOS NEGÓCIOS E MEI; COMPORTAMENTO VOLTADO A ENGAJAMENTO COM PERFIS DE NEGÓCIOS E INFLUENCIADORES DE GESTÃO",2025_6_BR_REELS_VIC CERIDONO REELS_ACAO_SBRAE_2025_PSMN0290,Tráfego,Pernambuco,25886,"176,17",527,0,"2025-06-08-PSMN-25886-176,17-527",50440,2.5,20176
2025-06-08,Sebrae Nacional - DEBRITO,1,facebook,sbrae_2025_psmn,psmn,"2025_6_BR_TRAF_CPC_MULHERES DE 25 A 45 ANOS; INTERESSES EM EMPREENDEDORISMO, PEQUENOS NEGÓCIOS E MEI; COMPORTAMENTO VOLTADO A ENGAJAMENTO COM PERFIS DE NEGÓCIOS E INFLUENCIADORES DE GESTÃO",2025_6_BR_STORIES_GABRIELA BAILAS STORIES_ACAO_SBRAE_2025_PSMN0292,Tráfego,Pernambuco,16779,"134,73",579,0,"2025-06-08-PSMN-16779-134,73-579",50440,2.5,20176
2025-06-08,Sebrae Nacional - DEBRITO,1,facebook,sbrae_2025_psmn,psmn,"2025_6_BR_TRAF_CPC_MULHERES DE 25 A 45 ANOS; INTERESSES EM EMPREENDEDORISMO, PEQUENOS NEGÓCIOS E MEI; COMPORTAMENTO VOLTADO A ENGAJAMENTO COM PERFIS DE NEGÓCIOS E INFLUENCIADORES DE GESTÃO",2025_6_BR_STORIES_VIC CERIDONO STORIES_ACAO_SBRAE_2025_PSMN0291,Tráfego,Pernambuco,18678,"110,11",410,0,"2025-06-08-PSMN-18678-110,11-410",50440,2.5,20176
2025-06-08,Sebrae Nacional - DEBRITO,1,facebook,sbrae_2025_psmn,psmn,"2025_6_BR_TRAF_CPC_MULHERES DE 25 A 45 ANOS; INTERESSES EM EMPREENDEDORISMO, PEQUENOS NEGÓCIOS E MEI; COMPORTAMENTO VOLTADO A ENGAJAMENTO COM PERFIS DE NEGÓCIOS E INFLUENCIADORES DE GESTÃO",2025_6_BR_REELS_GABRIELA BAILAS REELS_ACAO_SBRAE_2025_PSMN0289,Tráfego,Piauí,4216,"16,87",43,0,"2025-06-08-PSMN-4216-16,87-43",50440,2.5,20176
2025-06-08,Sebrae Nacional - DEBRITO,1,facebook,sbrae_2025_psmn,psmn,"2025_6_BR_TRAF_CPC_MULHERES DE 25 A 45 ANOS; INTERESSES EM EMPREENDEDORISMO, PEQUENOS NEGÓCIOS E MEI; COMPORTAMENTO VOLTADO A ENGAJAMENTO COM PERFIS DE NEGÓCIOS E INFLUENCIADORES DE GESTÃO",2025_6_BR_REELS_VIC CERIDONO REELS_ACAO_SBRAE_2025_PSMN0290,Tráfego,Piauí,7487,"47,45",136,0,"2025-06-08-PSMN-7487-47,45-136",50440,2.5,20176
2025-06-08,Sebrae Nacional - DEBRITO,1,facebook,sbrae_2025_psmn,psmn,"2025_6_BR_TRAF_CPC_MULHERES DE 25 A 45 ANOS; INTERESSES EM EMPREENDEDORISMO, PEQUENOS NEGÓCIOS E MEI; COMPORTAMENTO VOLTADO A ENGAJAMENTO COM PERFIS DE NEGÓCIOS E INFLUENCIADORES DE GESTÃO",2025_6_BR_STORIES_GABRIELA BAILAS STORIES_ACAO_SBRAE_2025_PSMN0292,Tráfego,Piauí,6228,"49,96",229,0,"2025-06-08-PSMN-6228-49,96-229",50440,2.5,20176
2025-06-08,Sebrae Nacional - DEBRITO,1,facebook,sbrae_2025_psmn,psmn,"2025_6_BR_TRAF_CPC_MULHERES DE 25 A 45 ANOS; INTERESSES EM EMPREENDEDORISMO, PEQUENOS NEGÓCIOS E MEI; COMPORTAMENTO VOLTADO A ENGAJAMENTO COM PERFIS DE NEGÓCIOS E INFLUENCIADORES DE GESTÃO",2025_6_BR_STORIES_VIC CERIDONO STORIES_ACAO_SBRAE_2025_PSMN0291,Tráfego,Piauí,6822,"37,24",142,0,"2025-06-08-PSMN-6822-37,24-142",50440,2.5,20176
2025-06-08,Sebrae Nacional - DEBRITO,1,facebook,sbrae_2025_psmn,psmn,"2025_6_BR_TRAF_CPC_MULHERES DE 25 A 45 ANOS; INTERESSES EM EMPREENDEDORISMO, PEQUENOS NEGÓCIOS E MEI; COMPORTAMENTO VOLTADO A ENGAJAMENTO COM PERFIS DE NEGÓCIOS E INFLUENCIADORES DE GESTÃO",2025_6_BR_REELS_GABRIELA BAILAS REELS_ACAO_SBRAE_2025_PSMN0289,Tráfego,Rio Grande do Norte,6678,"28,98",73,0,"2025-06-08-PSMN-6678-28,98-73",50440,2.5,20176
2025-06-08,Sebrae Nacional - DEBRITO,1,facebook,sbrae_2025_psmn,psmn,"2025_6_BR_TRAF_CPC_MULHERES DE 25 A 45 ANOS; INTERESSES EM EMPREENDEDORISMO, PEQUENOS NEGÓCIOS E MEI; COMPORTAMENTO VOLTADO A ENGAJAMENTO COM PERFIS DE NEGÓCIOS E INFLUENCIADORES DE GESTÃO",2025_6_BR_REELS_VIC CERIDONO REELS_ACAO_SBRAE_2025_PSMN0290,Tráfego,Rio Grande do Norte,12596,"87,85",275,0,"2025-06-08-PSMN-12596-87,85-275",50440,2.5,20176
2025-06-08,Sebrae Nacional - DEBRITO,1,facebook,sbrae_2025_psmn,psmn,"2025_6_BR_TRAF_CPC_MULHERES DE 25 A 45 ANOS; INTERESSES EM EMPREENDEDORISMO, PEQUENOS NEGÓCIOS E MEI; COMPORTAMENTO VOLTADO A ENGAJAMENTO COM PERFIS DE NEGÓCIOS E INFLUENCIADORES DE GESTÃO",2025_6_BR_STORIES_GABRIELA BAILAS STORIES_ACAO_SBRAE_2025_PSMN0292,Tráfego,Rio Grande do Norte,9136,"71,28",291,0,"2025-06-08-PSMN-9136-71,28-291",50440,2.5,20176
2025-06-08,Sebrae Nacional - DEBRITO,1,facebook,sbrae_2025_psmn,psmn,"2025_6_BR_TRAF_CPC_MULHERES DE 25 A 45 ANOS; INTERESSES EM EMPREENDEDORISMO, PEQUENOS NEGÓCIOS E MEI; COMPORTAMENTO VOLTADO A ENGAJAMENTO COM PERFIS DE NEGÓCIOS E INFLUENCIADORES DE GESTÃO",2025_6_BR_STORIES_VIC CERIDONO STORIES_ACAO_SBRAE_2025_PSMN0291,Tráfego,Rio Grande do Norte,8708,"50,69",216,0,"2025-06-08-PSMN-8708-50,69-216",50440,2.5,20176
2025-06-08,Sebrae Nacional - DEBRITO,1,facebook,sbrae_2025_psmn,psmn,"2025_6_BR_TRAF_CPC_MULHERES DE 25 A 45 ANOS; INTERESSES EM EMPREENDEDORISMO, PEQUENOS NEGÓCIOS E MEI; COMPORTAMENTO VOLTADO A ENGAJAMENTO COM PERFIS DE NEGÓCIOS E INFLUENCIADORES DE GESTÃO",2025_6_BR_REELS_GABRIELA BAILAS REELS_ACAO_SBRAE_2025_PSMN0289,Tráfego,Rio Grande do Sul,1919,"10,48",27,0,"2025-06-08-PSMN-1919-10,48-27",50440,2.5,20176
2025-06-08,Sebrae Nacional - DEBRITO,1,facebook,sbrae_2025_psmn,psmn,"2025_6_BR_TRAF_CPC_MULHERES DE 25 A 45 ANOS; INTERESSES EM EMPREENDEDORISMO, PEQUENOS NEGÓCIOS E MEI; COMPORTAMENTO VOLTADO A ENGAJAMENTO COM PERFIS DE NEGÓCIOS E INFLUENCIADORES DE GESTÃO",2025_6_BR_REELS_VIC CERIDONO REELS_ACAO_SBRAE_2025_PSMN0290,Tráfego,Rio Grande do Sul,12774,"103,71",328,0,"2025-06-08-PSMN-12774-103,71-328",50440,2.5,20176
2025-06-08,Sebrae Nacional - DEBRITO,1,facebook,sbrae_2025_psmn,psmn,"2025_6_BR_TRAF_CPC_MULHERES DE 25 A 45 ANOS; INTERESSES EM EMPREENDEDORISMO, PEQUENOS NEGÓCIOS E MEI; COMPORTAMENTO VOLTADO A ENGAJAMENTO COM PERFIS DE NEGÓCIOS E INFLUENCIADORES DE GESTÃO",2025_6_BR_STORIES_GABRIELA BAILAS STORIES_ACAO_SBRAE_2025_PSMN0292,Tráfego,Rio Grande do Sul,8580,"69,02",311,0,"2025-06-08-PSMN-8580-69,02-311",50440,2.5,20176
2025-06-08,Sebrae Nacional - DEBRITO,1,facebook,sbrae_2025_psmn,psmn,"2025_6_BR_TRAF_CPC_MULHERES DE 25 A 45 ANOS; INTERESSES EM EMPREENDEDORISMO, PEQUENOS NEGÓCIOS E MEI; COMPORTAMENTO VOLTADO A ENGAJAMENTO COM PERFIS DE NEGÓCIOS E INFLUENCIADORES DE GESTÃO",2025_6_BR_STORIES_VIC CERIDONO STORIES_ACAO_SBRAE_2025_PSMN0291,Tráfego,Rio Grande do Sul,14053,"81,55",267,0,"2025-06-08-PSMN-14053-81,55-267",50440,2.5,20176
2025-06-08,Sebrae Nacional - DEBRITO,1,facebook,sbrae_2025_psmn,psmn,"2025_6_BR_TRAF_CPC_MULHERES DE 25 A 45 ANOS; INTERESSES EM EMPREENDEDORISMO, PEQUENOS NEGÓCIOS E MEI; COMPORTAMENTO VOLTADO A ENGAJAMENTO COM PERFIS DE NEGÓCIOS E INFLUENCIADORES DE GESTÃO",2025_6_BR_REELS_GABRIELA BAILAS REELS_ACAO_SBRAE_2025_PSMN0289,Tráfego,Rio de Janeiro,3782,"21,96",73,0,"2025-06-08-PSMN-3782-21,96-73",50440,2.5,20176
2025-06-08,Sebrae Nacional - DEBRITO,1,facebook,sbrae_2025_psmn,psmn,"2025_6_BR_TRAF_CPC_MULHERES DE 25 A 45 ANOS; INTERESSES EM EMPREENDEDORISMO, PEQUENOS NEGÓCIOS E MEI; COMPORTAMENTO VOLTADO A ENGAJAMENTO COM PERFIS DE NEGÓCIOS E INFLUENCIADORES DE GESTÃO",2025_6_BR_REELS_VIC CERIDONO REELS_ACAO_SBRAE_2025_PSMN0290,Tráfego,Rio de Janeiro,14999,"132,14",423,0,"2025-06-08-PSMN-14999-132,14-423",50440,2.5,20176
2025-06-08,Sebrae Nacional - DEBRITO,1,facebook,sbrae_2025_psmn,psmn,"2025_6_BR_TRAF_CPC_MULHERES DE 25 A 45 ANOS; INTERESSES EM EMPREENDEDORISMO, PEQUENOS NEGÓCIOS E MEI; COMPORTAMENTO VOLTADO A ENGAJAMENTO COM PERFIS DE NEGÓCIOS E INFLUENCIADORES DE GESTÃO",2025_6_BR_STORIES_GABRIELA BAILAS STORIES_ACAO_SBRAE_2025_PSMN0292,Tráfego,Rio de Janeiro,7765,"73,47",315,0,"2025-06-08-PSMN-7765-73,47-315",50440,2.5,20176
2025-06-08,Sebrae Nacional - DEBRITO,1,facebook,sbrae_2025_psmn,psmn,"2025_6_BR_TRAF_CPC_MULHERES DE 25 A 45 ANOS; INTERESSES EM EMPREENDEDORISMO, PEQUENOS NEGÓCIOS E MEI; COMPORTAMENTO VOLTADO A ENGAJAMENTO COM PERFIS DE NEGÓCIOS E INFLUENCIADORES DE GESTÃO",2025_6_BR_STORIES_VIC CERIDONO STORIES_ACAO_SBRAE_2025_PSMN0291,Tráfego,Rio de Janeiro,18298,"118,66",438,0,"2025-06-08-PSMN-18298-118,66-438",50440,2.5,20176
2025-06-08,Sebrae Nacional - DEBRITO,1,facebook,sbrae_2025_psmn,psmn,"2025_6_BR_TRAF_CPC_MULHERES DE 25 A 45 ANOS; INTERESSES EM EMPREENDEDORISMO, PEQUENOS NEGÓCIOS E MEI; COMPORTAMENTO VOLTADO A ENGAJAMENTO COM PERFIS DE NEGÓCIOS E INFLUENCIADORES DE GESTÃO",2025_6_BR_REELS_GABRIELA BAILAS REELS_ACAO_SBRAE_2025_PSMN0289,Tráfego,Rondônia,651,"2,86",6,0,"2025-06-08-PSMN-651-2,86-6",50440,2.5,20176
2025-06-08,Sebrae Nacional - DEBRITO,1,facebook,sbrae_2025_psmn,psmn,"2025_6_BR_TRAF_CPC_MULHERES DE 25 A 45 ANOS; INTERESSES EM EMPREENDEDORISMO, PEQUENOS NEGÓCIOS E MEI; COMPORTAMENTO VOLTADO A ENGAJAMENTO COM PERFIS DE NEGÓCIOS E INFLUENCIADORES DE GESTÃO",2025_6_BR_REELS_VIC CERIDONO REELS_ACAO_SBRAE_2025_PSMN0290,Tráfego,Rondônia,1753,"14,5",40,0,"2025-06-08-PSMN-1753-14,5-40",50440,2.5,20176
2025-06-08,Sebrae Nacional - DEBRITO,1,facebook,sbrae_2025_psmn,psmn,"2025_6_BR_TRAF_CPC_MULHERES DE 25 A 45 ANOS; INTERESSES EM EMPREENDEDORISMO, PEQUENOS NEGÓCIOS E MEI; COMPORTAMENTO VOLTADO A ENGAJAMENTO COM PERFIS DE NEGÓCIOS E INFLUENCIADORES DE GESTÃO",2025_6_BR_STORIES_GABRIELA BAILAS STORIES_ACAO_SBRAE_2025_PSMN0292,Tráfego,Rondônia,1287,"9,88",44,0,"2025-06-08-PSMN-1287-9,88-44",50440,2.5,20176
2025-06-08,Sebrae Nacional - DEBRITO,1,facebook,sbrae_2025_psmn,psmn,"2025_6_BR_TRAF_CPC_MULHERES DE 25 A 45 ANOS; INTERESSES EM EMPREENDEDORISMO, PEQUENOS NEGÓCIOS E MEI; COMPORTAMENTO VOLTADO A ENGAJAMENTO COM PERFIS DE NEGÓCIOS E INFLUENCIADORES DE GESTÃO",2025_6_BR_STORIES_VIC CERIDONO STORIES_ACAO_SBRAE_2025_PSMN0291,Tráfego,Rondônia,2632,"13,16",41,0,"2025-06-08-PSMN-2632-13,16-41",50440,2.5,20176
2025-06-08,Sebrae Nacional - DEBRITO,1,facebook,sbrae_2025_psmn,psmn,"2025_6_BR_TRAF_CPC_MULHERES DE 25 A 45 ANOS; INTERESSES EM EMPREENDEDORISMO, PEQUENOS NEGÓCIOS E MEI; COMPORTAMENTO VOLTADO A ENGAJAMENTO COM PERFIS DE NEGÓCIOS E INFLUENCIADORES DE GESTÃO",2025_6_BR_REELS_GABRIELA BAILAS REELS_ACAO_SBRAE_2025_PSMN0289,Tráfego,Roraima,236,"1,05",2,0,"2025-06-08-PSMN-236-1,05-2",50440,2.5,20176
2025-06-08,Sebrae Nacional - DEBRITO,1,facebook,sbrae_2025_psmn,psmn,"2025_6_BR_TRAF_CPC_MULHERES DE 25 A 45 ANOS; INTERESSES EM EMPREENDEDORISMO, PEQUENOS NEGÓCIOS E MEI; COMPORTAMENTO VOLTADO A ENGAJAMENTO COM PERFIS DE NEGÓCIOS E INFLUENCIADORES DE GESTÃO",2025_6_BR_REELS_VIC CERIDONO REELS_ACAO_SBRAE_2025_PSMN0290,Tráfego,Roraima,609,"5,41",19,0,"2025-06-08-PSMN-609-5,41-19",50440,2.5,20176
2025-06-08,Sebrae Nacional - DEBRITO,1,facebook,sbrae_2025_psmn,psmn,"2025_6_BR_TRAF_CPC_MULHERES DE 25 A 45 ANOS; INTERESSES EM EMPREENDEDORISMO, PEQUENOS NEGÓCIOS E MEI; COMPORTAMENTO VOLTADO A ENGAJAMENTO COM PERFIS DE NEGÓCIOS E INFLUENCIADORES DE GESTÃO",2025_6_BR_STORIES_GABRIELA BAILAS STORIES_ACAO_SBRAE_2025_PSMN0292,Tráfego,Roraima,506,"3,11",15,0,"2025-06-08-PSMN-506-3,11-15",50440,2.5,20176
2025-06-08,Sebrae Nacional - DEBRITO,1,facebook,sbrae_2025_psmn,psmn,"2025_6_BR_TRAF_CPC_MULHERES DE 25 A 45 ANOS; INTERESSES EM EMPREENDEDORISMO, PEQUENOS NEGÓCIOS E MEI; COMPORTAMENTO VOLTADO A ENGAJAMENTO COM PERFIS DE NEGÓCIOS E INFLUENCIADORES DE GESTÃO",2025_6_BR_STORIES_VIC CERIDONO STORIES_ACAO_SBRAE_2025_PSMN0291,Tráfego,Roraima,1078,"5,72",25,0,"2025-06-08-PSMN-1078-5,72-25",50440,2.5,20176
2025-06-08,Sebrae Nacional - DEBRITO,1,facebook,sbrae_2025_psmn,psmn,"2025_6_BR_TRAF_CPC_MULHERES DE 25 A 45 ANOS; INTERESSES EM EMPREENDEDORISMO, PEQUENOS NEGÓCIOS E MEI; COMPORTAMENTO VOLTADO A ENGAJAMENTO COM PERFIS DE NEGÓCIOS E INFLUENCIADORES DE GESTÃO",2025_6_BR_REELS_GABRIELA BAILAS REELS_ACAO_SBRAE_2025_PSMN0289,Tráfego,Santa Catarina,751,"4,68",16,0,"2025-06-08-PSMN-751-4,68-16",50440,2.5,20176
2025-06-08,Sebrae Nacional - DEBRITO,1,facebook,sbrae_2025_psmn,psmn,"2025_6_BR_TRAF_CPC_MULHERES DE 25 A 45 ANOS; INTERESSES EM EMPREENDEDORISMO, PEQUENOS NEGÓCIOS E MEI; COMPORTAMENTO VOLTADO A ENGAJAMENTO COM PERFIS DE NEGÓCIOS E INFLUENCIADORES DE GESTÃO",2025_6_BR_REELS_VIC CERIDONO REELS_ACAO_SBRAE_2025_PSMN0290,Tráfego,Santa Catarina,5602,"48,58",146,0,"2025-06-08-PSMN-5602-48,58-146",50440,2.5,20176
2025-06-08,Sebrae Nacional - DEBRITO,1,facebook,sbrae_2025_psmn,psmn,"2025_6_BR_TRAF_CPC_MULHERES DE 25 A 45 ANOS; INTERESSES EM EMPREENDEDORISMO, PEQUENOS NEGÓCIOS E MEI; COMPORTAMENTO VOLTADO A ENGAJAMENTO COM PERFIS DE NEGÓCIOS E INFLUENCIADORES DE GESTÃO",2025_6_BR_STORIES_GABRIELA BAILAS STORIES_ACAO_SBRAE_2025_PSMN0292,Tráfego,Santa Catarina,4535,"39,41",172,0,"2025-06-08-PSMN-4535-39,41-172",50440,2.5,20176
2025-06-08,Sebrae Nacional - DEBRITO,1,facebook,sbrae_2025_psmn,psmn,"2025_6_BR_TRAF_CPC_MULHERES DE 25 A 45 ANOS; INTERESSES EM EMPREENDEDORISMO, PEQUENOS NEGÓCIOS E MEI; COMPORTAMENTO VOLTADO A ENGAJAMENTO COM PERFIS DE NEGÓCIOS E INFLUENCIADORES DE GESTÃO",2025_6_BR_STORIES_VIC CERIDONO STORIES_ACAO_SBRAE_2025_PSMN0291,Tráfego,Santa Catarina,8180,"48,71",173,0,"2025-06-08-PSMN-8180-48,71-173",50440,2.5,20176
2025-06-08,Sebrae Nacional - DEBRITO,1,facebook,sbrae_2025_psmn,psmn,"2025_6_BR_TRAF_CPC_MULHERES DE 25 A 45 ANOS; INTERESSES EM EMPREENDEDORISMO, PEQUENOS NEGÓCIOS E MEI; COMPORTAMENTO VOLTADO A ENGAJAMENTO COM PERFIS DE NEGÓCIOS E INFLUENCIADORES DE GESTÃO",2025_6_BR_REELS_GABRIELA BAILAS REELS_ACAO_SBRAE_2025_PSMN0289,Tráfego,Sergipe,4454,"16,24",30,0,"2025-06-08-PSMN-4454-16,24-30",50440,2.5,20176
2025-06-08,Sebrae Nacional - DEBRITO,1,facebook,sbrae_2025_psmn,psmn,"2025_6_BR_TRAF_CPC_MULHERES DE 25 A 45 ANOS; INTERESSES EM EMPREENDEDORISMO, PEQUENOS NEGÓCIOS E MEI; COMPORTAMENTO VOLTADO A ENGAJAMENTO COM PERFIS DE NEGÓCIOS E INFLUENCIADORES DE GESTÃO",2025_6_BR_REELS_VIC CERIDONO REELS_ACAO_SBRAE_2025_PSMN0290,Tráfego,Sergipe,5958,"32,07",70,0,"2025-06-08-PSMN-5958-32,07-70",50440,2.5,20176
2025-06-08,Sebrae Nacional - DEBRITO,1,facebook,sbrae_2025_psmn,psmn,"2025_6_BR_TRAF_CPC_MULHERES DE 25 A 45 ANOS; INTERESSES EM EMPREENDEDORISMO, PEQUENOS NEGÓCIOS E MEI; COMPORTAMENTO VOLTADO A ENGAJAMENTO COM PERFIS DE NEGÓCIOS E INFLUENCIADORES DE GESTÃO",2025_6_BR_STORIES_GABRIELA BAILAS STORIES_ACAO_SBRAE_2025_PSMN0292,Tráfego,Sergipe,2820,"24,29",95,0,"2025-06-08-PSMN-2820-24,29-95",50440,2.5,20176
2025-06-08,Sebrae Nacional - DEBRITO,1,facebook,sbrae_2025_psmn,psmn,"2025_6_BR_TRAF_CPC_MULHERES DE 25 A 45 ANOS; INTERESSES EM EMPREENDEDORISMO, PEQUENOS NEGÓCIOS E MEI; COMPORTAMENTO VOLTADO A ENGAJAMENTO COM PERFIS DE NEGÓCIOS E INFLUENCIADORES DE GESTÃO",2025_6_BR_STORIES_VIC CERIDONO STORIES_ACAO_SBRAE_2025_PSMN0291,Tráfego,Sergipe,3334,"19,61",61,0,"2025-06-08-PSMN-3334-19,61-61",50440,2.5,20176
2025-06-08,Sebrae Nacional - DEBRITO,1,facebook,sbrae_2025_psmn,psmn,"2025_6_BR_TRAF_CPC_MULHERES DE 25 A 45 ANOS; INTERESSES EM EMPREENDEDORISMO, PEQUENOS NEGÓCIOS E MEI; COMPORTAMENTO VOLTADO A ENGAJAMENTO COM PERFIS DE NEGÓCIOS E INFLUENCIADORES DE GESTÃO",2025_6_BR_REELS_GABRIELA BAILAS REELS_ACAO_SBRAE_2025_PSMN0289,Tráfego,São Paulo,5658,"35,46",105,0,"2025-06-08-PSMN-5658-35,46-105",50440,2.5,20176
2025-06-08,Sebrae Nacional - DEBRITO,1,facebook,sbrae_2025_psmn,psmn,"2025_6_BR_TRAF_CPC_MULHERES DE 25 A 45 ANOS; INTERESSES EM EMPREENDEDORISMO, PEQUENOS NEGÓCIOS E MEI; COMPORTAMENTO VOLTADO A ENGAJAMENTO COM PERFIS DE NEGÓCIOS E INFLUENCIADORES DE GESTÃO",2025_6_BR_REELS_VIC CERIDONO REELS_ACAO_SBRAE_2025_PSMN0290,Tráfego,São Paulo,27405,"239,57",736,0,"2025-06-08-PSMN-27405-239,57-736",50440,2.5,20176
2025-06-08,Sebrae Nacional - DEBRITO,1,facebook,sbrae_2025_psmn,psmn,"2025_6_BR_TRAF_CPC_MULHERES DE 25 A 45 ANOS; INTERESSES EM EMPREENDEDORISMO, PEQUENOS NEGÓCIOS E MEI; COMPORTAMENTO VOLTADO A ENGAJAMENTO COM PERFIS DE NEGÓCIOS E INFLUENCIADORES DE GESTÃO",2025_6_BR_STORIES_GABRIELA BAILAS STORIES_ACAO_SBRAE_2025_PSMN0292,Tráfego,São Paulo,18741,"152,6",671,0,"2025-06-08-PSMN-18741-152,6-671",50440,2.5,20176
2025-06-08,Sebrae Nacional - DEBRITO,1,facebook,sbrae_2025_psmn,psmn,"2025_6_BR_TRAF_CPC_MULHERES DE 25 A 45 ANOS; INTERESSES EM EMPREENDEDORISMO, PEQUENOS NEGÓCIOS E MEI; COMPORTAMENTO VOLTADO A ENGAJAMENTO COM PERFIS DE NEGÓCIOS E INFLUENCIADORES DE GESTÃO",2025_6_BR_STORIES_VIC CERIDONO STORIES_ACAO_SBRAE_2025_PSMN0291,Tráfego,São Paulo,47990,"299,38",1144,0,"2025-06-08-PSMN-47990-299,38-1144",50440,2.5,20176
2025-06-08,Sebrae Nacional - DEBRITO,1,facebook,sbrae_2025_psmn,psmn,"2025_6_BR_TRAF_CPC_MULHERES DE 25 A 45 ANOS; INTERESSES EM EMPREENDEDORISMO, PEQUENOS NEGÓCIOS E MEI; COMPORTAMENTO VOLTADO A ENGAJAMENTO COM PERFIS DE NEGÓCIOS E INFLUENCIADORES DE GESTÃO",2025_6_BR_REELS_GABRIELA BAILAS REELS_ACAO_SBRAE_2025_PSMN0289,Tráfego,Tocantins,1039,"3,35",5,0,"2025-06-08-PSMN-1039-3,35-5",50440,2.5,20176
2025-06-08,Sebrae Nacional - DEBRITO,1,facebook,sbrae_2025_psmn,psmn,"2025_6_BR_TRAF_CPC_MULHERES DE 25 A 45 ANOS; INTERESSES EM EMPREENDEDORISMO, PEQUENOS NEGÓCIOS E MEI; COMPORTAMENTO VOLTADO A ENGAJAMENTO COM PERFIS DE NEGÓCIOS E INFLUENCIADORES DE GESTÃO",2025_6_BR_REELS_VIC CERIDONO REELS_ACAO_SBRAE_2025_PSMN0290,Tráfego,Tocantins,1681,"11,67",31,0,"2025-06-08-PSMN-1681-11,67-31",50440,2.5,20176
2025-06-08,Sebrae Nacional - DEBRITO,1,facebook,sbrae_2025_psmn,psmn,"2025_6_BR_TRAF_CPC_MULHERES DE 25 A 45 ANOS; INTERESSES EM EMPREENDEDORISMO, PEQUENOS NEGÓCIOS E MEI; COMPORTAMENTO VOLTADO A ENGAJAMENTO COM PERFIS DE NEGÓCIOS E INFLUENCIADORES DE GESTÃO",2025_6_BR_STORIES_GABRIELA BAILAS STORIES_ACAO_SBRAE_2025_PSMN0292,Tráfego,Tocantins,938,"7,43",38,0,"2025-06-08-PSMN-938-7,43-38",50440,2.5,20176
2025-06-08,Sebrae Nacional - DEBRITO,1,facebook,sbrae_2025_psmn,psmn,"2025_6_BR_TRAF_CPC_MULHERES DE 25 A 45 ANOS; INTERESSES EM EMPREENDEDORISMO, PEQUENOS NEGÓCIOS E MEI; COMPORTAMENTO VOLTADO A ENGAJAMENTO COM PERFIS DE NEGÓCIOS E INFLUENCIADORES DE GESTÃO",2025_6_BR_STORIES_VIC CERIDONO STORIES_ACAO_SBRAE_2025_PSMN0291,Tráfego,Tocantins,2074,"11,15",43,0,"2025-06-08-PSMN-2074-11,15-43",50440,2.5,20176
2025-06-08,Sebrae Nacional - DEBRITO,1,facebook,sbrae_2025_psmn,psmn,"2025_6_BR_TRAF_CPC_MULHERES DE 25 A 45 ANOS; INTERESSES EM EMPREENDEDORISMO, PEQUENOS NEGÓCIOS E MEI; COMPORTAMENTO VOLTADO A ENGAJAMENTO COM PERFIS DE NEGÓCIOS E INFLUENCIADORES DE GESTÃO",2025_6_BR_REELS_VIC CERIDONO REELS_ACAO_SBRAE_2025_PSMN0290,Tráfego,Não identificado,1,"0,01",0,0,"2025-06-08-PSMN-1-0,01-0",50440,2.5,20176
2025-06-08,Sebrae Nacional - DEBRITO,1,facebook,sbrae_2025_psmn,psmn,"2025_6_BR_TRAF_CPC_MULHERES DE 25 A 45 ANOS; INTERESSES EM EMPREENDEDORISMO, PEQUENOS NEGÓCIOS E MEI; COMPORTAMENTO VOLTADO A ENGAJAMENTO COM PERFIS DE NEGÓCIOS E INFLUENCIADORES DE GESTÃO",2025_6_BR_STORIES_GABRIELA BAILAS STORIES_ACAO_SBRAE_2025_PSMN0292,Tráfego,Não identificado,1,0,0,0,2025-06-08-PSMN-1-0-0,50440,2.5,20176
2025-06-08,Sebrae Nacional - DEBRITO,1,facebook,sbrae_2025_psmn,psmn,"2025_6_BR_TRAF_CPC_MULHERES DE 25 A 45 ANOS; INTERESSES EM EMPREENDEDORISMO, PEQUENOS NEGÓCIOS E MEI; COMPORTAMENTO VOLTADO A ENGAJAMENTO COM PERFIS DE NEGÓCIOS E INFLUENCIADORES DE GESTÃO",2025_6_BR_STORIES_VIC CERIDONO STORIES_ACAO_SBRAE_2025_PSMN0291,Tráfego,Não identificado,1,0,0,0,2025-06-08-PSMN-1-0-0,50440,2.5,20176
2025-06-09,Sebrae Nacional - DEBRITO,1,facebook,sbrae_2025_psmn,psmn,"2025_6_BR_TRAF_CPC_MULHERES DE 25 A 45 ANOS; INTERESSES EM EMPREENDEDORISMO, PEQUENOS NEGÓCIOS E MEI; COMPORTAMENTO VOLTADO A ENGAJAMENTO COM PERFIS DE NEGÓCIOS E INFLUENCIADORES DE GESTÃO",2025_6_BR_CARD_KV_ACAO_SBRAE_2025_PSMN0293,Tráfego,Acre,543,"1,76",6,0,"2025-06-09-PSMN-543-1,76-6",50440,2.5,20176
2025-06-09,Sebrae Nacional - DEBRITO,1,facebook,sbrae_2025_psmn,psmn,"2025_6_BR_TRAF_CPC_MULHERES DE 25 A 45 ANOS; INTERESSES EM EMPREENDEDORISMO, PEQUENOS NEGÓCIOS E MEI; COMPORTAMENTO VOLTADO A ENGAJAMENTO COM PERFIS DE NEGÓCIOS E INFLUENCIADORES DE GESTÃO",2025_6_BR_REELS_GABRIELA BAILAS REELS_ACAO_SBRAE_2025_PSMN0289,Tráfego,Acre,421,"1,64",4,0,"2025-06-09-PSMN-421-1,64-4",50440,2.5,20176
2025-06-09,Sebrae Nacional - DEBRITO,1,facebook,sbrae_2025_psmn,psmn,"2025_6_BR_TRAF_CPC_MULHERES DE 25 A 45 ANOS; INTERESSES EM EMPREENDEDORISMO, PEQUENOS NEGÓCIOS E MEI; COMPORTAMENTO VOLTADO A ENGAJAMENTO COM PERFIS DE NEGÓCIOS E INFLUENCIADORES DE GESTÃO",2025_6_BR_REELS_VIC CERIDONO REELS_ACAO_SBRAE_2025_PSMN0290,Tráfego,Acre,1292,"10,95",41,0,"2025-06-09-PSMN-1292-10,95-41",50440,2.5,20176
2025-06-09,Sebrae Nacional - DEBRITO,1,facebook,sbrae_2025_psmn,psmn,"2025_6_BR_TRAF_CPC_MULHERES DE 25 A 45 ANOS; INTERESSES EM EMPREENDEDORISMO, PEQUENOS NEGÓCIOS E MEI; COMPORTAMENTO VOLTADO A ENGAJAMENTO COM PERFIS DE NEGÓCIOS E INFLUENCIADORES DE GESTÃO",2025_6_BR_STORIES_GABRIELA BAILAS STORIES_ACAO_SBRAE_2025_PSMN0292,Tráfego,Acre,619,"3,51",14,0,"2025-06-09-PSMN-619-3,51-14",50440,2.5,20176
2025-06-09,Sebrae Nacional - DEBRITO,1,facebook,sbrae_2025_psmn,psmn,"2025_6_BR_TRAF_CPC_MULHERES DE 25 A 45 ANOS; INTERESSES EM EMPREENDEDORISMO, PEQUENOS NEGÓCIOS E MEI; COMPORTAMENTO VOLTADO A ENGAJAMENTO COM PERFIS DE NEGÓCIOS E INFLUENCIADORES DE GESTÃO",2025_6_BR_STORIES_VIC CERIDONO STORIES_ACAO_SBRAE_2025_PSMN0291,Tráfego,Acre,1132,"5,22",16,0,"2025-06-09-PSMN-1132-5,22-16",50440,2.5,20176
2025-06-09,Sebrae Nacional - DEBRITO,1,facebook,sbrae_2025_psmn,psmn,"2025_6_BR_TRAF_CPC_MULHERES DE 25 A 45 ANOS; INTERESSES EM EMPREENDEDORISMO, PEQUENOS NEGÓCIOS E MEI; COMPORTAMENTO VOLTADO A ENGAJAMENTO COM PERFIS DE NEGÓCIOS E INFLUENCIADORES DE GESTÃO",2025_6_BR_CARD_KV_ACAO_SBRAE_2025_PSMN0293,Tráfego,Alagoas,3966,"15,33",41,0,"2025-06-09-PSMN-3966-15,33-41",50440,2.5,20176
2025-06-09,Sebrae Nacional - DEBRITO,1,facebook,sbrae_2025_psmn,psmn,"2025_6_BR_TRAF_CPC_MULHERES DE 25 A 45 ANOS; INTERESSES EM EMPREENDEDORISMO, PEQUENOS NEGÓCIOS E MEI; COMPORTAMENTO VOLTADO A ENGAJAMENTO COM PERFIS DE NEGÓCIOS E INFLUENCIADORES DE GESTÃO",2025_6_BR_REELS_GABRIELA BAILAS REELS_ACAO_SBRAE_2025_PSMN0289,Tráfego,Alagoas,3408,"15,63",42,0,"2025-06-09-PSMN-3408-15,63-42",50440,2.5,20176
2025-06-09,Sebrae Nacional - DEBRITO,1,facebook,sbrae_2025_psmn,psmn,"2025_6_BR_TRAF_CPC_MULHERES DE 25 A 45 ANOS; INTERESSES EM EMPREENDEDORISMO, PEQUENOS NEGÓCIOS E MEI; COMPORTAMENTO VOLTADO A ENGAJAMENTO COM PERFIS DE NEGÓCIOS E INFLUENCIADORES DE GESTÃO",2025_6_BR_REELS_VIC CERIDONO REELS_ACAO_SBRAE_2025_PSMN0290,Tráfego,Alagoas,6687,"50,09",163,0,"2025-06-09-PSMN-6687-50,09-163",50440,2.5,20176
2025-06-09,Sebrae Nacional - DEBRITO,1,facebook,sbrae_2025_psmn,psmn,"2025_6_BR_TRAF_CPC_MULHERES DE 25 A 45 ANOS; INTERESSES EM EMPREENDEDORISMO, PEQUENOS NEGÓCIOS E MEI; COMPORTAMENTO VOLTADO A ENGAJAMENTO COM PERFIS DE NEGÓCIOS E INFLUENCIADORES DE GESTÃO",2025_6_BR_STORIES_GABRIELA BAILAS STORIES_ACAO_SBRAE_2025_PSMN0292,Tráfego,Alagoas,4213,"30,8",107,0,"2025-06-09-PSMN-4213-30,8-107",50440,2.5,20176
2025-06-09,Sebrae Nacional - DEBRITO,1,facebook,sbrae_2025_psmn,psmn,"2025_6_BR_TRAF_CPC_MULHERES DE 25 A 45 ANOS; INTERESSES EM EMPREENDEDORISMO, PEQUENOS NEGÓCIOS E MEI; COMPORTAMENTO VOLTADO A ENGAJAMENTO COM PERFIS DE NEGÓCIOS E INFLUENCIADORES DE GESTÃO",2025_6_BR_STORIES_VIC CERIDONO STORIES_ACAO_SBRAE_2025_PSMN0291,Tráfego,Alagoas,4271,"26,01",86,0,"2025-06-09-PSMN-4271-26,01-86",50440,2.5,20176
2025-06-09,Sebrae Nacional - DEBRITO,1,facebook,sbrae_2025_psmn,psmn,"2025_6_BR_TRAF_CPC_MULHERES DE 25 A 45 ANOS; INTERESSES EM EMPREENDEDORISMO, PEQUENOS NEGÓCIOS E MEI; COMPORTAMENTO VOLTADO A ENGAJAMENTO COM PERFIS DE NEGÓCIOS E INFLUENCIADORES DE GESTÃO",2025_6_BR_CARD_KV_ACAO_SBRAE_2025_PSMN0293,Tráfego,Amapá,622,"2,57",13,0,"2025-06-09-PSMN-622-2,57-13",50440,2.5,20176
2025-06-09,Sebrae Nacional - DEBRITO,1,facebook,sbrae_2025_psmn,psmn,"2025_6_BR_TRAF_CPC_MULHERES DE 25 A 45 ANOS; INTERESSES EM EMPREENDEDORISMO, PEQUENOS NEGÓCIOS E MEI; COMPORTAMENTO VOLTADO A ENGAJAMENTO COM PERFIS DE NEGÓCIOS E INFLUENCIADORES DE GESTÃO",2025_6_BR_REELS_GABRIELA BAILAS REELS_ACAO_SBRAE_2025_PSMN0289,Tráfego,Amapá,325,"1,4",1,0,"2025-06-09-PSMN-325-1,4-1",50440,2.5,20176
2025-06-09,Sebrae Nacional - DEBRITO,1,facebook,sbrae_2025_psmn,psmn,"2025_6_BR_TRAF_CPC_MULHERES DE 25 A 45 ANOS; INTERESSES EM EMPREENDEDORISMO, PEQUENOS NEGÓCIOS E MEI; COMPORTAMENTO VOLTADO A ENGAJAMENTO COM PERFIS DE NEGÓCIOS E INFLUENCIADORES DE GESTÃO",2025_6_BR_REELS_VIC CERIDONO REELS_ACAO_SBRAE_2025_PSMN0290,Tráfego,Amapá,1445,"11,18",35,0,"2025-06-09-PSMN-1445-11,18-35",50440,2.5,20176
2025-06-09,Sebrae Nacional - DEBRITO,1,facebook,sbrae_2025_psmn,psmn,"2025_6_BR_TRAF_CPC_MULHERES DE 25 A 45 ANOS; INTERESSES EM EMPREENDEDORISMO, PEQUENOS NEGÓCIOS E MEI; COMPORTAMENTO VOLTADO A ENGAJAMENTO COM PERFIS DE NEGÓCIOS E INFLUENCIADORES DE GESTÃO",2025_6_BR_STORIES_GABRIELA BAILAS STORIES_ACAO_SBRAE_2025_PSMN0292,Tráfego,Amapá,813,"4,38",20,0,"2025-06-09-PSMN-813-4,38-20",50440,2.5,20176
2025-06-09,Sebrae Nacional - DEBRITO,1,facebook,sbrae_2025_psmn,psmn,"2025_6_BR_TRAF_CPC_MULHERES DE 25 A 45 ANOS; INTERESSES EM EMPREENDEDORISMO, PEQUENOS NEGÓCIOS E MEI; COMPORTAMENTO VOLTADO A ENGAJAMENTO COM PERFIS DE NEGÓCIOS E INFLUENCIADORES DE GESTÃO",2025_6_BR_STORIES_VIC CERIDONO STORIES_ACAO_SBRAE_2025_PSMN0291,Tráfego,Amapá,1450,"6,87",27,0,"2025-06-09-PSMN-1450-6,87-27",50440,2.5,20176
2025-06-09,Sebrae Nacional - DEBRITO,1,facebook,sbrae_2025_psmn,psmn,"2025_6_BR_TRAF_CPC_MULHERES DE 25 A 45 ANOS; INTERESSES EM EMPREENDEDORISMO, PEQUENOS NEGÓCIOS E MEI; COMPORTAMENTO VOLTADO A ENGAJAMENTO COM PERFIS DE NEGÓCIOS E INFLUENCIADORES DE GESTÃO",2025_6_BR_CARD_KV_ACAO_SBRAE_2025_PSMN0293,Tráfego,Amazonas,1981,"7,57",21,0,"2025-06-09-PSMN-1981-7,57-21",50440,2.5,20176
2025-06-09,Sebrae Nacional - DEBRITO,1,facebook,sbrae_2025_psmn,psmn,"2025_6_BR_TRAF_CPC_MULHERES DE 25 A 45 ANOS; INTERESSES EM EMPREENDEDORISMO, PEQUENOS NEGÓCIOS E MEI; COMPORTAMENTO VOLTADO A ENGAJAMENTO COM PERFIS DE NEGÓCIOS E INFLUENCIADORES DE GESTÃO",2025_6_BR_REELS_GABRIELA BAILAS REELS_ACAO_SBRAE_2025_PSMN0289,Tráfego,Amazonas,1145,"5,84",19,0,"2025-06-09-PSMN-1145-5,84-19",50440,2.5,20176
2025-06-09,Sebrae Nacional - DEBRITO,1,facebook,sbrae_2025_psmn,psmn,"2025_6_BR_TRAF_CPC_MULHERES DE 25 A 45 ANOS; INTERESSES EM EMPREENDEDORISMO, PEQUENOS NEGÓCIOS E MEI; COMPORTAMENTO VOLTADO A ENGAJAMENTO COM PERFIS DE NEGÓCIOS E INFLUENCIADORES DE GESTÃO",2025_6_BR_REELS_VIC CERIDONO REELS_ACAO_SBRAE_2025_PSMN0290,Tráfego,Amazonas,5797,54,179,0,2025-06-09-PSMN-5797-54-179,50440,2.5,20176
2025-06-09,Sebrae Nacional - DEBRITO,1,facebook,sbrae_2025_psmn,psmn,"2025_6_BR_TRAF_CPC_MULHERES DE 25 A 45 ANOS; INTERESSES EM EMPREENDEDORISMO, PEQUENOS NEGÓCIOS E MEI; COMPORTAMENTO VOLTADO A ENGAJAMENTO COM PERFIS DE NEGÓCIOS E INFLUENCIADORES DE GESTÃO",2025_6_BR_STORIES_GABRIELA BAILAS STORIES_ACAO_SBRAE_2025_PSMN0292,Tráfego,Amazonas,3313,"20,37",87,0,"2025-06-09-PSMN-3313-20,37-87",50440,2.5,20176
2025-06-09,Sebrae Nacional - DEBRITO,1,facebook,sbrae_2025_psmn,psmn,"2025_6_BR_TRAF_CPC_MULHERES DE 25 A 45 ANOS; INTERESSES EM EMPREENDEDORISMO, PEQUENOS NEGÓCIOS E MEI; COMPORTAMENTO VOLTADO A ENGAJAMENTO COM PERFIS DE NEGÓCIOS E INFLUENCIADORES DE GESTÃO",2025_6_BR_STORIES_VIC CERIDONO STORIES_ACAO_SBRAE_2025_PSMN0291,Tráfego,Amazonas,5939,"30,06",131,0,"2025-06-09-PSMN-5939-30,06-131",50440,2.5,20176
2025-06-09,Sebrae Nacional - DEBRITO,1,facebook,sbrae_2025_psmn,psmn,"2025_6_BR_TRAF_CPC_MULHERES DE 25 A 45 ANOS; INTERESSES EM EMPREENDEDORISMO, PEQUENOS NEGÓCIOS E MEI; COMPORTAMENTO VOLTADO A ENGAJAMENTO COM PERFIS DE NEGÓCIOS E INFLUENCIADORES DE GESTÃO",2025_6_BR_CARD_KV_ACAO_SBRAE_2025_PSMN0293,Tráfego,Bahia,14918,"57,51",134,0,"2025-06-09-PSMN-14918-57,51-134",50440,2.5,20176
2025-06-09,Sebrae Nacional - DEBRITO,1,facebook,sbrae_2025_psmn,psmn,"2025_6_BR_TRAF_CPC_MULHERES DE 25 A 45 ANOS; INTERESSES EM EMPREENDEDORISMO, PEQUENOS NEGÓCIOS E MEI; COMPORTAMENTO VOLTADO A ENGAJAMENTO COM PERFIS DE NEGÓCIOS E INFLUENCIADORES DE GESTÃO",2025_6_BR_REELS_GABRIELA BAILAS REELS_ACAO_SBRAE_2025_PSMN0289,Tráfego,Bahia,11893,"50,14",123,0,"2025-06-09-PSMN-11893-50,14-123",50440,2.5,20176
2025-06-09,Sebrae Nacional - DEBRITO,1,facebook,sbrae_2025_psmn,psmn,"2025_6_BR_TRAF_CPC_MULHERES DE 25 A 45 ANOS; INTERESSES EM EMPREENDEDORISMO, PEQUENOS NEGÓCIOS E MEI; COMPORTAMENTO VOLTADO A ENGAJAMENTO COM PERFIS DE NEGÓCIOS E INFLUENCIADORES DE GESTÃO",2025_6_BR_REELS_VIC CERIDONO REELS_ACAO_SBRAE_2025_PSMN0290,Tráfego,Bahia,26614,"206,52",657,0,"2025-06-09-PSMN-26614-206,52-657",50440,2.5,20176
2025-06-09,Sebrae Nacional - DEBRITO,1,facebook,sbrae_2025_psmn,psmn,"2025_6_BR_TRAF_CPC_MULHERES DE 25 A 45 ANOS; INTERESSES EM EMPREENDEDORISMO, PEQUENOS NEGÓCIOS E MEI; COMPORTAMENTO VOLTADO A ENGAJAMENTO COM PERFIS DE NEGÓCIOS E INFLUENCIADORES DE GESTÃO",2025_6_BR_STORIES_GABRIELA BAILAS STORIES_ACAO_SBRAE_2025_PSMN0292,Tráfego,Bahia,16359,"121,63",566,0,"2025-06-09-PSMN-16359-121,63-566",50440,2.5,20176
2025-06-09,Sebrae Nacional - DEBRITO,1,facebook,sbrae_2025_psmn,psmn,"2025_6_BR_TRAF_CPC_MULHERES DE 25 A 45 ANOS; INTERESSES EM EMPREENDEDORISMO, PEQUENOS NEGÓCIOS E MEI; COMPORTAMENTO VOLTADO A ENGAJAMENTO COM PERFIS DE NEGÓCIOS E INFLUENCIADORES DE GESTÃO",2025_6_BR_STORIES_VIC CERIDONO STORIES_ACAO_SBRAE_2025_PSMN0291,Tráfego,Bahia,19450,"118,84",436,0,"2025-06-09-PSMN-19450-118,84-436",50440,2.5,20176
2025-06-09,Sebrae Nacional - DEBRITO,1,facebook,sbrae_2025_psmn,psmn,"2025_6_BR_TRAF_CPC_MULHERES DE 25 A 45 ANOS; INTERESSES EM EMPREENDEDORISMO, PEQUENOS NEGÓCIOS E MEI; COMPORTAMENTO VOLTADO A ENGAJAMENTO COM PERFIS DE NEGÓCIOS E INFLUENCIADORES DE GESTÃO",2025_6_BR_CARD_KV_ACAO_SBRAE_2025_PSMN0293,Tráfego,Ceará,11259,"42,76",102,0,"2025-06-09-PSMN-11259-42,76-102",50440,2.5,20176
2025-06-09,Sebrae Nacional - DEBRITO,1,facebook,sbrae_2025_psmn,psmn,"2025_6_BR_TRAF_CPC_MULHERES DE 25 A 45 ANOS; INTERESSES EM EMPREENDEDORISMO, PEQUENOS NEGÓCIOS E MEI; COMPORTAMENTO VOLTADO A ENGAJAMENTO COM PERFIS DE NEGÓCIOS E INFLUENCIADORES DE GESTÃO",2025_6_BR_REELS_GABRIELA BAILAS REELS_ACAO_SBRAE_2025_PSMN0289,Tráfego,Ceará,9097,"38,74",90,0,"2025-06-09-PSMN-9097-38,74-90",50440,2.5,20176
2025-06-09,Sebrae Nacional - DEBRITO,1,facebook,sbrae_2025_psmn,psmn,"2025_6_BR_TRAF_CPC_MULHERES DE 25 A 45 ANOS; INTERESSES EM EMPREENDEDORISMO, PEQUENOS NEGÓCIOS E MEI; COMPORTAMENTO VOLTADO A ENGAJAMENTO COM PERFIS DE NEGÓCIOS E INFLUENCIADORES DE GESTÃO",2025_6_BR_REELS_VIC CERIDONO REELS_ACAO_SBRAE_2025_PSMN0290,Tráfego,Ceará,22316,"179,62",571,0,"2025-06-09-PSMN-22316-179,62-571",50440,2.5,20176
2025-06-09,Sebrae Nacional - DEBRITO,1,facebook,sbrae_2025_psmn,psmn,"2025_6_BR_TRAF_CPC_MULHERES DE 25 A 45 ANOS; INTERESSES EM EMPREENDEDORISMO, PEQUENOS NEGÓCIOS E MEI; COMPORTAMENTO VOLTADO A ENGAJAMENTO COM PERFIS DE NEGÓCIOS E INFLUENCIADORES DE GESTÃO",2025_6_BR_STORIES_GABRIELA BAILAS STORIES_ACAO_SBRAE_2025_PSMN0292,Tráfego,Ceará,16569,"116,13",529,0,"2025-06-09-PSMN-16569-116,13-529",50440,2.5,20176
2025-06-09,Sebrae Nacional - DEBRITO,1,facebook,sbrae_2025_psmn,psmn,"2025_6_BR_TRAF_CPC_MULHERES DE 25 A 45 ANOS; INTERESSES EM EMPREENDEDORISMO, PEQUENOS NEGÓCIOS E MEI; COMPORTAMENTO VOLTADO A ENGAJAMENTO COM PERFIS DE NEGÓCIOS E INFLUENCIADORES DE GESTÃO",2025_6_BR_STORIES_VIC CERIDONO STORIES_ACAO_SBRAE_2025_PSMN0291,Tráfego,Ceará,16153,"97,57",376,0,"2025-06-09-PSMN-16153-97,57-376",50440,2.5,20176
2025-06-09,Sebrae Nacional - DEBRITO,1,facebook,sbrae_2025_psmn,psmn,"2025_6_BR_TRAF_CPC_MULHERES DE 25 A 45 ANOS; INTERESSES EM EMPREENDEDORISMO, PEQUENOS NEGÓCIOS E MEI; COMPORTAMENTO VOLTADO A ENGAJAMENTO COM PERFIS DE NEGÓCIOS E INFLUENCIADORES DE GESTÃO",2025_6_BR_CARD_KV_ACAO_SBRAE_2025_PSMN0293,Tráfego,Espírito Santo,1584,"6,83",20,0,"2025-06-09-PSMN-1584-6,83-20",50440,2.5,20176
2025-06-09,Sebrae Nacional - DEBRITO,1,facebook,sbrae_2025_psmn,psmn,"2025_6_BR_TRAF_CPC_MULHERES DE 25 A 45 ANOS; INTERESSES EM EMPREENDEDORISMO, PEQUENOS NEGÓCIOS E MEI; COMPORTAMENTO VOLTADO A ENGAJAMENTO COM PERFIS DE NEGÓCIOS E INFLUENCIADORES DE GESTÃO",2025_6_BR_REELS_GABRIELA BAILAS REELS_ACAO_SBRAE_2025_PSMN0289,Tráfego,Espírito Santo,911,"4,6",10,0,"2025-06-09-PSMN-911-4,6-10",50440,2.5,20176
2025-06-09,Sebrae Nacional - DEBRITO,1,facebook,sbrae_2025_psmn,psmn,"2025_6_BR_TRAF_CPC_MULHERES DE 25 A 45 ANOS; INTERESSES EM EMPREENDEDORISMO, PEQUENOS NEGÓCIOS E MEI; COMPORTAMENTO VOLTADO A ENGAJAMENTO COM PERFIS DE NEGÓCIOS E INFLUENCIADORES DE GESTÃO",2025_6_BR_REELS_VIC CERIDONO REELS_ACAO_SBRAE_2025_PSMN0290,Tráfego,Espírito Santo,4475,"47,47",142,0,"2025-06-09-PSMN-4475-47,47-142",50440,2.5,20176
2025-06-09,Sebrae Nacional - DEBRITO,1,facebook,sbrae_2025_psmn,psmn,"2025_6_BR_TRAF_CPC_MULHERES DE 25 A 45 ANOS; INTERESSES EM EMPREENDEDORISMO, PEQUENOS NEGÓCIOS E MEI; COMPORTAMENTO VOLTADO A ENGAJAMENTO COM PERFIS DE NEGÓCIOS E INFLUENCIADORES DE GESTÃO",2025_6_BR_STORIES_GABRIELA BAILAS STORIES_ACAO_SBRAE_2025_PSMN0292,Tráfego,Espírito Santo,2403,"19,85",96,0,"2025-06-09-PSMN-2403-19,85-96",50440,2.5,20176
2025-06-09,Sebrae Nacional - DEBRITO,1,facebook,sbrae_2025_psmn,psmn,"2025_6_BR_TRAF_CPC_MULHERES DE 25 A 45 ANOS; INTERESSES EM EMPREENDEDORISMO, PEQUENOS NEGÓCIOS E MEI; COMPORTAMENTO VOLTADO A ENGAJAMENTO COM PERFIS DE NEGÓCIOS E INFLUENCIADORES DE GESTÃO",2025_6_BR_STORIES_VIC CERIDONO STORIES_ACAO_SBRAE_2025_PSMN0291,Tráfego,Espírito Santo,4026,"25,39",93,0,"2025-06-09-PSMN-4026-25,39-93",50440,2.5,20176
2025-06-09,Sebrae Nacional - DEBRITO,1,facebook,sbrae_2025_psmn,psmn,"2025_6_BR_TRAF_CPC_MULHERES DE 25 A 45 ANOS; INTERESSES EM EMPREENDEDORISMO, PEQUENOS NEGÓCIOS E MEI; COMPORTAMENTO VOLTADO A ENGAJAMENTO COM PERFIS DE NEGÓCIOS E INFLUENCIADORES DE GESTÃO",2025_6_BR_CARD_KV_ACAO_SBRAE_2025_PSMN0293,Tráfego,Distrito Federal,881,"4,35",15,0,"2025-06-09-PSMN-881-4,35-15",50440,2.5,20176
2025-06-09,Sebrae Nacional - DEBRITO,1,facebook,sbrae_2025_psmn,psmn,"2025_6_BR_TRAF_CPC_MULHERES DE 25 A 45 ANOS; INTERESSES EM EMPREENDEDORISMO, PEQUENOS NEGÓCIOS E MEI; COMPORTAMENTO VOLTADO A ENGAJAMENTO COM PERFIS DE NEGÓCIOS E INFLUENCIADORES DE GESTÃO",2025_6_BR_REELS_GABRIELA BAILAS REELS_ACAO_SBRAE_2025_PSMN0289,Tráfego,Distrito Federal,483,"2,92",7,0,"2025-06-09-PSMN-483-2,92-7",50440,2.5,20176
2025-06-09,Sebrae Nacional - DEBRITO,1,facebook,sbrae_2025_psmn,psmn,"2025_6_BR_TRAF_CPC_MULHERES DE 25 A 45 ANOS; INTERESSES EM EMPREENDEDORISMO, PEQUENOS NEGÓCIOS E MEI; COMPORTAMENTO VOLTADO A ENGAJAMENTO COM PERFIS DE NEGÓCIOS E INFLUENCIADORES DE GESTÃO",2025_6_BR_REELS_VIC CERIDONO REELS_ACAO_SBRAE_2025_PSMN0290,Tráfego,Distrito Federal,2648,"28,29",99,0,"2025-06-09-PSMN-2648-28,29-99",50440,2.5,20176
2025-06-09,Sebrae Nacional - DEBRITO,1,facebook,sbrae_2025_psmn,psmn,"2025_6_BR_TRAF_CPC_MULHERES DE 25 A 45 ANOS; INTERESSES EM EMPREENDEDORISMO, PEQUENOS NEGÓCIOS E MEI; COMPORTAMENTO VOLTADO A ENGAJAMENTO COM PERFIS DE NEGÓCIOS E INFLUENCIADORES DE GESTÃO",2025_6_BR_STORIES_GABRIELA BAILAS STORIES_ACAO_SBRAE_2025_PSMN0292,Tráfego,Distrito Federal,1141,"9,18",33,0,"2025-06-09-PSMN-1141-9,18-33",50440,2.5,20176
2025-06-09,Sebrae Nacional - DEBRITO,1,facebook,sbrae_2025_psmn,psmn,"2025_6_BR_TRAF_CPC_MULHERES DE 25 A 45 ANOS; INTERESSES EM EMPREENDEDORISMO, PEQUENOS NEGÓCIOS E MEI; COMPORTAMENTO VOLTADO A ENGAJAMENTO COM PERFIS DE NEGÓCIOS E INFLUENCIADORES DE GESTÃO",2025_6_BR_STORIES_VIC CERIDONO STORIES_ACAO_SBRAE_2025_PSMN0291,Tráfego,Distrito Federal,2923,"19,11",64,0,"2025-06-09-PSMN-2923-19,11-64",50440,2.5,20176
2025-06-09,Sebrae Nacional - DEBRITO,1,facebook,sbrae_2025_psmn,psmn,"2025_6_BR_TRAF_CPC_MULHERES DE 25 A 45 ANOS; INTERESSES EM EMPREENDEDORISMO, PEQUENOS NEGÓCIOS E MEI; COMPORTAMENTO VOLTADO A ENGAJAMENTO COM PERFIS DE NEGÓCIOS E INFLUENCIADORES DE GESTÃO",2025_6_BR_CARD_KV_ACAO_SBRAE_2025_PSMN0293,Tráfego,Goiás,4174,"16,87",32,0,"2025-06-09-PSMN-4174-16,87-32",50440,2.5,20176
2025-06-09,Sebrae Nacional - DEBRITO,1,facebook,sbrae_2025_psmn,psmn,"2025_6_BR_TRAF_CPC_MULHERES DE 25 A 45 ANOS; INTERESSES EM EMPREENDEDORISMO, PEQUENOS NEGÓCIOS E MEI; COMPORTAMENTO VOLTADO A ENGAJAMENTO COM PERFIS DE NEGÓCIOS E INFLUENCIADORES DE GESTÃO",2025_6_BR_REELS_GABRIELA BAILAS REELS_ACAO_SBRAE_2025_PSMN0289,Tráfego,Goiás,3320,"15,71",36,0,"2025-06-09-PSMN-3320-15,71-36",50440,2.5,20176
2025-06-09,Sebrae Nacional - DEBRITO,1,facebook,sbrae_2025_psmn,psmn,"2025_6_BR_TRAF_CPC_MULHERES DE 25 A 45 ANOS; INTERESSES EM EMPREENDEDORISMO, PEQUENOS NEGÓCIOS E MEI; COMPORTAMENTO VOLTADO A ENGAJAMENTO COM PERFIS DE NEGÓCIOS E INFLUENCIADORES DE GESTÃO",2025_6_BR_REELS_VIC CERIDONO REELS_ACAO_SBRAE_2025_PSMN0290,Tráfego,Goiás,11939,"110,01",354,0,"2025-06-09-PSMN-11939-110,01-354",50440,2.5,20176
2025-06-09,Sebrae Nacional - DEBRITO,1,facebook,sbrae_2025_psmn,psmn,"2025_6_BR_TRAF_CPC_MULHERES DE 25 A 45 ANOS; INTERESSES EM EMPREENDEDORISMO, PEQUENOS NEGÓCIOS E MEI; COMPORTAMENTO VOLTADO A ENGAJAMENTO COM PERFIS DE NEGÓCIOS E INFLUENCIADORES DE GESTÃO",2025_6_BR_STORIES_GABRIELA BAILAS STORIES_ACAO_SBRAE_2025_PSMN0292,Tráfego,Goiás,5419,"39,21",155,0,"2025-06-09-PSMN-5419-39,21-155",50440,2.5,20176
2025-06-09,Sebrae Nacional - DEBRITO,1,facebook,sbrae_2025_psmn,psmn,"2025_6_BR_TRAF_CPC_MULHERES DE 25 A 45 ANOS; INTERESSES EM EMPREENDEDORISMO, PEQUENOS NEGÓCIOS E MEI; COMPORTAMENTO VOLTADO A ENGAJAMENTO COM PERFIS DE NEGÓCIOS E INFLUENCIADORES DE GESTÃO",2025_6_BR_STORIES_VIC CERIDONO STORIES_ACAO_SBRAE_2025_PSMN0291,Tráfego,Goiás,10868,"63,18",217,0,"2025-06-09-PSMN-10868-63,18-217",50440,2.5,20176
2025-06-09,Sebrae Nacional - DEBRITO,1,facebook,sbrae_2025_psmn,psmn,"2025_6_BR_TRAF_CPC_MULHERES DE 25 A 45 ANOS; INTERESSES EM EMPREENDEDORISMO, PEQUENOS NEGÓCIOS E MEI; COMPORTAMENTO VOLTADO A ENGAJAMENTO COM PERFIS DE NEGÓCIOS E INFLUENCIADORES DE GESTÃO",2025_6_BR_CARD_KV_ACAO_SBRAE_2025_PSMN0293,Tráfego,Maranhão,5880,"23,19",52,0,"2025-06-09-PSMN-5880-23,19-52",50440,2.5,20176
2025-06-09,Sebrae Nacional - DEBRITO,1,facebook,sbrae_2025_psmn,psmn,"2025_6_BR_TRAF_CPC_MULHERES DE 25 A 45 ANOS; INTERESSES EM EMPREENDEDORISMO, PEQUENOS NEGÓCIOS E MEI; COMPORTAMENTO VOLTADO A ENGAJAMENTO COM PERFIS DE NEGÓCIOS E INFLUENCIADORES DE GESTÃO",2025_6_BR_REELS_GABRIELA BAILAS REELS_ACAO_SBRAE_2025_PSMN0289,Tráfego,Maranhão,4653,"17,81",47,0,"2025-06-09-PSMN-4653-17,81-47",50440,2.5,20176
2025-06-09,Sebrae Nacional - DEBRITO,1,facebook,sbrae_2025_psmn,psmn,"2025_6_BR_TRAF_CPC_MULHERES DE 25 A 45 ANOS; INTERESSES EM EMPREENDEDORISMO, PEQUENOS NEGÓCIOS E MEI; COMPORTAMENTO VOLTADO A ENGAJAMENTO COM PERFIS DE NEGÓCIOS E INFLUENCIADORES DE GESTÃO",2025_6_BR_REELS_VIC CERIDONO REELS_ACAO_SBRAE_2025_PSMN0290,Tráfego,Maranhão,9870,"73,56",231,0,"2025-06-09-PSMN-9870-73,56-231",50440,2.5,20176
2025-06-09,Sebrae Nacional - DEBRITO,1,facebook,sbrae_2025_psmn,psmn,"2025_6_BR_TRAF_CPC_MULHERES DE 25 A 45 ANOS; INTERESSES EM EMPREENDEDORISMO, PEQUENOS NEGÓCIOS E MEI; COMPORTAMENTO VOLTADO A ENGAJAMENTO COM PERFIS DE NEGÓCIOS E INFLUENCIADORES DE GESTÃO",2025_6_BR_STORIES_GABRIELA BAILAS STORIES_ACAO_SBRAE_2025_PSMN0292,Tráfego,Maranhão,5985,"43,32",198,0,"2025-06-09-PSMN-5985-43,32-198",50440,2.5,20176
2025-06-09,Sebrae Nacional - DEBRITO,1,facebook,sbrae_2025_psmn,psmn,"2025_6_BR_TRAF_CPC_MULHERES DE 25 A 45 ANOS; INTERESSES EM EMPREENDEDORISMO, PEQUENOS NEGÓCIOS E MEI; COMPORTAMENTO VOLTADO A ENGAJAMENTO COM PERFIS DE NEGÓCIOS E INFLUENCIADORES DE GESTÃO",2025_6_BR_STORIES_VIC CERIDONO STORIES_ACAO_SBRAE_2025_PSMN0291,Tráfego,Maranhão,8621,"49,96",191,0,"2025-06-09-PSMN-8621-49,96-191",50440,2.5,20176
2025-06-09,Sebrae Nacional - DEBRITO,1,facebook,sbrae_2025_psmn,psmn,"2025_6_BR_TRAF_CPC_MULHERES DE 25 A 45 ANOS; INTERESSES EM EMPREENDEDORISMO, PEQUENOS NEGÓCIOS E MEI; COMPORTAMENTO VOLTADO A ENGAJAMENTO COM PERFIS DE NEGÓCIOS E INFLUENCIADORES DE GESTÃO",2025_6_BR_CARD_KV_ACAO_SBRAE_2025_PSMN0293,Tráfego,Mato Grosso,1455,"6,64",18,0,"2025-06-09-PSMN-1455-6,64-18",50440,2.5,20176
2025-06-09,Sebrae Nacional - DEBRITO,1,facebook,sbrae_2025_psmn,psmn,"2025_6_BR_TRAF_CPC_MULHERES DE 25 A 45 ANOS; INTERESSES EM EMPREENDEDORISMO, PEQUENOS NEGÓCIOS E MEI; COMPORTAMENTO VOLTADO A ENGAJAMENTO COM PERFIS DE NEGÓCIOS E INFLUENCIADORES DE GESTÃO",2025_6_BR_REELS_GABRIELA BAILAS REELS_ACAO_SBRAE_2025_PSMN0289,Tráfego,Mato Grosso,815,"3,41",9,0,"2025-06-09-PSMN-815-3,41-9",50440,2.5,20176
2025-06-09,Sebrae Nacional - DEBRITO,1,facebook,sbrae_2025_psmn,psmn,"2025_6_BR_TRAF_CPC_MULHERES DE 25 A 45 ANOS; INTERESSES EM EMPREENDEDORISMO, PEQUENOS NEGÓCIOS E MEI; COMPORTAMENTO VOLTADO A ENGAJAMENTO COM PERFIS DE NEGÓCIOS E INFLUENCIADORES DE GESTÃO",2025_6_BR_REELS_VIC CERIDONO REELS_ACAO_SBRAE_2025_PSMN0290,Tráfego,Mato Grosso,4314,"40,81",148,0,"2025-06-09-PSMN-4314-40,81-148",50440,2.5,20176
2025-06-09,Sebrae Nacional - DEBRITO,1,facebook,sbrae_2025_psmn,psmn,"2025_6_BR_TRAF_CPC_MULHERES DE 25 A 45 ANOS; INTERESSES EM EMPREENDEDORISMO, PEQUENOS NEGÓCIOS E MEI; COMPORTAMENTO VOLTADO A ENGAJAMENTO COM PERFIS DE NEGÓCIOS E INFLUENCIADORES DE GESTÃO",2025_6_BR_STORIES_GABRIELA BAILAS STORIES_ACAO_SBRAE_2025_PSMN0292,Tráfego,Mato Grosso,2224,"15,3",57,0,"2025-06-09-PSMN-2224-15,3-57",50440,2.5,20176
2025-06-09,Sebrae Nacional - DEBRITO,1,facebook,sbrae_2025_psmn,psmn,"2025_6_BR_TRAF_CPC_MULHERES DE 25 A 45 ANOS; INTERESSES EM EMPREENDEDORISMO, PEQUENOS NEGÓCIOS E MEI; COMPORTAMENTO VOLTADO A ENGAJAMENTO COM PERFIS DE NEGÓCIOS E INFLUENCIADORES DE GESTÃO",2025_6_BR_STORIES_VIC CERIDONO STORIES_ACAO_SBRAE_2025_PSMN0291,Tráfego,Mato Grosso,4632,"27,01",89,0,"2025-06-09-PSMN-4632-27,01-89",50440,2.5,20176
2025-06-09,Sebrae Nacional - DEBRITO,1,facebook,sbrae_2025_psmn,psmn,"2025_6_BR_TRAF_CPC_MULHERES DE 25 A 45 ANOS; INTERESSES EM EMPREENDEDORISMO, PEQUENOS NEGÓCIOS E MEI; COMPORTAMENTO VOLTADO A ENGAJAMENTO COM PERFIS DE NEGÓCIOS E INFLUENCIADORES DE GESTÃO",2025_6_BR_CARD_KV_ACAO_SBRAE_2025_PSMN0293,Tráfego,Mato Grosso do Sul,1290,"5,48",13,0,"2025-06-09-PSMN-1290-5,48-13",50440,2.5,20176
2025-06-09,Sebrae Nacional - DEBRITO,1,facebook,sbrae_2025_psmn,psmn,"2025_6_BR_TRAF_CPC_MULHERES DE 25 A 45 ANOS; INTERESSES EM EMPREENDEDORISMO, PEQUENOS NEGÓCIOS E MEI; COMPORTAMENTO VOLTADO A ENGAJAMENTO COM PERFIS DE NEGÓCIOS E INFLUENCIADORES DE GESTÃO",2025_6_BR_REELS_GABRIELA BAILAS REELS_ACAO_SBRAE_2025_PSMN0289,Tráfego,Mato Grosso do Sul,593,"2,71",8,0,"2025-06-09-PSMN-593-2,71-8",50440,2.5,20176
2025-06-09,Sebrae Nacional - DEBRITO,1,facebook,sbrae_2025_psmn,psmn,"2025_6_BR_TRAF_CPC_MULHERES DE 25 A 45 ANOS; INTERESSES EM EMPREENDEDORISMO, PEQUENOS NEGÓCIOS E MEI; COMPORTAMENTO VOLTADO A ENGAJAMENTO COM PERFIS DE NEGÓCIOS E INFLUENCIADORES DE GESTÃO",2025_6_BR_REELS_VIC CERIDONO REELS_ACAO_SBRAE_2025_PSMN0290,Tráfego,Mato Grosso do Sul,4804,"44,12",158,0,"2025-06-09-PSMN-4804-44,12-158",50440,2.5,20176
2025-06-09,Sebrae Nacional - DEBRITO,1,facebook,sbrae_2025_psmn,psmn,"2025_6_BR_TRAF_CPC_MULHERES DE 25 A 45 ANOS; INTERESSES EM EMPREENDEDORISMO, PEQUENOS NEGÓCIOS E MEI; COMPORTAMENTO VOLTADO A ENGAJAMENTO COM PERFIS DE NEGÓCIOS E INFLUENCIADORES DE GESTÃO",2025_6_BR_STORIES_GABRIELA BAILAS STORIES_ACAO_SBRAE_2025_PSMN0292,Tráfego,Mato Grosso do Sul,2327,"15,24",48,0,"2025-06-09-PSMN-2327-15,24-48",50440,2.5,20176
2025-06-09,Sebrae Nacional - DEBRITO,1,facebook,sbrae_2025_psmn,psmn,"2025_6_BR_TRAF_CPC_MULHERES DE 25 A 45 ANOS; INTERESSES EM EMPREENDEDORISMO, PEQUENOS NEGÓCIOS E MEI; COMPORTAMENTO VOLTADO A ENGAJAMENTO COM PERFIS DE NEGÓCIOS E INFLUENCIADORES DE GESTÃO",2025_6_BR_STORIES_VIC CERIDONO STORIES_ACAO_SBRAE_2025_PSMN0291,Tráfego,Mato Grosso do Sul,4293,"24,04",91,0,"2025-06-09-PSMN-4293-24,04-91",50440,2.5,20176
2025-06-09,Sebrae Nacional - DEBRITO,1,facebook,sbrae_2025_psmn,psmn,"2025_6_BR_TRAF_CPC_MULHERES DE 25 A 45 ANOS; INTERESSES EM EMPREENDEDORISMO, PEQUENOS NEGÓCIOS E MEI; COMPORTAMENTO VOLTADO A ENGAJAMENTO COM PERFIS DE NEGÓCIOS E INFLUENCIADORES DE GESTÃO",2025_6_BR_CARD_KV_ACAO_SBRAE_2025_PSMN0293,Tráfego,Minas Gerais,8159,"35,49",79,0,"2025-06-09-PSMN-8159-35,49-79",50440,2.5,20176
2025-06-09,Sebrae Nacional - DEBRITO,1,facebook,sbrae_2025_psmn,psmn,"2025_6_BR_TRAF_CPC_MULHERES DE 25 A 45 ANOS; INTERESSES EM EMPREENDEDORISMO, PEQUENOS NEGÓCIOS E MEI; COMPORTAMENTO VOLTADO A ENGAJAMENTO COM PERFIS DE NEGÓCIOS E INFLUENCIADORES DE GESTÃO",2025_6_BR_REELS_GABRIELA BAILAS REELS_ACAO_SBRAE_2025_PSMN0289,Tráfego,Minas Gerais,5697,"28,92",68,0,"2025-06-09-PSMN-5697-28,92-68",50440,2.5,20176
2025-06-09,Sebrae Nacional - DEBRITO,1,facebook,sbrae_2025_psmn,psmn,"2025_6_BR_TRAF_CPC_MULHERES DE 25 A 45 ANOS; INTERESSES EM EMPREENDEDORISMO, PEQUENOS NEGÓCIOS E MEI; COMPORTAMENTO VOLTADO A ENGAJAMENTO COM PERFIS DE NEGÓCIOS E INFLUENCIADORES DE GESTÃO",2025_6_BR_REELS_VIC CERIDONO REELS_ACAO_SBRAE_2025_PSMN0290,Tráfego,Minas Gerais,25966,"245,01",817,0,"2025-06-09-PSMN-25966-245,01-817",50440,2.5,20176
2025-06-09,Sebrae Nacional - DEBRITO,1,facebook,sbrae_2025_psmn,psmn,"2025_6_BR_TRAF_CPC_MULHERES DE 25 A 45 ANOS; INTERESSES EM EMPREENDEDORISMO, PEQUENOS NEGÓCIOS E MEI; COMPORTAMENTO VOLTADO A ENGAJAMENTO COM PERFIS DE NEGÓCIOS E INFLUENCIADORES DE GESTÃO",2025_6_BR_STORIES_GABRIELA BAILAS STORIES_ACAO_SBRAE_2025_PSMN0292,Tráfego,Minas Gerais,14098,"105,83",458,0,"2025-06-09-PSMN-14098-105,83-458",50440,2.5,20176
2025-06-09,Sebrae Nacional - DEBRITO,1,facebook,sbrae_2025_psmn,psmn,"2025_6_BR_TRAF_CPC_MULHERES DE 25 A 45 ANOS; INTERESSES EM EMPREENDEDORISMO, PEQUENOS NEGÓCIOS E MEI; COMPORTAMENTO VOLTADO A ENGAJAMENTO COM PERFIS DE NEGÓCIOS E INFLUENCIADORES DE GESTÃO",2025_6_BR_STORIES_VIC CERIDONO STORIES_ACAO_SBRAE_2025_PSMN0291,Tráfego,Minas Gerais,21929,"138,13",498,0,"2025-06-09-PSMN-21929-138,13-498",50440,2.5,20176
2025-06-09,Sebrae Nacional - DEBRITO,1,facebook,sbrae_2025_psmn,psmn,"2025_6_BR_TRAF_CPC_MULHERES DE 25 A 45 ANOS; INTERESSES EM EMPREENDEDORISMO, PEQUENOS NEGÓCIOS E MEI; COMPORTAMENTO VOLTADO A ENGAJAMENTO COM PERFIS DE NEGÓCIOS E INFLUENCIADORES DE GESTÃO",2025_6_BR_CARD_KV_ACAO_SBRAE_2025_PSMN0293,Tráfego,Paraná,2137,"9,25",20,0,"2025-06-09-PSMN-2137-9,25-20",50440,2.5,20176
2025-06-09,Sebrae Nacional - DEBRITO,1,facebook,sbrae_2025_psmn,psmn,"2025_6_BR_TRAF_CPC_MULHERES DE 25 A 45 ANOS; INTERESSES EM EMPREENDEDORISMO, PEQUENOS NEGÓCIOS E MEI; COMPORTAMENTO VOLTADO A ENGAJAMENTO COM PERFIS DE NEGÓCIOS E INFLUENCIADORES DE GESTÃO",2025_6_BR_REELS_GABRIELA BAILAS REELS_ACAO_SBRAE_2025_PSMN0289,Tráfego,Paraná,961,"5,47",13,0,"2025-06-09-PSMN-961-5,47-13",50440,2.5,20176
2025-06-09,Sebrae Nacional - DEBRITO,1,facebook,sbrae_2025_psmn,psmn,"2025_6_BR_TRAF_CPC_MULHERES DE 25 A 45 ANOS; INTERESSES EM EMPREENDEDORISMO, PEQUENOS NEGÓCIOS E MEI; COMPORTAMENTO VOLTADO A ENGAJAMENTO COM PERFIS DE NEGÓCIOS E INFLUENCIADORES DE GESTÃO",2025_6_BR_REELS_VIC CERIDONO REELS_ACAO_SBRAE_2025_PSMN0290,Tráfego,Paraná,9929,"106,32",375,0,"2025-06-09-PSMN-9929-106,32-375",50440,2.5,20176
2025-06-09,Sebrae Nacional - DEBRITO,1,facebook,sbrae_2025_psmn,psmn,"2025_6_BR_TRAF_CPC_MULHERES DE 25 A 45 ANOS; INTERESSES EM EMPREENDEDORISMO, PEQUENOS NEGÓCIOS E MEI; COMPORTAMENTO VOLTADO A ENGAJAMENTO COM PERFIS DE NEGÓCIOS E INFLUENCIADORES DE GESTÃO",2025_6_BR_STORIES_GABRIELA BAILAS STORIES_ACAO_SBRAE_2025_PSMN0292,Tráfego,Paraná,5427,"36,77",146,0,"2025-06-09-PSMN-5427-36,77-146",50440,2.5,20176
2025-06-09,Sebrae Nacional - DEBRITO,1,facebook,sbrae_2025_psmn,psmn,"2025_6_BR_TRAF_CPC_MULHERES DE 25 A 45 ANOS; INTERESSES EM EMPREENDEDORISMO, PEQUENOS NEGÓCIOS E MEI; COMPORTAMENTO VOLTADO A ENGAJAMENTO COM PERFIS DE NEGÓCIOS E INFLUENCIADORES DE GESTÃO",2025_6_BR_STORIES_VIC CERIDONO STORIES_ACAO_SBRAE_2025_PSMN0291,Tráfego,Paraná,9610,"57,37",188,0,"2025-06-09-PSMN-9610-57,37-188",50440,2.5,20176
2025-06-09,Sebrae Nacional - DEBRITO,1,facebook,sbrae_2025_psmn,psmn,"2025_6_BR_TRAF_CPC_MULHERES DE 25 A 45 ANOS; INTERESSES EM EMPREENDEDORISMO, PEQUENOS NEGÓCIOS E MEI; COMPORTAMENTO VOLTADO A ENGAJAMENTO COM PERFIS DE NEGÓCIOS E INFLUENCIADORES DE GESTÃO",2025_6_BR_CARD_KV_ACAO_SBRAE_2025_PSMN0293,Tráfego,Paraíba,5790,"20,17",51,0,"2025-06-09-PSMN-5790-20,17-51",50440,2.5,20176
2025-06-09,Sebrae Nacional - DEBRITO,1,facebook,sbrae_2025_psmn,psmn,"2025_6_BR_TRAF_CPC_MULHERES DE 25 A 45 ANOS; INTERESSES EM EMPREENDEDORISMO, PEQUENOS NEGÓCIOS E MEI; COMPORTAMENTO VOLTADO A ENGAJAMENTO COM PERFIS DE NEGÓCIOS E INFLUENCIADORES DE GESTÃO",2025_6_BR_REELS_GABRIELA BAILAS REELS_ACAO_SBRAE_2025_PSMN0289,Tráfego,Paraíba,4988,"21,55",49,0,"2025-06-09-PSMN-4988-21,55-49",50440,2.5,20176
2025-06-09,Sebrae Nacional - DEBRITO,1,facebook,sbrae_2025_psmn,psmn,"2025_6_BR_TRAF_CPC_MULHERES DE 25 A 45 ANOS; INTERESSES EM EMPREENDEDORISMO, PEQUENOS NEGÓCIOS E MEI; COMPORTAMENTO VOLTADO A ENGAJAMENTO COM PERFIS DE NEGÓCIOS E INFLUENCIADORES DE GESTÃO",2025_6_BR_REELS_VIC CERIDONO REELS_ACAO_SBRAE_2025_PSMN0290,Tráfego,Paraíba,12198,"94,83",292,0,"2025-06-09-PSMN-12198-94,83-292",50440,2.5,20176
2025-06-09,Sebrae Nacional - DEBRITO,1,facebook,sbrae_2025_psmn,psmn,"2025_6_BR_TRAF_CPC_MULHERES DE 25 A 45 ANOS; INTERESSES EM EMPREENDEDORISMO, PEQUENOS NEGÓCIOS E MEI; COMPORTAMENTO VOLTADO A ENGAJAMENTO COM PERFIS DE NEGÓCIOS E INFLUENCIADORES DE GESTÃO",2025_6_BR_STORIES_GABRIELA BAILAS STORIES_ACAO_SBRAE_2025_PSMN0292,Tráfego,Paraíba,8958,"61,33",238,0,"2025-06-09-PSMN-8958-61,33-238",50440,2.5,20176
2025-06-09,Sebrae Nacional - DEBRITO,1,facebook,sbrae_2025_psmn,psmn,"2025_6_BR_TRAF_CPC_MULHERES DE 25 A 45 ANOS; INTERESSES EM EMPREENDEDORISMO, PEQUENOS NEGÓCIOS E MEI; COMPORTAMENTO VOLTADO A ENGAJAMENTO COM PERFIS DE NEGÓCIOS E INFLUENCIADORES DE GESTÃO",2025_6_BR_STORIES_VIC CERIDONO STORIES_ACAO_SBRAE_2025_PSMN0291,Tráfego,Paraíba,8031,"48,08",183,0,"2025-06-09-PSMN-8031-48,08-183",50440,2.5,20176
2025-06-09,Sebrae Nacional - DEBRITO,1,facebook,sbrae_2025_psmn,psmn,"2025_6_BR_TRAF_CPC_MULHERES DE 25 A 45 ANOS; INTERESSES EM EMPREENDEDORISMO, PEQUENOS NEGÓCIOS E MEI; COMPORTAMENTO VOLTADO A ENGAJAMENTO COM PERFIS DE NEGÓCIOS E INFLUENCIADORES DE GESTÃO",2025_6_BR_CARD_KV_ACAO_SBRAE_2025_PSMN0293,Tráfego,Pará,6032,"23,62",54,0,"2025-06-09-PSMN-6032-23,62-54",50440,2.5,20176
2025-06-09,Sebrae Nacional - DEBRITO,1,facebook,sbrae_2025_psmn,psmn,"2025_6_BR_TRAF_CPC_MULHERES DE 25 A 45 ANOS; INTERESSES EM EMPREENDEDORISMO, PEQUENOS NEGÓCIOS E MEI; COMPORTAMENTO VOLTADO A ENGAJAMENTO COM PERFIS DE NEGÓCIOS E INFLUENCIADORES DE GESTÃO",2025_6_BR_REELS_GABRIELA BAILAS REELS_ACAO_SBRAE_2025_PSMN0289,Tráfego,Pará,3861,"16,33",41,0,"2025-06-09-PSMN-3861-16,33-41",50440,2.5,20176
2025-06-09,Sebrae Nacional - DEBRITO,1,facebook,sbrae_2025_psmn,psmn,"2025_6_BR_TRAF_CPC_MULHERES DE 25 A 45 ANOS; INTERESSES EM EMPREENDEDORISMO, PEQUENOS NEGÓCIOS E MEI; COMPORTAMENTO VOLTADO A ENGAJAMENTO COM PERFIS DE NEGÓCIOS E INFLUENCIADORES DE GESTÃO",2025_6_BR_REELS_VIC CERIDONO REELS_ACAO_SBRAE_2025_PSMN0290,Tráfego,Pará,13888,"109,37",316,0,"2025-06-09-PSMN-13888-109,37-316",50440,2.5,20176
2025-06-09,Sebrae Nacional - DEBRITO,1,facebook,sbrae_2025_psmn,psmn,"2025_6_BR_TRAF_CPC_MULHERES DE 25 A 45 ANOS; INTERESSES EM EMPREENDEDORISMO, PEQUENOS NEGÓCIOS E MEI; COMPORTAMENTO VOLTADO A ENGAJAMENTO COM PERFIS DE NEGÓCIOS E INFLUENCIADORES DE GESTÃO",2025_6_BR_STORIES_GABRIELA BAILAS STORIES_ACAO_SBRAE_2025_PSMN0292,Tráfego,Pará,8479,"52,22",242,0,"2025-06-09-PSMN-8479-52,22-242",50440,2.5,20176
2025-06-09,Sebrae Nacional - DEBRITO,1,facebook,sbrae_2025_psmn,psmn,"2025_6_BR_TRAF_CPC_MULHERES DE 25 A 45 ANOS; INTERESSES EM EMPREENDEDORISMO, PEQUENOS NEGÓCIOS E MEI; COMPORTAMENTO VOLTADO A ENGAJAMENTO COM PERFIS DE NEGÓCIOS E INFLUENCIADORES DE GESTÃO",2025_6_BR_STORIES_VIC CERIDONO STORIES_ACAO_SBRAE_2025_PSMN0291,Tráfego,Pará,13846,"73,25",277,0,"2025-06-09-PSMN-13846-73,25-277",50440,2.5,20176
2025-06-09,Sebrae Nacional - DEBRITO,1,facebook,sbrae_2025_psmn,psmn,"2025_6_BR_TRAF_CPC_MULHERES DE 25 A 45 ANOS; INTERESSES EM EMPREENDEDORISMO, PEQUENOS NEGÓCIOS E MEI; COMPORTAMENTO VOLTADO A ENGAJAMENTO COM PERFIS DE NEGÓCIOS E INFLUENCIADORES DE GESTÃO",2025_6_BR_CARD_KV_ACAO_SBRAE_2025_PSMN0293,Tráfego,Pernambuco,11448,"39,76",89,0,"2025-06-09-PSMN-11448-39,76-89",50440,2.5,20176
2025-06-09,Sebrae Nacional - DEBRITO,1,facebook,sbrae_2025_psmn,psmn,"2025_6_BR_TRAF_CPC_MULHERES DE 25 A 45 ANOS; INTERESSES EM EMPREENDEDORISMO, PEQUENOS NEGÓCIOS E MEI; COMPORTAMENTO VOLTADO A ENGAJAMENTO COM PERFIS DE NEGÓCIOS E INFLUENCIADORES DE GESTÃO",2025_6_BR_REELS_GABRIELA BAILAS REELS_ACAO_SBRAE_2025_PSMN0289,Tráfego,Pernambuco,9956,"45,54",121,0,"2025-06-09-PSMN-9956-45,54-121",50440,2.5,20176
2025-06-09,Sebrae Nacional - DEBRITO,1,facebook,sbrae_2025_psmn,psmn,"2025_6_BR_TRAF_CPC_MULHERES DE 25 A 45 ANOS; INTERESSES EM EMPREENDEDORISMO, PEQUENOS NEGÓCIOS E MEI; COMPORTAMENTO VOLTADO A ENGAJAMENTO COM PERFIS DE NEGÓCIOS E INFLUENCIADORES DE GESTÃO",2025_6_BR_REELS_VIC CERIDONO REELS_ACAO_SBRAE_2025_PSMN0290,Tráfego,Pernambuco,24026,"197,25",596,0,"2025-06-09-PSMN-24026-197,25-596",50440,2.5,20176
2025-06-09,Sebrae Nacional - DEBRITO,1,facebook,sbrae_2025_psmn,psmn,"2025_6_BR_TRAF_CPC_MULHERES DE 25 A 45 ANOS; INTERESSES EM EMPREENDEDORISMO, PEQUENOS NEGÓCIOS E MEI; COMPORTAMENTO VOLTADO A ENGAJAMENTO COM PERFIS DE NEGÓCIOS E INFLUENCIADORES DE GESTÃO",2025_6_BR_STORIES_GABRIELA BAILAS STORIES_ACAO_SBRAE_2025_PSMN0292,Tráfego,Pernambuco,15578,"110,84",513,0,"2025-06-09-PSMN-15578-110,84-513",50440,2.5,20176
2025-06-09,Sebrae Nacional - DEBRITO,1,facebook,sbrae_2025_psmn,psmn,"2025_6_BR_TRAF_CPC_MULHERES DE 25 A 45 ANOS; INTERESSES EM EMPREENDEDORISMO, PEQUENOS NEGÓCIOS E MEI; COMPORTAMENTO VOLTADO A ENGAJAMENTO COM PERFIS DE NEGÓCIOS E INFLUENCIADORES DE GESTÃO",2025_6_BR_STORIES_VIC CERIDONO STORIES_ACAO_SBRAE_2025_PSMN0291,Tráfego,Pernambuco,16300,"101,88",389,0,"2025-06-09-PSMN-16300-101,88-389",50440,2.5,20176
2025-06-09,Sebrae Nacional - DEBRITO,1,facebook,sbrae_2025_psmn,psmn,"2025_6_BR_TRAF_CPC_MULHERES DE 25 A 45 ANOS; INTERESSES EM EMPREENDEDORISMO, PEQUENOS NEGÓCIOS E MEI; COMPORTAMENTO VOLTADO A ENGAJAMENTO COM PERFIS DE NEGÓCIOS E INFLUENCIADORES DE GESTÃO",2025_6_BR_CARD_KV_ACAO_SBRAE_2025_PSMN0293,Tráfego,Piauí,3762,"13,94",29,0,"2025-06-09-PSMN-3762-13,94-29",50440,2.5,20176
2025-06-09,Sebrae Nacional - DEBRITO,1,facebook,sbrae_2025_psmn,psmn,"2025_6_BR_TRAF_CPC_MULHERES DE 25 A 45 ANOS; INTERESSES EM EMPREENDEDORISMO, PEQUENOS NEGÓCIOS E MEI; COMPORTAMENTO VOLTADO A ENGAJAMENTO COM PERFIS DE NEGÓCIOS E INFLUENCIADORES DE GESTÃO",2025_6_BR_REELS_GABRIELA BAILAS REELS_ACAO_SBRAE_2025_PSMN0289,Tráfego,Piauí,2770,"11,85",30,0,"2025-06-09-PSMN-2770-11,85-30",50440,2.5,20176
2025-06-09,Sebrae Nacional - DEBRITO,1,facebook,sbrae_2025_psmn,psmn,"2025_6_BR_TRAF_CPC_MULHERES DE 25 A 45 ANOS; INTERESSES EM EMPREENDEDORISMO, PEQUENOS NEGÓCIOS E MEI; COMPORTAMENTO VOLTADO A ENGAJAMENTO COM PERFIS DE NEGÓCIOS E INFLUENCIADORES DE GESTÃO",2025_6_BR_REELS_VIC CERIDONO REELS_ACAO_SBRAE_2025_PSMN0290,Tráfego,Piauí,6396,"48,45",152,0,"2025-06-09-PSMN-6396-48,45-152",50440,2.5,20176
2025-06-09,Sebrae Nacional - DEBRITO,1,facebook,sbrae_2025_psmn,psmn,"2025_6_BR_TRAF_CPC_MULHERES DE 25 A 45 ANOS; INTERESSES EM EMPREENDEDORISMO, PEQUENOS NEGÓCIOS E MEI; COMPORTAMENTO VOLTADO A ENGAJAMENTO COM PERFIS DE NEGÓCIOS E INFLUENCIADORES DE GESTÃO",2025_6_BR_STORIES_GABRIELA BAILAS STORIES_ACAO_SBRAE_2025_PSMN0292,Tráfego,Piauí,5103,"37,23",165,0,"2025-06-09-PSMN-5103-37,23-165",50440,2.5,20176
2025-06-09,Sebrae Nacional - DEBRITO,1,facebook,sbrae_2025_psmn,psmn,"2025_6_BR_TRAF_CPC_MULHERES DE 25 A 45 ANOS; INTERESSES EM EMPREENDEDORISMO, PEQUENOS NEGÓCIOS E MEI; COMPORTAMENTO VOLTADO A ENGAJAMENTO COM PERFIS DE NEGÓCIOS E INFLUENCIADORES DE GESTÃO",2025_6_BR_STORIES_VIC CERIDONO STORIES_ACAO_SBRAE_2025_PSMN0291,Tráfego,Piauí,5691,"33,69",100,0,"2025-06-09-PSMN-5691-33,69-100",50440,2.5,20176
2025-06-09,Sebrae Nacional - DEBRITO,1,facebook,sbrae_2025_psmn,psmn,"2025_6_BR_TRAF_CPC_MULHERES DE 25 A 45 ANOS; INTERESSES EM EMPREENDEDORISMO, PEQUENOS NEGÓCIOS E MEI; COMPORTAMENTO VOLTADO A ENGAJAMENTO COM PERFIS DE NEGÓCIOS E INFLUENCIADORES DE GESTÃO",2025_6_BR_CARD_KV_ACAO_SBRAE_2025_PSMN0293,Tráfego,Rio Grande do Norte,5259,"17,96",48,0,"2025-06-09-PSMN-5259-17,96-48",50440,2.5,20176
2025-06-09,Sebrae Nacional - DEBRITO,1,facebook,sbrae_2025_psmn,psmn,"2025_6_BR_TRAF_CPC_MULHERES DE 25 A 45 ANOS; INTERESSES EM EMPREENDEDORISMO, PEQUENOS NEGÓCIOS E MEI; COMPORTAMENTO VOLTADO A ENGAJAMENTO COM PERFIS DE NEGÓCIOS E INFLUENCIADORES DE GESTÃO",2025_6_BR_REELS_GABRIELA BAILAS REELS_ACAO_SBRAE_2025_PSMN0289,Tráfego,Rio Grande do Norte,4444,"22,33",56,0,"2025-06-09-PSMN-4444-22,33-56",50440,2.5,20176
2025-06-09,Sebrae Nacional - DEBRITO,1,facebook,sbrae_2025_psmn,psmn,"2025_6_BR_TRAF_CPC_MULHERES DE 25 A 45 ANOS; INTERESSES EM EMPREENDEDORISMO, PEQUENOS NEGÓCIOS E MEI; COMPORTAMENTO VOLTADO A ENGAJAMENTO COM PERFIS DE NEGÓCIOS E INFLUENCIADORES DE GESTÃO",2025_6_BR_REELS_VIC CERIDONO REELS_ACAO_SBRAE_2025_PSMN0290,Tráfego,Rio Grande do Norte,10416,"82,93",252,0,"2025-06-09-PSMN-10416-82,93-252",50440,2.5,20176
2025-06-09,Sebrae Nacional - DEBRITO,1,facebook,sbrae_2025_psmn,psmn,"2025_6_BR_TRAF_CPC_MULHERES DE 25 A 45 ANOS; INTERESSES EM EMPREENDEDORISMO, PEQUENOS NEGÓCIOS E MEI; COMPORTAMENTO VOLTADO A ENGAJAMENTO COM PERFIS DE NEGÓCIOS E INFLUENCIADORES DE GESTÃO",2025_6_BR_STORIES_GABRIELA BAILAS STORIES_ACAO_SBRAE_2025_PSMN0292,Tráfego,Rio Grande do Norte,7484,"53,7",246,0,"2025-06-09-PSMN-7484-53,7-246",50440,2.5,20176
2025-06-09,Sebrae Nacional - DEBRITO,1,facebook,sbrae_2025_psmn,psmn,"2025_6_BR_TRAF_CPC_MULHERES DE 25 A 45 ANOS; INTERESSES EM EMPREENDEDORISMO, PEQUENOS NEGÓCIOS E MEI; COMPORTAMENTO VOLTADO A ENGAJAMENTO COM PERFIS DE NEGÓCIOS E INFLUENCIADORES DE GESTÃO",2025_6_BR_STORIES_VIC CERIDONO STORIES_ACAO_SBRAE_2025_PSMN0291,Tráfego,Rio Grande do Norte,7009,"44,12",198,0,"2025-06-09-PSMN-7009-44,12-198",50440,2.5,20176
2025-06-09,Sebrae Nacional - DEBRITO,1,facebook,sbrae_2025_psmn,psmn,"2025_6_BR_TRAF_CPC_MULHERES DE 25 A 45 ANOS; INTERESSES EM EMPREENDEDORISMO, PEQUENOS NEGÓCIOS E MEI; COMPORTAMENTO VOLTADO A ENGAJAMENTO COM PERFIS DE NEGÓCIOS E INFLUENCIADORES DE GESTÃO",2025_6_BR_CARD_KV_ACAO_SBRAE_2025_PSMN0293,Tráfego,Rio Grande do Sul,2925,"12,03",33,0,"2025-06-09-PSMN-2925-12,03-33",50440,2.5,20176
2025-06-09,Sebrae Nacional - DEBRITO,1,facebook,sbrae_2025_psmn,psmn,"2025_6_BR_TRAF_CPC_MULHERES DE 25 A 45 ANOS; INTERESSES EM EMPREENDEDORISMO, PEQUENOS NEGÓCIOS E MEI; COMPORTAMENTO VOLTADO A ENGAJAMENTO COM PERFIS DE NEGÓCIOS E INFLUENCIADORES DE GESTÃO",2025_6_BR_REELS_GABRIELA BAILAS REELS_ACAO_SBRAE_2025_PSMN0289,Tráfego,Rio Grande do Sul,1376,"9,29",26,0,"2025-06-09-PSMN-1376-9,29-26",50440,2.5,20176
2025-06-09,Sebrae Nacional - DEBRITO,1,facebook,sbrae_2025_psmn,psmn,"2025_6_BR_TRAF_CPC_MULHERES DE 25 A 45 ANOS; INTERESSES EM EMPREENDEDORISMO, PEQUENOS NEGÓCIOS E MEI; COMPORTAMENTO VOLTADO A ENGAJAMENTO COM PERFIS DE NEGÓCIOS E INFLUENCIADORES DE GESTÃO",2025_6_BR_REELS_VIC CERIDONO REELS_ACAO_SBRAE_2025_PSMN0290,Tráfego,Rio Grande do Sul,14249,"138,14",477,0,"2025-06-09-PSMN-14249-138,14-477",50440,2.5,20176
2025-06-09,Sebrae Nacional - DEBRITO,1,facebook,sbrae_2025_psmn,psmn,"2025_6_BR_TRAF_CPC_MULHERES DE 25 A 45 ANOS; INTERESSES EM EMPREENDEDORISMO, PEQUENOS NEGÓCIOS E MEI; COMPORTAMENTO VOLTADO A ENGAJAMENTO COM PERFIS DE NEGÓCIOS E INFLUENCIADORES DE GESTÃO",2025_6_BR_STORIES_GABRIELA BAILAS STORIES_ACAO_SBRAE_2025_PSMN0292,Tráfego,Rio Grande do Sul,8010,"54,67",263,0,"2025-06-09-PSMN-8010-54,67-263",50440,2.5,20176
2025-06-09,Sebrae Nacional - DEBRITO,1,facebook,sbrae_2025_psmn,psmn,"2025_6_BR_TRAF_CPC_MULHERES DE 25 A 45 ANOS; INTERESSES EM EMPREENDEDORISMO, PEQUENOS NEGÓCIOS E MEI; COMPORTAMENTO VOLTADO A ENGAJAMENTO COM PERFIS DE NEGÓCIOS E INFLUENCIADORES DE GESTÃO",2025_6_BR_STORIES_VIC CERIDONO STORIES_ACAO_SBRAE_2025_PSMN0291,Tráfego,Rio Grande do Sul,10909,"66,51",259,0,"2025-06-09-PSMN-10909-66,51-259",50440,2.5,20176
2025-06-09,Sebrae Nacional - DEBRITO,1,facebook,sbrae_2025_psmn,psmn,"2025_6_BR_TRAF_CPC_MULHERES DE 25 A 45 ANOS; INTERESSES EM EMPREENDEDORISMO, PEQUENOS NEGÓCIOS E MEI; COMPORTAMENTO VOLTADO A ENGAJAMENTO COM PERFIS DE NEGÓCIOS E INFLUENCIADORES DE GESTÃO",2025_6_BR_CARD_KV_ACAO_SBRAE_2025_PSMN0293,Tráfego,Rio de Janeiro,6069,"27,71",62,0,"2025-06-09-PSMN-6069-27,71-62",50440,2.5,20176
2025-06-09,Sebrae Nacional - DEBRITO,1,facebook,sbrae_2025_psmn,psmn,"2025_6_BR_TRAF_CPC_MULHERES DE 25 A 45 ANOS; INTERESSES EM EMPREENDEDORISMO, PEQUENOS NEGÓCIOS E MEI; COMPORTAMENTO VOLTADO A ENGAJAMENTO COM PERFIS DE NEGÓCIOS E INFLUENCIADORES DE GESTÃO",2025_6_BR_REELS_GABRIELA BAILAS REELS_ACAO_SBRAE_2025_PSMN0289,Tráfego,Rio de Janeiro,3380,"20,09",51,0,"2025-06-09-PSMN-3380-20,09-51",50440,2.5,20176
2025-06-09,Sebrae Nacional - DEBRITO,1,facebook,sbrae_2025_psmn,psmn,"2025_6_BR_TRAF_CPC_MULHERES DE 25 A 45 ANOS; INTERESSES EM EMPREENDEDORISMO, PEQUENOS NEGÓCIOS E MEI; COMPORTAMENTO VOLTADO A ENGAJAMENTO COM PERFIS DE NEGÓCIOS E INFLUENCIADORES DE GESTÃO",2025_6_BR_REELS_VIC CERIDONO REELS_ACAO_SBRAE_2025_PSMN0290,Tráfego,Rio de Janeiro,23527,"238,32",794,0,"2025-06-09-PSMN-23527-238,32-794",50440,2.5,20176
2025-06-09,Sebrae Nacional - DEBRITO,1,facebook,sbrae_2025_psmn,psmn,"2025_6_BR_TRAF_CPC_MULHERES DE 25 A 45 ANOS; INTERESSES EM EMPREENDEDORISMO, PEQUENOS NEGÓCIOS E MEI; COMPORTAMENTO VOLTADO A ENGAJAMENTO COM PERFIS DE NEGÓCIOS E INFLUENCIADORES DE GESTÃO",2025_6_BR_STORIES_GABRIELA BAILAS STORIES_ACAO_SBRAE_2025_PSMN0292,Tráfego,Rio de Janeiro,9076,"72,59",306,0,"2025-06-09-PSMN-9076-72,59-306",50440,2.5,20176
2025-06-09,Sebrae Nacional - DEBRITO,1,facebook,sbrae_2025_psmn,psmn,"2025_6_BR_TRAF_CPC_MULHERES DE 25 A 45 ANOS; INTERESSES EM EMPREENDEDORISMO, PEQUENOS NEGÓCIOS E MEI; COMPORTAMENTO VOLTADO A ENGAJAMENTO COM PERFIS DE NEGÓCIOS E INFLUENCIADORES DE GESTÃO",2025_6_BR_STORIES_VIC CERIDONO STORIES_ACAO_SBRAE_2025_PSMN0291,Tráfego,Rio de Janeiro,16191,"112,24",403,0,"2025-06-09-PSMN-16191-112,24-403",50440,2.5,20176
2025-06-09,Sebrae Nacional - DEBRITO,1,facebook,sbrae_2025_psmn,psmn,"2025_6_BR_TRAF_CPC_MULHERES DE 25 A 45 ANOS; INTERESSES EM EMPREENDEDORISMO, PEQUENOS NEGÓCIOS E MEI; COMPORTAMENTO VOLTADO A ENGAJAMENTO COM PERFIS DE NEGÓCIOS E INFLUENCIADORES DE GESTÃO",2025_6_BR_CARD_KV_ACAO_SBRAE_2025_PSMN0293,Tráfego,Rondônia,697,"2,56",2,0,"2025-06-09-PSMN-697-2,56-2",50440,2.5,20176
2025-06-09,Sebrae Nacional - DEBRITO,1,facebook,sbrae_2025_psmn,psmn,"2025_6_BR_TRAF_CPC_MULHERES DE 25 A 45 ANOS; INTERESSES EM EMPREENDEDORISMO, PEQUENOS NEGÓCIOS E MEI; COMPORTAMENTO VOLTADO A ENGAJAMENTO COM PERFIS DE NEGÓCIOS E INFLUENCIADORES DE GESTÃO",2025_6_BR_REELS_GABRIELA BAILAS REELS_ACAO_SBRAE_2025_PSMN0289,Tráfego,Rondônia,437,"1,66",4,0,"2025-06-09-PSMN-437-1,66-4",50440,2.5,20176
2025-06-09,Sebrae Nacional - DEBRITO,1,facebook,sbrae_2025_psmn,psmn,"2025_6_BR_TRAF_CPC_MULHERES DE 25 A 45 ANOS; INTERESSES EM EMPREENDEDORISMO, PEQUENOS NEGÓCIOS E MEI; COMPORTAMENTO VOLTADO A ENGAJAMENTO COM PERFIS DE NEGÓCIOS E INFLUENCIADORES DE GESTÃO",2025_6_BR_REELS_VIC CERIDONO REELS_ACAO_SBRAE_2025_PSMN0290,Tráfego,Rondônia,2201,"19,95",58,0,"2025-06-09-PSMN-2201-19,95-58",50440,2.5,20176
2025-06-09,Sebrae Nacional - DEBRITO,1,facebook,sbrae_2025_psmn,psmn,"2025_6_BR_TRAF_CPC_MULHERES DE 25 A 45 ANOS; INTERESSES EM EMPREENDEDORISMO, PEQUENOS NEGÓCIOS E MEI; COMPORTAMENTO VOLTADO A ENGAJAMENTO COM PERFIS DE NEGÓCIOS E INFLUENCIADORES DE GESTÃO",2025_6_BR_STORIES_GABRIELA BAILAS STORIES_ACAO_SBRAE_2025_PSMN0292,Tráfego,Rondônia,1126,"7,99",35,0,"2025-06-09-PSMN-1126-7,99-35",50440,2.5,20176
2025-06-09,Sebrae Nacional - DEBRITO,1,facebook,sbrae_2025_psmn,psmn,"2025_6_BR_TRAF_CPC_MULHERES DE 25 A 45 ANOS; INTERESSES EM EMPREENDEDORISMO, PEQUENOS NEGÓCIOS E MEI; COMPORTAMENTO VOLTADO A ENGAJAMENTO COM PERFIS DE NEGÓCIOS E INFLUENCIADORES DE GESTÃO",2025_6_BR_STORIES_VIC CERIDONO STORIES_ACAO_SBRAE_2025_PSMN0291,Tráfego,Rondônia,2289,"12,21",45,0,"2025-06-09-PSMN-2289-12,21-45",50440,2.5,20176
2025-06-09,Sebrae Nacional - DEBRITO,1,facebook,sbrae_2025_psmn,psmn,"2025_6_BR_TRAF_CPC_MULHERES DE 25 A 45 ANOS; INTERESSES EM EMPREENDEDORISMO, PEQUENOS NEGÓCIOS E MEI; COMPORTAMENTO VOLTADO A ENGAJAMENTO COM PERFIS DE NEGÓCIOS E INFLUENCIADORES DE GESTÃO",2025_6_BR_CARD_KV_ACAO_SBRAE_2025_PSMN0293,Tráfego,Roraima,431,"1,68",3,0,"2025-06-09-PSMN-431-1,68-3",50440,2.5,20176
2025-06-09,Sebrae Nacional - DEBRITO,1,facebook,sbrae_2025_psmn,psmn,"2025_6_BR_TRAF_CPC_MULHERES DE 25 A 45 ANOS; INTERESSES EM EMPREENDEDORISMO, PEQUENOS NEGÓCIOS E MEI; COMPORTAMENTO VOLTADO A ENGAJAMENTO COM PERFIS DE NEGÓCIOS E INFLUENCIADORES DE GESTÃO",2025_6_BR_REELS_GABRIELA BAILAS REELS_ACAO_SBRAE_2025_PSMN0289,Tráfego,Roraima,183,"1,01",2,0,"2025-06-09-PSMN-183-1,01-2",50440,2.5,20176
2025-06-09,Sebrae Nacional - DEBRITO,1,facebook,sbrae_2025_psmn,psmn,"2025_6_BR_TRAF_CPC_MULHERES DE 25 A 45 ANOS; INTERESSES EM EMPREENDEDORISMO, PEQUENOS NEGÓCIOS E MEI; COMPORTAMENTO VOLTADO A ENGAJAMENTO COM PERFIS DE NEGÓCIOS E INFLUENCIADORES DE GESTÃO",2025_6_BR_REELS_VIC CERIDONO REELS_ACAO_SBRAE_2025_PSMN0290,Tráfego,Roraima,951,"7,95",18,0,"2025-06-09-PSMN-951-7,95-18",50440,2.5,20176
2025-06-09,Sebrae Nacional - DEBRITO,1,facebook,sbrae_2025_psmn,psmn,"2025_6_BR_TRAF_CPC_MULHERES DE 25 A 45 ANOS; INTERESSES EM EMPREENDEDORISMO, PEQUENOS NEGÓCIOS E MEI; COMPORTAMENTO VOLTADO A ENGAJAMENTO COM PERFIS DE NEGÓCIOS E INFLUENCIADORES DE GESTÃO",2025_6_BR_STORIES_GABRIELA BAILAS STORIES_ACAO_SBRAE_2025_PSMN0292,Tráfego,Roraima,593,"3,81",16,0,"2025-06-09-PSMN-593-3,81-16",50440,2.5,20176
2025-06-09,Sebrae Nacional - DEBRITO,1,facebook,sbrae_2025_psmn,psmn,"2025_6_BR_TRAF_CPC_MULHERES DE 25 A 45 ANOS; INTERESSES EM EMPREENDEDORISMO, PEQUENOS NEGÓCIOS E MEI; COMPORTAMENTO VOLTADO A ENGAJAMENTO COM PERFIS DE NEGÓCIOS E INFLUENCIADORES DE GESTÃO",2025_6_BR_STORIES_VIC CERIDONO STORIES_ACAO_SBRAE_2025_PSMN0291,Tráfego,Roraima,992,"5,74",16,0,"2025-06-09-PSMN-992-5,74-16",50440,2.5,20176
2025-06-09,Sebrae Nacional - DEBRITO,1,facebook,sbrae_2025_psmn,psmn,"2025_6_BR_TRAF_CPC_MULHERES DE 25 A 45 ANOS; INTERESSES EM EMPREENDEDORISMO, PEQUENOS NEGÓCIOS E MEI; COMPORTAMENTO VOLTADO A ENGAJAMENTO COM PERFIS DE NEGÓCIOS E INFLUENCIADORES DE GESTÃO",2025_6_BR_CARD_KV_ACAO_SBRAE_2025_PSMN0293,Tráfego,Santa Catarina,1295,"6,87",18,0,"2025-06-09-PSMN-1295-6,87-18",50440,2.5,20176
2025-06-09,Sebrae Nacional - DEBRITO,1,facebook,sbrae_2025_psmn,psmn,"2025_6_BR_TRAF_CPC_MULHERES DE 25 A 45 ANOS; INTERESSES EM EMPREENDEDORISMO, PEQUENOS NEGÓCIOS E MEI; COMPORTAMENTO VOLTADO A ENGAJAMENTO COM PERFIS DE NEGÓCIOS E INFLUENCIADORES DE GESTÃO",2025_6_BR_REELS_GABRIELA BAILAS REELS_ACAO_SBRAE_2025_PSMN0289,Tráfego,Santa Catarina,547,"3,81",16,0,"2025-06-09-PSMN-547-3,81-16",50440,2.5,20176
2025-06-09,Sebrae Nacional - DEBRITO,1,facebook,sbrae_2025_psmn,psmn,"2025_6_BR_TRAF_CPC_MULHERES DE 25 A 45 ANOS; INTERESSES EM EMPREENDEDORISMO, PEQUENOS NEGÓCIOS E MEI; COMPORTAMENTO VOLTADO A ENGAJAMENTO COM PERFIS DE NEGÓCIOS E INFLUENCIADORES DE GESTÃO",2025_6_BR_REELS_VIC CERIDONO REELS_ACAO_SBRAE_2025_PSMN0290,Tráfego,Santa Catarina,7109,"76,91",275,0,"2025-06-09-PSMN-7109-76,91-275",50440,2.5,20176
2025-06-09,Sebrae Nacional - DEBRITO,1,facebook,sbrae_2025_psmn,psmn,"2025_6_BR_TRAF_CPC_MULHERES DE 25 A 45 ANOS; INTERESSES EM EMPREENDEDORISMO, PEQUENOS NEGÓCIOS E MEI; COMPORTAMENTO VOLTADO A ENGAJAMENTO COM PERFIS DE NEGÓCIOS E INFLUENCIADORES DE GESTÃO",2025_6_BR_STORIES_GABRIELA BAILAS STORIES_ACAO_SBRAE_2025_PSMN0292,Tráfego,Santa Catarina,3776,"27,79",107,0,"2025-06-09-PSMN-3776-27,79-107",50440,2.5,20176
2025-06-09,Sebrae Nacional - DEBRITO,1,facebook,sbrae_2025_psmn,psmn,"2025_6_BR_TRAF_CPC_MULHERES DE 25 A 45 ANOS; INTERESSES EM EMPREENDEDORISMO, PEQUENOS NEGÓCIOS E MEI; COMPORTAMENTO VOLTADO A ENGAJAMENTO COM PERFIS DE NEGÓCIOS E INFLUENCIADORES DE GESTÃO",2025_6_BR_STORIES_VIC CERIDONO STORIES_ACAO_SBRAE_2025_PSMN0291,Tráfego,Santa Catarina,6105,"38,83",164,0,"2025-06-09-PSMN-6105-38,83-164",50440,2.5,20176
2025-06-09,Sebrae Nacional - DEBRITO,1,facebook,sbrae_2025_psmn,psmn,"2025_6_BR_TRAF_CPC_MULHERES DE 25 A 45 ANOS; INTERESSES EM EMPREENDEDORISMO, PEQUENOS NEGÓCIOS E MEI; COMPORTAMENTO VOLTADO A ENGAJAMENTO COM PERFIS DE NEGÓCIOS E INFLUENCIADORES DE GESTÃO",2025_6_BR_CARD_KV_ACAO_SBRAE_2025_PSMN0293,Tráfego,Sergipe,3723,"13,11",32,0,"2025-06-09-PSMN-3723-13,11-32",50440,2.5,20176
2025-06-09,Sebrae Nacional - DEBRITO,1,facebook,sbrae_2025_psmn,psmn,"2025_6_BR_TRAF_CPC_MULHERES DE 25 A 45 ANOS; INTERESSES EM EMPREENDEDORISMO, PEQUENOS NEGÓCIOS E MEI; COMPORTAMENTO VOLTADO A ENGAJAMENTO COM PERFIS DE NEGÓCIOS E INFLUENCIADORES DE GESTÃO",2025_6_BR_REELS_GABRIELA BAILAS REELS_ACAO_SBRAE_2025_PSMN0289,Tráfego,Sergipe,2961,"11,51",29,0,"2025-06-09-PSMN-2961-11,51-29",50440,2.5,20176
2025-06-09,Sebrae Nacional - DEBRITO,1,facebook,sbrae_2025_psmn,psmn,"2025_6_BR_TRAF_CPC_MULHERES DE 25 A 45 ANOS; INTERESSES EM EMPREENDEDORISMO, PEQUENOS NEGÓCIOS E MEI; COMPORTAMENTO VOLTADO A ENGAJAMENTO COM PERFIS DE NEGÓCIOS E INFLUENCIADORES DE GESTÃO",2025_6_BR_REELS_VIC CERIDONO REELS_ACAO_SBRAE_2025_PSMN0290,Tráfego,Sergipe,4902,"32,95",108,0,"2025-06-09-PSMN-4902-32,95-108",50440,2.5,20176
2025-06-09,Sebrae Nacional - DEBRITO,1,facebook,sbrae_2025_psmn,psmn,"2025_6_BR_TRAF_CPC_MULHERES DE 25 A 45 ANOS; INTERESSES EM EMPREENDEDORISMO, PEQUENOS NEGÓCIOS E MEI; COMPORTAMENTO VOLTADO A ENGAJAMENTO COM PERFIS DE NEGÓCIOS E INFLUENCIADORES DE GESTÃO",2025_6_BR_STORIES_GABRIELA BAILAS STORIES_ACAO_SBRAE_2025_PSMN0292,Tráfego,Sergipe,2427,"17,74",73,0,"2025-06-09-PSMN-2427-17,74-73",50440,2.5,20176
2025-06-09,Sebrae Nacional - DEBRITO,1,facebook,sbrae_2025_psmn,psmn,"2025_6_BR_TRAF_CPC_MULHERES DE 25 A 45 ANOS; INTERESSES EM EMPREENDEDORISMO, PEQUENOS NEGÓCIOS E MEI; COMPORTAMENTO VOLTADO A ENGAJAMENTO COM PERFIS DE NEGÓCIOS E INFLUENCIADORES DE GESTÃO",2025_6_BR_STORIES_VIC CERIDONO STORIES_ACAO_SBRAE_2025_PSMN0291,Tráfego,Sergipe,2731,"17,55",53,0,"2025-06-09-PSMN-2731-17,55-53",50440,2.5,20176
2025-06-09,Sebrae Nacional - DEBRITO,1,facebook,sbrae_2025_psmn,psmn,"2025_6_BR_TRAF_CPC_MULHERES DE 25 A 45 ANOS; INTERESSES EM EMPREENDEDORISMO, PEQUENOS NEGÓCIOS E MEI; COMPORTAMENTO VOLTADO A ENGAJAMENTO COM PERFIS DE NEGÓCIOS E INFLUENCIADORES DE GESTÃO",2025_6_BR_CARD_KV_ACAO_SBRAE_2025_PSMN0293,Tráfego,São Paulo,9377,"45,37",111,0,"2025-06-09-PSMN-9377-45,37-111",50440,2.5,20176
2025-06-09,Sebrae Nacional - DEBRITO,1,facebook,sbrae_2025_psmn,psmn,"2025_6_BR_TRAF_CPC_MULHERES DE 25 A 45 ANOS; INTERESSES EM EMPREENDEDORISMO, PEQUENOS NEGÓCIOS E MEI; COMPORTAMENTO VOLTADO A ENGAJAMENTO COM PERFIS DE NEGÓCIOS E INFLUENCIADORES DE GESTÃO",2025_6_BR_REELS_GABRIELA BAILAS REELS_ACAO_SBRAE_2025_PSMN0289,Tráfego,São Paulo,4440,"30,38",84,0,"2025-06-09-PSMN-4440-30,38-84",50440,2.5,20176
2025-06-09,Sebrae Nacional - DEBRITO,1,facebook,sbrae_2025_psmn,psmn,"2025_6_BR_TRAF_CPC_MULHERES DE 25 A 45 ANOS; INTERESSES EM EMPREENDEDORISMO, PEQUENOS NEGÓCIOS E MEI; COMPORTAMENTO VOLTADO A ENGAJAMENTO COM PERFIS DE NEGÓCIOS E INFLUENCIADORES DE GESTÃO",2025_6_BR_REELS_VIC CERIDONO REELS_ACAO_SBRAE_2025_PSMN0290,Tráfego,São Paulo,45198,"474,65",1621,0,"2025-06-09-PSMN-45198-474,65-1621",50440,2.5,20176
2025-06-09,Sebrae Nacional - DEBRITO,1,facebook,sbrae_2025_psmn,psmn,"2025_6_BR_TRAF_CPC_MULHERES DE 25 A 45 ANOS; INTERESSES EM EMPREENDEDORISMO, PEQUENOS NEGÓCIOS E MEI; COMPORTAMENTO VOLTADO A ENGAJAMENTO COM PERFIS DE NEGÓCIOS E INFLUENCIADORES DE GESTÃO",2025_6_BR_STORIES_GABRIELA BAILAS STORIES_ACAO_SBRAE_2025_PSMN0292,Tráfego,São Paulo,20971,"152,79",588,0,"2025-06-09-PSMN-20971-152,79-588",50440,2.5,20176
2025-06-09,Sebrae Nacional - DEBRITO,1,facebook,sbrae_2025_psmn,psmn,"2025_6_BR_TRAF_CPC_MULHERES DE 25 A 45 ANOS; INTERESSES EM EMPREENDEDORISMO, PEQUENOS NEGÓCIOS E MEI; COMPORTAMENTO VOLTADO A ENGAJAMENTO COM PERFIS DE NEGÓCIOS E INFLUENCIADORES DE GESTÃO",2025_6_BR_STORIES_VIC CERIDONO STORIES_ACAO_SBRAE_2025_PSMN0291,Tráfego,São Paulo,41429,"269,84",933,0,"2025-06-09-PSMN-41429-269,84-933",50440,2.5,20176
2025-06-09,Sebrae Nacional - DEBRITO,1,facebook,sbrae_2025_psmn,psmn,"2025_6_BR_TRAF_CPC_MULHERES DE 25 A 45 ANOS; INTERESSES EM EMPREENDEDORISMO, PEQUENOS NEGÓCIOS E MEI; COMPORTAMENTO VOLTADO A ENGAJAMENTO COM PERFIS DE NEGÓCIOS E INFLUENCIADORES DE GESTÃO",2025_6_BR_CARD_KV_ACAO_SBRAE_2025_PSMN0293,Tráfego,Tocantins,1040,"3,65",10,0,"2025-06-09-PSMN-1040-3,65-10",50440,2.5,20176
2025-06-09,Sebrae Nacional - DEBRITO,1,facebook,sbrae_2025_psmn,psmn,"2025_6_BR_TRAF_CPC_MULHERES DE 25 A 45 ANOS; INTERESSES EM EMPREENDEDORISMO, PEQUENOS NEGÓCIOS E MEI; COMPORTAMENTO VOLTADO A ENGAJAMENTO COM PERFIS DE NEGÓCIOS E INFLUENCIADORES DE GESTÃO",2025_6_BR_REELS_GABRIELA BAILAS REELS_ACAO_SBRAE_2025_PSMN0289,Tráfego,Tocantins,749,"2,75",1,0,"2025-06-09-PSMN-749-2,75-1",50440,2.5,20176
2025-06-09,Sebrae Nacional - DEBRITO,1,facebook,sbrae_2025_psmn,psmn,"2025_6_BR_TRAF_CPC_MULHERES DE 25 A 45 ANOS; INTERESSES EM EMPREENDEDORISMO, PEQUENOS NEGÓCIOS E MEI; COMPORTAMENTO VOLTADO A ENGAJAMENTO COM PERFIS DE NEGÓCIOS E INFLUENCIADORES DE GESTÃO",2025_6_BR_REELS_VIC CERIDONO REELS_ACAO_SBRAE_2025_PSMN0290,Tráfego,Tocantins,1707,"12,45",32,0,"2025-06-09-PSMN-1707-12,45-32",50440,2.5,20176
2025-06-09,Sebrae Nacional - DEBRITO,1,facebook,sbrae_2025_psmn,psmn,"2025_6_BR_TRAF_CPC_MULHERES DE 25 A 45 ANOS; INTERESSES EM EMPREENDEDORISMO, PEQUENOS NEGÓCIOS E MEI; COMPORTAMENTO VOLTADO A ENGAJAMENTO COM PERFIS DE NEGÓCIOS E INFLUENCIADORES DE GESTÃO",2025_6_BR_STORIES_GABRIELA BAILAS STORIES_ACAO_SBRAE_2025_PSMN0292,Tráfego,Tocantins,966,"7,44",30,0,"2025-06-09-PSMN-966-7,44-30",50440,2.5,20176
2025-06-09,Sebrae Nacional - DEBRITO,1,facebook,sbrae_2025_psmn,psmn,"2025_6_BR_TRAF_CPC_MULHERES DE 25 A 45 ANOS; INTERESSES EM EMPREENDEDORISMO, PEQUENOS NEGÓCIOS E MEI; COMPORTAMENTO VOLTADO A ENGAJAMENTO COM PERFIS DE NEGÓCIOS E INFLUENCIADORES DE GESTÃO",2025_6_BR_STORIES_VIC CERIDONO STORIES_ACAO_SBRAE_2025_PSMN0291,Tráfego,Tocantins,1841,"10,33",42,0,"2025-06-09-PSMN-1841-10,33-42",50440,2.5,20176
2025-06-09,Sebrae Nacional - DEBRITO,1,facebook,sbrae_2025_psmn,psmn,"2025_6_BR_TRAF_CPC_MULHERES DE 25 A 45 ANOS; INTERESSES EM EMPREENDEDORISMO, PEQUENOS NEGÓCIOS E MEI; COMPORTAMENTO VOLTADO A ENGAJAMENTO COM PERFIS DE NEGÓCIOS E INFLUENCIADORES DE GESTÃO",2025_6_BR_CARD_KV_ACAO_SBRAE_2025_PSMN0293,Tráfego,Não identificado,5,0,0,0,2025-06-09-PSMN-5-0-0,50440,2.5,20176
2025-06-09,Sebrae Nacional - DEBRITO,1,facebook,sbrae_2025_psmn,psmn,"2025_6_BR_TRAF_CPC_MULHERES DE 25 A 45 ANOS; INTERESSES EM EMPREENDEDORISMO, PEQUENOS NEGÓCIOS E MEI; COMPORTAMENTO VOLTADO A ENGAJAMENTO COM PERFIS DE NEGÓCIOS E INFLUENCIADORES DE GESTÃO",2025_6_BR_REELS_VIC CERIDONO REELS_ACAO_SBRAE_2025_PSMN0290,Tráfego,Não identificado,69,"0,73",1,0,"2025-06-09-PSMN-69-0,73-1",50440,2.5,20176
2025-06-09,Sebrae Nacional - DEBRITO,1,facebook,sbrae_2025_psmn,psmn,"2025_6_BR_TRAF_CPC_MULHERES DE 25 A 45 ANOS; INTERESSES EM EMPREENDEDORISMO, PEQUENOS NEGÓCIOS E MEI; COMPORTAMENTO VOLTADO A ENGAJAMENTO COM PERFIS DE NEGÓCIOS E INFLUENCIADORES DE GESTÃO",2025_6_BR_STORIES_GABRIELA BAILAS STORIES_ACAO_SBRAE_2025_PSMN0292,Tráfego,Não identificado,60,"0,49",5,0,"2025-06-09-PSMN-60-0,49-5",50440,2.5,20176
2025-06-09,Sebrae Nacional - DEBRITO,1,facebook,sbrae_2025_psmn,psmn,"2025_6_BR_TRAF_CPC_MULHERES DE 25 A 45 ANOS; INTERESSES EM EMPREENDEDORISMO, PEQUENOS NEGÓCIOS E MEI; COMPORTAMENTO VOLTADO A ENGAJAMENTO COM PERFIS DE NEGÓCIOS E INFLUENCIADORES DE GESTÃO",2025_6_BR_STORIES_VIC CERIDONO STORIES_ACAO_SBRAE_2025_PSMN0291,Tráfego,Não identificado,92,"0,64",5,0,"2025-06-09-PSMN-92-0,64-5",50440,2.5,20176
2025-06-10,Sebrae Nacional - DEBRITO,1,facebook,sbrae_2025_psmn,psmn,"2025_6_BR_TRAF_CPC_MULHERES DE 25 A 45 ANOS; INTERESSES EM EMPREENDEDORISMO, PEQUENOS NEGÓCIOS E MEI; COMPORTAMENTO VOLTADO A ENGAJAMENTO COM PERFIS DE NEGÓCIOS E INFLUENCIADORES DE GESTÃO",2025_6_BR_CARD_KV_ACAO_SBRAE_2025_PSMN0293,Tráfego,Acre,33,"0,08",1,0,"2025-06-10-PSMN-33-0,08-1",50440,2.5,20176
2025-06-10,Sebrae Nacional - DEBRITO,1,facebook,sbrae_2025_psmn,psmn,"2025_6_BR_TRAF_CPC_MULHERES DE 25 A 45 ANOS; INTERESSES EM EMPREENDEDORISMO, PEQUENOS NEGÓCIOS E MEI; COMPORTAMENTO VOLTADO A ENGAJAMENTO COM PERFIS DE NEGÓCIOS E INFLUENCIADORES DE GESTÃO",2025_6_BR_REELS_GABRIELA BAILAS REELS_ACAO_SBRAE_2025_PSMN0289,Tráfego,Acre,2,0,0,0,2025-06-10-PSMN-2-0-0,50440,2.5,20176
2025-06-10,Sebrae Nacional - DEBRITO,1,facebook,sbrae_2025_psmn,psmn,"2025_6_BR_TRAF_CPC_MULHERES DE 25 A 45 ANOS; INTERESSES EM EMPREENDEDORISMO, PEQUENOS NEGÓCIOS E MEI; COMPORTAMENTO VOLTADO A ENGAJAMENTO COM PERFIS DE NEGÓCIOS E INFLUENCIADORES DE GESTÃO",2025_6_BR_REELS_VIC CERIDONO REELS_ACAO_SBRAE_2025_PSMN0290,Tráfego,Acre,412,"4,88",18,0,"2025-06-10-PSMN-412-4,88-18",50440,2.5,20176
2025-06-10,Sebrae Nacional - DEBRITO,1,facebook,sbrae_2025_psmn,psmn,"2025_6_BR_TRAF_CPC_MULHERES DE 25 A 45 ANOS; INTERESSES EM EMPREENDEDORISMO, PEQUENOS NEGÓCIOS E MEI; COMPORTAMENTO VOLTADO A ENGAJAMENTO COM PERFIS DE NEGÓCIOS E INFLUENCIADORES DE GESTÃO",2025_6_BR_STORIES_GABRIELA BAILAS STORIES_ACAO_SBRAE_2025_PSMN0292,Tráfego,Acre,413,"4,17",25,0,"2025-06-10-PSMN-413-4,17-25",50440,2.5,20176
2025-06-10,Sebrae Nacional - DEBRITO,1,facebook,sbrae_2025_psmn,psmn,"2025_6_BR_TRAF_CPC_MULHERES DE 25 A 45 ANOS; INTERESSES EM EMPREENDEDORISMO, PEQUENOS NEGÓCIOS E MEI; COMPORTAMENTO VOLTADO A ENGAJAMENTO COM PERFIS DE NEGÓCIOS E INFLUENCIADORES DE GESTÃO",2025_6_BR_STORIES_VIC CERIDONO STORIES_ACAO_SBRAE_2025_PSMN0291,Tráfego,Acre,1410,"8,09",55,0,"2025-06-10-PSMN-1410-8,09-55",50440,2.5,20176
2025-06-10,Sebrae Nacional - DEBRITO,1,facebook,sbrae_2025_psmn,psmn,"2025_6_BR_TRAF_CPC_MULHERES DE 25 A 45 ANOS; INTERESSES EM EMPREENDEDORISMO, PEQUENOS NEGÓCIOS E MEI; COMPORTAMENTO VOLTADO A ENGAJAMENTO COM PERFIS DE NEGÓCIOS E INFLUENCIADORES DE GESTÃO",2025_6_BR_CARD_KV_ACAO_SBRAE_2025_PSMN0293,Tráfego,Alagoas,143,"0,56",2,0,"2025-06-10-PSMN-143-0,56-2",50440,2.5,20176
2025-06-10,Sebrae Nacional - DEBRITO,1,facebook,sbrae_2025_psmn,psmn,"2025_6_BR_TRAF_CPC_MULHERES DE 25 A 45 ANOS; INTERESSES EM EMPREENDEDORISMO, PEQUENOS NEGÓCIOS E MEI; COMPORTAMENTO VOLTADO A ENGAJAMENTO COM PERFIS DE NEGÓCIOS E INFLUENCIADORES DE GESTÃO",2025_6_BR_REELS_GABRIELA BAILAS REELS_ACAO_SBRAE_2025_PSMN0289,Tráfego,Alagoas,8,"0,05",2,0,"2025-06-10-PSMN-8-0,05-2",50440,2.5,20176
2025-06-10,Sebrae Nacional - DEBRITO,1,facebook,sbrae_2025_psmn,psmn,"2025_6_BR_TRAF_CPC_MULHERES DE 25 A 45 ANOS; INTERESSES EM EMPREENDEDORISMO, PEQUENOS NEGÓCIOS E MEI; COMPORTAMENTO VOLTADO A ENGAJAMENTO COM PERFIS DE NEGÓCIOS E INFLUENCIADORES DE GESTÃO",2025_6_BR_REELS_VIC CERIDONO REELS_ACAO_SBRAE_2025_PSMN0290,Tráfego,Alagoas,1813,"20,85",96,0,"2025-06-10-PSMN-1813-20,85-96",50440,2.5,20176
2025-06-10,Sebrae Nacional - DEBRITO,1,facebook,sbrae_2025_psmn,psmn,"2025_6_BR_TRAF_CPC_MULHERES DE 25 A 45 ANOS; INTERESSES EM EMPREENDEDORISMO, PEQUENOS NEGÓCIOS E MEI; COMPORTAMENTO VOLTADO A ENGAJAMENTO COM PERFIS DE NEGÓCIOS E INFLUENCIADORES DE GESTÃO",2025_6_BR_STORIES_GABRIELA BAILAS STORIES_ACAO_SBRAE_2025_PSMN0292,Tráfego,Alagoas,4573,"43,79",300,0,"2025-06-10-PSMN-4573-43,79-300",50440,2.5,20176
2025-06-10,Sebrae Nacional - DEBRITO,1,facebook,sbrae_2025_psmn,psmn,"2025_6_BR_TRAF_CPC_MULHERES DE 25 A 45 ANOS; INTERESSES EM EMPREENDEDORISMO, PEQUENOS NEGÓCIOS E MEI; COMPORTAMENTO VOLTADO A ENGAJAMENTO COM PERFIS DE NEGÓCIOS E INFLUENCIADORES DE GESTÃO",2025_6_BR_STORIES_VIC CERIDONO STORIES_ACAO_SBRAE_2025_PSMN0291,Tráfego,Alagoas,6964,"48,14",246,0,"2025-06-10-PSMN-6964-48,14-246",50440,2.5,20176
2025-06-10,Sebrae Nacional - DEBRITO,1,facebook,sbrae_2025_psmn,psmn,"2025_6_BR_TRAF_CPC_MULHERES DE 25 A 45 ANOS; INTERESSES EM EMPREENDEDORISMO, PEQUENOS NEGÓCIOS E MEI; COMPORTAMENTO VOLTADO A ENGAJAMENTO COM PERFIS DE NEGÓCIOS E INFLUENCIADORES DE GESTÃO",2025_6_BR_CARD_KV_ACAO_SBRAE_2025_PSMN0293,Tráfego,Amapá,51,"0,15",2,0,"2025-06-10-PSMN-51-0,15-2",50440,2.5,20176
2025-06-10,Sebrae Nacional - DEBRITO,1,facebook,sbrae_2025_psmn,psmn,"2025_6_BR_TRAF_CPC_MULHERES DE 25 A 45 ANOS; INTERESSES EM EMPREENDEDORISMO, PEQUENOS NEGÓCIOS E MEI; COMPORTAMENTO VOLTADO A ENGAJAMENTO COM PERFIS DE NEGÓCIOS E INFLUENCIADORES DE GESTÃO",2025_6_BR_REELS_GABRIELA BAILAS REELS_ACAO_SBRAE_2025_PSMN0289,Tráfego,Amapá,1,0,0,0,2025-06-10-PSMN-1-0-0,50440,2.5,20176
2025-06-10,Sebrae Nacional - DEBRITO,1,facebook,sbrae_2025_psmn,psmn,"2025_6_BR_TRAF_CPC_MULHERES DE 25 A 45 ANOS; INTERESSES EM EMPREENDEDORISMO, PEQUENOS NEGÓCIOS E MEI; COMPORTAMENTO VOLTADO A ENGAJAMENTO COM PERFIS DE NEGÓCIOS E INFLUENCIADORES DE GESTÃO",2025_6_BR_REELS_VIC CERIDONO REELS_ACAO_SBRAE_2025_PSMN0290,Tráfego,Amapá,385,"4,21",18,0,"2025-06-10-PSMN-385-4,21-18",50440,2.5,20176
2025-06-10,Sebrae Nacional - DEBRITO,1,facebook,sbrae_2025_psmn,psmn,"2025_6_BR_TRAF_CPC_MULHERES DE 25 A 45 ANOS; INTERESSES EM EMPREENDEDORISMO, PEQUENOS NEGÓCIOS E MEI; COMPORTAMENTO VOLTADO A ENGAJAMENTO COM PERFIS DE NEGÓCIOS E INFLUENCIADORES DE GESTÃO",2025_6_BR_STORIES_GABRIELA BAILAS STORIES_ACAO_SBRAE_2025_PSMN0292,Tráfego,Amapá,569,"5,65",46,0,"2025-06-10-PSMN-569-5,65-46",50440,2.5,20176
2025-06-10,Sebrae Nacional - DEBRITO,1,facebook,sbrae_2025_psmn,psmn,"2025_6_BR_TRAF_CPC_MULHERES DE 25 A 45 ANOS; INTERESSES EM EMPREENDEDORISMO, PEQUENOS NEGÓCIOS E MEI; COMPORTAMENTO VOLTADO A ENGAJAMENTO COM PERFIS DE NEGÓCIOS E INFLUENCIADORES DE GESTÃO",2025_6_BR_STORIES_VIC CERIDONO STORIES_ACAO_SBRAE_2025_PSMN0291,Tráfego,Amapá,1555,"9,44",47,0,"2025-06-10-PSMN-1555-9,44-47",50440,2.5,20176
2025-06-10,Sebrae Nacional - DEBRITO,1,facebook,sbrae_2025_psmn,psmn,"2025_6_BR_TRAF_CPC_MULHERES DE 25 A 45 ANOS; INTERESSES EM EMPREENDEDORISMO, PEQUENOS NEGÓCIOS E MEI; COMPORTAMENTO VOLTADO A ENGAJAMENTO COM PERFIS DE NEGÓCIOS E INFLUENCIADORES DE GESTÃO",2025_6_BR_CARD_KV_ACAO_SBRAE_2025_PSMN0293,Tráfego,Amazonas,98,"0,41",1,0,"2025-06-10-PSMN-98-0,41-1",50440,2.5,20176
2025-06-10,Sebrae Nacional - DEBRITO,1,facebook,sbrae_2025_psmn,psmn,"2025_6_BR_TRAF_CPC_MULHERES DE 25 A 45 ANOS; INTERESSES EM EMPREENDEDORISMO, PEQUENOS NEGÓCIOS E MEI; COMPORTAMENTO VOLTADO A ENGAJAMENTO COM PERFIS DE NEGÓCIOS E INFLUENCIADORES DE GESTÃO",2025_6_BR_REELS_GABRIELA BAILAS REELS_ACAO_SBRAE_2025_PSMN0289,Tráfego,Amazonas,4,"0,01",0,0,"2025-06-10-PSMN-4-0,01-0",50440,2.5,20176
2025-06-10,Sebrae Nacional - DEBRITO,1,facebook,sbrae_2025_psmn,psmn,"2025_6_BR_TRAF_CPC_MULHERES DE 25 A 45 ANOS; INTERESSES EM EMPREENDEDORISMO, PEQUENOS NEGÓCIOS E MEI; COMPORTAMENTO VOLTADO A ENGAJAMENTO COM PERFIS DE NEGÓCIOS E INFLUENCIADORES DE GESTÃO",2025_6_BR_REELS_VIC CERIDONO REELS_ACAO_SBRAE_2025_PSMN0290,Tráfego,Amazonas,1596,"18,04",68,0,"2025-06-10-PSMN-1596-18,04-68",50440,2.5,20176
2025-06-10,Sebrae Nacional - DEBRITO,1,facebook,sbrae_2025_psmn,psmn,"2025_6_BR_TRAF_CPC_MULHERES DE 25 A 45 ANOS; INTERESSES EM EMPREENDEDORISMO, PEQUENOS NEGÓCIOS E MEI; COMPORTAMENTO VOLTADO A ENGAJAMENTO COM PERFIS DE NEGÓCIOS E INFLUENCIADORES DE GESTÃO",2025_6_BR_STORIES_GABRIELA BAILAS STORIES_ACAO_SBRAE_2025_PSMN0292,Tráfego,Amazonas,2188,"22,79",167,0,"2025-06-10-PSMN-2188-22,79-167",50440,2.5,20176
2025-06-10,Sebrae Nacional - DEBRITO,1,facebook,sbrae_2025_psmn,psmn,"2025_6_BR_TRAF_CPC_MULHERES DE 25 A 45 ANOS; INTERESSES EM EMPREENDEDORISMO, PEQUENOS NEGÓCIOS E MEI; COMPORTAMENTO VOLTADO A ENGAJAMENTO COM PERFIS DE NEGÓCIOS E INFLUENCIADORES DE GESTÃO",2025_6_BR_STORIES_VIC CERIDONO STORIES_ACAO_SBRAE_2025_PSMN0291,Tráfego,Amazonas,5929,"37,55",202,0,"2025-06-10-PSMN-5929-37,55-202",50440,2.5,20176
2025-06-10,Sebrae Nacional - DEBRITO,1,facebook,sbrae_2025_psmn,psmn,"2025_6_BR_TRAF_CPC_MULHERES DE 25 A 45 ANOS; INTERESSES EM EMPREENDEDORISMO, PEQUENOS NEGÓCIOS E MEI; COMPORTAMENTO VOLTADO A ENGAJAMENTO COM PERFIS DE NEGÓCIOS E INFLUENCIADORES DE GESTÃO",2025_6_BR_CARD_KV_ACAO_SBRAE_2025_PSMN0293,Tráfego,Bahia,428,"1,22",7,0,"2025-06-10-PSMN-428-1,22-7",50440,2.5,20176
2025-06-10,Sebrae Nacional - DEBRITO,1,facebook,sbrae_2025_psmn,psmn,"2025_6_BR_TRAF_CPC_MULHERES DE 25 A 45 ANOS; INTERESSES EM EMPREENDEDORISMO, PEQUENOS NEGÓCIOS E MEI; COMPORTAMENTO VOLTADO A ENGAJAMENTO COM PERFIS DE NEGÓCIOS E INFLUENCIADORES DE GESTÃO",2025_6_BR_REELS_GABRIELA BAILAS REELS_ACAO_SBRAE_2025_PSMN0289,Tráfego,Bahia,29,"0,12",1,0,"2025-06-10-PSMN-29-0,12-1",50440,2.5,20176
2025-06-10,Sebrae Nacional - DEBRITO,1,facebook,sbrae_2025_psmn,psmn,"2025_6_BR_TRAF_CPC_MULHERES DE 25 A 45 ANOS; INTERESSES EM EMPREENDEDORISMO, PEQUENOS NEGÓCIOS E MEI; COMPORTAMENTO VOLTADO A ENGAJAMENTO COM PERFIS DE NEGÓCIOS E INFLUENCIADORES DE GESTÃO",2025_6_BR_REELS_VIC CERIDONO REELS_ACAO_SBRAE_2025_PSMN0290,Tráfego,Bahia,6836,"77,86",364,0,"2025-06-10-PSMN-6836-77,86-364",50440,2.5,20176
2025-06-10,Sebrae Nacional - DEBRITO,1,facebook,sbrae_2025_psmn,psmn,"2025_6_BR_TRAF_CPC_MULHERES DE 25 A 45 ANOS; INTERESSES EM EMPREENDEDORISMO, PEQUENOS NEGÓCIOS E MEI; COMPORTAMENTO VOLTADO A ENGAJAMENTO COM PERFIS DE NEGÓCIOS E INFLUENCIADORES DE GESTÃO",2025_6_BR_STORIES_GABRIELA BAILAS STORIES_ACAO_SBRAE_2025_PSMN0292,Tráfego,Bahia,18545,"190,03",1221,0,"2025-06-10-PSMN-18545-190,03-1221",50440,2.5,20176
2025-06-10,Sebrae Nacional - DEBRITO,1,facebook,sbrae_2025_psmn,psmn,"2025_6_BR_TRAF_CPC_MULHERES DE 25 A 45 ANOS; INTERESSES EM EMPREENDEDORISMO, PEQUENOS NEGÓCIOS E MEI; COMPORTAMENTO VOLTADO A ENGAJAMENTO COM PERFIS DE NEGÓCIOS E INFLUENCIADORES DE GESTÃO",2025_6_BR_STORIES_VIC CERIDONO STORIES_ACAO_SBRAE_2025_PSMN0291,Tráfego,Bahia,30234,"203,79",1107,0,"2025-06-10-PSMN-30234-203,79-1107",50440,2.5,20176
2025-06-10,Sebrae Nacional - DEBRITO,1,facebook,sbrae_2025_psmn,psmn,"2025_6_BR_TRAF_CPC_MULHERES DE 25 A 45 ANOS; INTERESSES EM EMPREENDEDORISMO, PEQUENOS NEGÓCIOS E MEI; COMPORTAMENTO VOLTADO A ENGAJAMENTO COM PERFIS DE NEGÓCIOS E INFLUENCIADORES DE GESTÃO",2025_6_BR_CARD_KV_ACAO_SBRAE_2025_PSMN0293,Tráfego,Ceará,301,"1,05",7,0,"2025-06-10-PSMN-301-1,05-7",50440,2.5,20176
2025-06-10,Sebrae Nacional - DEBRITO,1,facebook,sbrae_2025_psmn,psmn,"2025_6_BR_TRAF_CPC_MULHERES DE 25 A 45 ANOS; INTERESSES EM EMPREENDEDORISMO, PEQUENOS NEGÓCIOS E MEI; COMPORTAMENTO VOLTADO A ENGAJAMENTO COM PERFIS DE NEGÓCIOS E INFLUENCIADORES DE GESTÃO",2025_6_BR_REELS_GABRIELA BAILAS REELS_ACAO_SBRAE_2025_PSMN0289,Tráfego,Ceará,11,"0,06",0,0,"2025-06-10-PSMN-11-0,06-0",50440,2.5,20176
2025-06-10,Sebrae Nacional - DEBRITO,1,facebook,sbrae_2025_psmn,psmn,"2025_6_BR_TRAF_CPC_MULHERES DE 25 A 45 ANOS; INTERESSES EM EMPREENDEDORISMO, PEQUENOS NEGÓCIOS E MEI; COMPORTAMENTO VOLTADO A ENGAJAMENTO COM PERFIS DE NEGÓCIOS E INFLUENCIADORES DE GESTÃO",2025_6_BR_REELS_VIC CERIDONO REELS_ACAO_SBRAE_2025_PSMN0290,Tráfego,Ceará,7378,"83,28",388,0,"2025-06-10-PSMN-7378-83,28-388",50440,2.5,20176
2025-06-10,Sebrae Nacional - DEBRITO,1,facebook,sbrae_2025_psmn,psmn,"2025_6_BR_TRAF_CPC_MULHERES DE 25 A 45 ANOS; INTERESSES EM EMPREENDEDORISMO, PEQUENOS NEGÓCIOS E MEI; COMPORTAMENTO VOLTADO A ENGAJAMENTO COM PERFIS DE NEGÓCIOS E INFLUENCIADORES DE GESTÃO",2025_6_BR_STORIES_GABRIELA BAILAS STORIES_ACAO_SBRAE_2025_PSMN0292,Tráfego,Ceará,20287,"196,4",1305,0,"2025-06-10-PSMN-20287-196,4-1305",50440,2.5,20176
2025-06-10,Sebrae Nacional - DEBRITO,1,facebook,sbrae_2025_psmn,psmn,"2025_6_BR_TRAF_CPC_MULHERES DE 25 A 45 ANOS; INTERESSES EM EMPREENDEDORISMO, PEQUENOS NEGÓCIOS E MEI; COMPORTAMENTO VOLTADO A ENGAJAMENTO COM PERFIS DE NEGÓCIOS E INFLUENCIADORES DE GESTÃO",2025_6_BR_STORIES_VIC CERIDONO STORIES_ACAO_SBRAE_2025_PSMN0291,Tráfego,Ceará,25548,"173,47",996,0,"2025-06-10-PSMN-25548-173,47-996",50440,2.5,20176
2025-06-10,Sebrae Nacional - DEBRITO,1,facebook,sbrae_2025_psmn,psmn,"2025_6_BR_TRAF_CPC_MULHERES DE 25 A 45 ANOS; INTERESSES EM EMPREENDEDORISMO, PEQUENOS NEGÓCIOS E MEI; COMPORTAMENTO VOLTADO A ENGAJAMENTO COM PERFIS DE NEGÓCIOS E INFLUENCIADORES DE GESTÃO",2025_6_BR_CARD_KV_ACAO_SBRAE_2025_PSMN0293,Tráfego,Espírito Santo,77,"0,2",0,0,"2025-06-10-PSMN-77-0,2-0",50440,2.5,20176
2025-06-10,Sebrae Nacional - DEBRITO,1,facebook,sbrae_2025_psmn,psmn,"2025_6_BR_TRAF_CPC_MULHERES DE 25 A 45 ANOS; INTERESSES EM EMPREENDEDORISMO, PEQUENOS NEGÓCIOS E MEI; COMPORTAMENTO VOLTADO A ENGAJAMENTO COM PERFIS DE NEGÓCIOS E INFLUENCIADORES DE GESTÃO",2025_6_BR_REELS_GABRIELA BAILAS REELS_ACAO_SBRAE_2025_PSMN0289,Tráfego,Espírito Santo,7,"0,01",0,0,"2025-06-10-PSMN-7-0,01-0",50440,2.5,20176
2025-06-10,Sebrae Nacional - DEBRITO,1,facebook,sbrae_2025_psmn,psmn,"2025_6_BR_TRAF_CPC_MULHERES DE 25 A 45 ANOS; INTERESSES EM EMPREENDEDORISMO, PEQUENOS NEGÓCIOS E MEI; COMPORTAMENTO VOLTADO A ENGAJAMENTO COM PERFIS DE NEGÓCIOS E INFLUENCIADORES DE GESTÃO",2025_6_BR_REELS_VIC CERIDONO REELS_ACAO_SBRAE_2025_PSMN0290,Tráfego,Espírito Santo,1991,"23,9",94,0,"2025-06-10-PSMN-1991-23,9-94",50440,2.5,20176
2025-06-10,Sebrae Nacional - DEBRITO,1,facebook,sbrae_2025_psmn,psmn,"2025_6_BR_TRAF_CPC_MULHERES DE 25 A 45 ANOS; INTERESSES EM EMPREENDEDORISMO, PEQUENOS NEGÓCIOS E MEI; COMPORTAMENTO VOLTADO A ENGAJAMENTO COM PERFIS DE NEGÓCIOS E INFLUENCIADORES DE GESTÃO",2025_6_BR_STORIES_GABRIELA BAILAS STORIES_ACAO_SBRAE_2025_PSMN0292,Tráfego,Espírito Santo,3077,"37,2",255,0,"2025-06-10-PSMN-3077-37,2-255",50440,2.5,20176
2025-06-10,Sebrae Nacional - DEBRITO,1,facebook,sbrae_2025_psmn,psmn,"2025_6_BR_TRAF_CPC_MULHERES DE 25 A 45 ANOS; INTERESSES EM EMPREENDEDORISMO, PEQUENOS NEGÓCIOS E MEI; COMPORTAMENTO VOLTADO A ENGAJAMENTO COM PERFIS DE NEGÓCIOS E INFLUENCIADORES DE GESTÃO",2025_6_BR_STORIES_VIC CERIDONO STORIES_ACAO_SBRAE_2025_PSMN0291,Tráfego,Espírito Santo,7140,"52,28",266,0,"2025-06-10-PSMN-7140-52,28-266",50440,2.5,20176
2025-06-10,Sebrae Nacional - DEBRITO,1,facebook,sbrae_2025_psmn,psmn,"2025_6_BR_TRAF_CPC_MULHERES DE 25 A 45 ANOS; INTERESSES EM EMPREENDEDORISMO, PEQUENOS NEGÓCIOS E MEI; COMPORTAMENTO VOLTADO A ENGAJAMENTO COM PERFIS DE NEGÓCIOS E INFLUENCIADORES DE GESTÃO",2025_6_BR_CARD_KV_ACAO_SBRAE_2025_PSMN0293,Tráfego,Distrito Federal,49,"0,2",1,0,"2025-06-10-PSMN-49-0,2-1",50440,2.5,20176
2025-06-10,Sebrae Nacional - DEBRITO,1,facebook,sbrae_2025_psmn,psmn,"2025_6_BR_TRAF_CPC_MULHERES DE 25 A 45 ANOS; INTERESSES EM EMPREENDEDORISMO, PEQUENOS NEGÓCIOS E MEI; COMPORTAMENTO VOLTADO A ENGAJAMENTO COM PERFIS DE NEGÓCIOS E INFLUENCIADORES DE GESTÃO",2025_6_BR_REELS_GABRIELA BAILAS REELS_ACAO_SBRAE_2025_PSMN0289,Tráfego,Distrito Federal,4,"0,02",0,0,"2025-06-10-PSMN-4-0,02-0",50440,2.5,20176
2025-06-10,Sebrae Nacional - DEBRITO,1,facebook,sbrae_2025_psmn,psmn,"2025_6_BR_TRAF_CPC_MULHERES DE 25 A 45 ANOS; INTERESSES EM EMPREENDEDORISMO, PEQUENOS NEGÓCIOS E MEI; COMPORTAMENTO VOLTADO A ENGAJAMENTO COM PERFIS DE NEGÓCIOS E INFLUENCIADORES DE GESTÃO",2025_6_BR_REELS_VIC CERIDONO REELS_ACAO_SBRAE_2025_PSMN0290,Tráfego,Distrito Federal,694,"8,12",35,0,"2025-06-10-PSMN-694-8,12-35",50440,2.5,20176
2025-06-10,Sebrae Nacional - DEBRITO,1,facebook,sbrae_2025_psmn,psmn,"2025_6_BR_TRAF_CPC_MULHERES DE 25 A 45 ANOS; INTERESSES EM EMPREENDEDORISMO, PEQUENOS NEGÓCIOS E MEI; COMPORTAMENTO VOLTADO A ENGAJAMENTO COM PERFIS DE NEGÓCIOS E INFLUENCIADORES DE GESTÃO",2025_6_BR_STORIES_GABRIELA BAILAS STORIES_ACAO_SBRAE_2025_PSMN0292,Tráfego,Distrito Federal,717,"9,01",54,0,"2025-06-10-PSMN-717-9,01-54",50440,2.5,20176
2025-06-10,Sebrae Nacional - DEBRITO,1,facebook,sbrae_2025_psmn,psmn,"2025_6_BR_TRAF_CPC_MULHERES DE 25 A 45 ANOS; INTERESSES EM EMPREENDEDORISMO, PEQUENOS NEGÓCIOS E MEI; COMPORTAMENTO VOLTADO A ENGAJAMENTO COM PERFIS DE NEGÓCIOS E INFLUENCIADORES DE GESTÃO",2025_6_BR_STORIES_VIC CERIDONO STORIES_ACAO_SBRAE_2025_PSMN0291,Tráfego,Distrito Federal,3934,"26,89",130,0,"2025-06-10-PSMN-3934-26,89-130",50440,2.5,20176
2025-06-10,Sebrae Nacional - DEBRITO,1,facebook,sbrae_2025_psmn,psmn,"2025_6_BR_TRAF_CPC_MULHERES DE 25 A 45 ANOS; INTERESSES EM EMPREENDEDORISMO, PEQUENOS NEGÓCIOS E MEI; COMPORTAMENTO VOLTADO A ENGAJAMENTO COM PERFIS DE NEGÓCIOS E INFLUENCIADORES DE GESTÃO",2025_6_BR_CARD_KV_ACAO_SBRAE_2025_PSMN0293,Tráfego,Goiás,161,"0,57",1,0,"2025-06-10-PSMN-161-0,57-1",50440,2.5,20176
2025-06-10,Sebrae Nacional - DEBRITO,1,facebook,sbrae_2025_psmn,psmn,"2025_6_BR_TRAF_CPC_MULHERES DE 25 A 45 ANOS; INTERESSES EM EMPREENDEDORISMO, PEQUENOS NEGÓCIOS E MEI; COMPORTAMENTO VOLTADO A ENGAJAMENTO COM PERFIS DE NEGÓCIOS E INFLUENCIADORES DE GESTÃO",2025_6_BR_REELS_GABRIELA BAILAS REELS_ACAO_SBRAE_2025_PSMN0289,Tráfego,Goiás,4,0,0,0,2025-06-10-PSMN-4-0-0,50440,2.5,20176
2025-06-10,Sebrae Nacional - DEBRITO,1,facebook,sbrae_2025_psmn,psmn,"2025_6_BR_TRAF_CPC_MULHERES DE 25 A 45 ANOS; INTERESSES EM EMPREENDEDORISMO, PEQUENOS NEGÓCIOS E MEI; COMPORTAMENTO VOLTADO A ENGAJAMENTO COM PERFIS DE NEGÓCIOS E INFLUENCIADORES DE GESTÃO",2025_6_BR_REELS_VIC CERIDONO REELS_ACAO_SBRAE_2025_PSMN0290,Tráfego,Goiás,3864,"43,08",176,0,"2025-06-10-PSMN-3864-43,08-176",50440,2.5,20176
2025-06-10,Sebrae Nacional - DEBRITO,1,facebook,sbrae_2025_psmn,psmn,"2025_6_BR_TRAF_CPC_MULHERES DE 25 A 45 ANOS; INTERESSES EM EMPREENDEDORISMO, PEQUENOS NEGÓCIOS E MEI; COMPORTAMENTO VOLTADO A ENGAJAMENTO COM PERFIS DE NEGÓCIOS E INFLUENCIADORES DE GESTÃO",2025_6_BR_STORIES_GABRIELA BAILAS STORIES_ACAO_SBRAE_2025_PSMN0292,Tráfego,Goiás,4476,"51,28",342,0,"2025-06-10-PSMN-4476-51,28-342",50440,2.5,20176
2025-06-10,Sebrae Nacional - DEBRITO,1,facebook,sbrae_2025_psmn,psmn,"2025_6_BR_TRAF_CPC_MULHERES DE 25 A 45 ANOS; INTERESSES EM EMPREENDEDORISMO, PEQUENOS NEGÓCIOS E MEI; COMPORTAMENTO VOLTADO A ENGAJAMENTO COM PERFIS DE NEGÓCIOS E INFLUENCIADORES DE GESTÃO",2025_6_BR_STORIES_VIC CERIDONO STORIES_ACAO_SBRAE_2025_PSMN0291,Tráfego,Goiás,16584,"106,32",592,0,"2025-06-10-PSMN-16584-106,32-592",50440,2.5,20176
2025-06-10,Sebrae Nacional - DEBRITO,1,facebook,sbrae_2025_psmn,psmn,"2025_6_BR_TRAF_CPC_MULHERES DE 25 A 45 ANOS; INTERESSES EM EMPREENDEDORISMO, PEQUENOS NEGÓCIOS E MEI; COMPORTAMENTO VOLTADO A ENGAJAMENTO COM PERFIS DE NEGÓCIOS E INFLUENCIADORES DE GESTÃO",2025_6_BR_CARD_KV_ACAO_SBRAE_2025_PSMN0293,Tráfego,Maranhão,183,"0,65",3,0,"2025-06-10-PSMN-183-0,65-3",50440,2.5,20176
2025-06-10,Sebrae Nacional - DEBRITO,1,facebook,sbrae_2025_psmn,psmn,"2025_6_BR_TRAF_CPC_MULHERES DE 25 A 45 ANOS; INTERESSES EM EMPREENDEDORISMO, PEQUENOS NEGÓCIOS E MEI; COMPORTAMENTO VOLTADO A ENGAJAMENTO COM PERFIS DE NEGÓCIOS E INFLUENCIADORES DE GESTÃO",2025_6_BR_REELS_GABRIELA BAILAS REELS_ACAO_SBRAE_2025_PSMN0289,Tráfego,Maranhão,8,"0,01",0,0,"2025-06-10-PSMN-8-0,01-0",50440,2.5,20176
2025-06-10,Sebrae Nacional - DEBRITO,1,facebook,sbrae_2025_psmn,psmn,"2025_6_BR_TRAF_CPC_MULHERES DE 25 A 45 ANOS; INTERESSES EM EMPREENDEDORISMO, PEQUENOS NEGÓCIOS E MEI; COMPORTAMENTO VOLTADO A ENGAJAMENTO COM PERFIS DE NEGÓCIOS E INFLUENCIADORES DE GESTÃO",2025_6_BR_REELS_VIC CERIDONO REELS_ACAO_SBRAE_2025_PSMN0290,Tráfego,Maranhão,2218,"24,22",114,0,"2025-06-10-PSMN-2218-24,22-114",50440,2.5,20176
2025-06-10,Sebrae Nacional - DEBRITO,1,facebook,sbrae_2025_psmn,psmn,"2025_6_BR_TRAF_CPC_MULHERES DE 25 A 45 ANOS; INTERESSES EM EMPREENDEDORISMO, PEQUENOS NEGÓCIOS E MEI; COMPORTAMENTO VOLTADO A ENGAJAMENTO COM PERFIS DE NEGÓCIOS E INFLUENCIADORES DE GESTÃO",2025_6_BR_STORIES_GABRIELA BAILAS STORIES_ACAO_SBRAE_2025_PSMN0292,Tráfego,Maranhão,6241,"69,29",417,0,"2025-06-10-PSMN-6241-69,29-417",50440,2.5,20176
2025-06-10,Sebrae Nacional - DEBRITO,1,facebook,sbrae_2025_psmn,psmn,"2025_6_BR_TRAF_CPC_MULHERES DE 25 A 45 ANOS; INTERESSES EM EMPREENDEDORISMO, PEQUENOS NEGÓCIOS E MEI; COMPORTAMENTO VOLTADO A ENGAJAMENTO COM PERFIS DE NEGÓCIOS E INFLUENCIADORES DE GESTÃO",2025_6_BR_STORIES_VIC CERIDONO STORIES_ACAO_SBRAE_2025_PSMN0291,Tráfego,Maranhão,12379,"79,95",462,0,"2025-06-10-PSMN-12379-79,95-462",50440,2.5,20176
2025-06-10,Sebrae Nacional - DEBRITO,1,facebook,sbrae_2025_psmn,psmn,"2025_6_BR_TRAF_CPC_MULHERES DE 25 A 45 ANOS; INTERESSES EM EMPREENDEDORISMO, PEQUENOS NEGÓCIOS E MEI; COMPORTAMENTO VOLTADO A ENGAJAMENTO COM PERFIS DE NEGÓCIOS E INFLUENCIADORES DE GESTÃO",2025_6_BR_CARD_KV_ACAO_SBRAE_2025_PSMN0293,Tráfego,Mato Grosso,86,"0,28",2,0,"2025-06-10-PSMN-86-0,28-2",50440,2.5,20176
2025-06-10,Sebrae Nacional - DEBRITO,1,facebook,sbrae_2025_psmn,psmn,"2025_6_BR_TRAF_CPC_MULHERES DE 25 A 45 ANOS; INTERESSES EM EMPREENDEDORISMO, PEQUENOS NEGÓCIOS E MEI; COMPORTAMENTO VOLTADO A ENGAJAMENTO COM PERFIS DE NEGÓCIOS E INFLUENCIADORES DE GESTÃO",2025_6_BR_REELS_GABRIELA BAILAS REELS_ACAO_SBRAE_2025_PSMN0289,Tráfego,Mato Grosso,4,"0,02",0,0,"2025-06-10-PSMN-4-0,02-0",50440,2.5,20176
2025-06-10,Sebrae Nacional - DEBRITO,1,facebook,sbrae_2025_psmn,psmn,"2025_6_BR_TRAF_CPC_MULHERES DE 25 A 45 ANOS; INTERESSES EM EMPREENDEDORISMO, PEQUENOS NEGÓCIOS E MEI; COMPORTAMENTO VOLTADO A ENGAJAMENTO COM PERFIS DE NEGÓCIOS E INFLUENCIADORES DE GESTÃO",2025_6_BR_REELS_VIC CERIDONO REELS_ACAO_SBRAE_2025_PSMN0290,Tráfego,Mato Grosso,1231,"11,64",55,0,"2025-06-10-PSMN-1231-11,64-55",50440,2.5,20176
2025-06-10,Sebrae Nacional - DEBRITO,1,facebook,sbrae_2025_psmn,psmn,"2025_6_BR_TRAF_CPC_MULHERES DE 25 A 45 ANOS; INTERESSES EM EMPREENDEDORISMO, PEQUENOS NEGÓCIOS E MEI; COMPORTAMENTO VOLTADO A ENGAJAMENTO COM PERFIS DE NEGÓCIOS E INFLUENCIADORES DE GESTÃO",2025_6_BR_STORIES_GABRIELA BAILAS STORIES_ACAO_SBRAE_2025_PSMN0292,Tráfego,Mato Grosso,2076,"24,05",161,0,"2025-06-10-PSMN-2076-24,05-161",50440,2.5,20176
2025-06-10,Sebrae Nacional - DEBRITO,1,facebook,sbrae_2025_psmn,psmn,"2025_6_BR_TRAF_CPC_MULHERES DE 25 A 45 ANOS; INTERESSES EM EMPREENDEDORISMO, PEQUENOS NEGÓCIOS E MEI; COMPORTAMENTO VOLTADO A ENGAJAMENTO COM PERFIS DE NEGÓCIOS E INFLUENCIADORES DE GESTÃO",2025_6_BR_STORIES_VIC CERIDONO STORIES_ACAO_SBRAE_2025_PSMN0291,Tráfego,Mato Grosso,6373,"40,92",227,0,"2025-06-10-PSMN-6373-40,92-227",50440,2.5,20176
2025-06-10,Sebrae Nacional - DEBRITO,1,facebook,sbrae_2025_psmn,psmn,"2025_6_BR_TRAF_CPC_MULHERES DE 25 A 45 ANOS; INTERESSES EM EMPREENDEDORISMO, PEQUENOS NEGÓCIOS E MEI; COMPORTAMENTO VOLTADO A ENGAJAMENTO COM PERFIS DE NEGÓCIOS E INFLUENCIADORES DE GESTÃO",2025_6_BR_CARD_KV_ACAO_SBRAE_2025_PSMN0293,Tráfego,Mato Grosso do Sul,75,"0,19",0,0,"2025-06-10-PSMN-75-0,19-0",50440,2.5,20176
2025-06-10,Sebrae Nacional - DEBRITO,1,facebook,sbrae_2025_psmn,psmn,"2025_6_BR_TRAF_CPC_MULHERES DE 25 A 45 ANOS; INTERESSES EM EMPREENDEDORISMO, PEQUENOS NEGÓCIOS E MEI; COMPORTAMENTO VOLTADO A ENGAJAMENTO COM PERFIS DE NEGÓCIOS E INFLUENCIADORES DE GESTÃO",2025_6_BR_REELS_GABRIELA BAILAS REELS_ACAO_SBRAE_2025_PSMN0289,Tráfego,Mato Grosso do Sul,1,0,0,0,2025-06-10-PSMN-1-0-0,50440,2.5,20176
2025-06-10,Sebrae Nacional - DEBRITO,1,facebook,sbrae_2025_psmn,psmn,"2025_6_BR_TRAF_CPC_MULHERES DE 25 A 45 ANOS; INTERESSES EM EMPREENDEDORISMO, PEQUENOS NEGÓCIOS E MEI; COMPORTAMENTO VOLTADO A ENGAJAMENTO COM PERFIS DE NEGÓCIOS E INFLUENCIADORES DE GESTÃO",2025_6_BR_REELS_VIC CERIDONO REELS_ACAO_SBRAE_2025_PSMN0290,Tráfego,Mato Grosso do Sul,1783,"19,67",99,0,"2025-06-10-PSMN-1783-19,67-99",50440,2.5,20176
2025-06-10,Sebrae Nacional - DEBRITO,1,facebook,sbrae_2025_psmn,psmn,"2025_6_BR_TRAF_CPC_MULHERES DE 25 A 45 ANOS; INTERESSES EM EMPREENDEDORISMO, PEQUENOS NEGÓCIOS E MEI; COMPORTAMENTO VOLTADO A ENGAJAMENTO COM PERFIS DE NEGÓCIOS E INFLUENCIADORES DE GESTÃO",2025_6_BR_STORIES_GABRIELA BAILAS STORIES_ACAO_SBRAE_2025_PSMN0292,Tráfego,Mato Grosso do Sul,1976,"21,71",140,0,"2025-06-10-PSMN-1976-21,71-140",50440,2.5,20176
2025-06-10,Sebrae Nacional - DEBRITO,1,facebook,sbrae_2025_psmn,psmn,"2025_6_BR_TRAF_CPC_MULHERES DE 25 A 45 ANOS; INTERESSES EM EMPREENDEDORISMO, PEQUENOS NEGÓCIOS E MEI; COMPORTAMENTO VOLTADO A ENGAJAMENTO COM PERFIS DE NEGÓCIOS E INFLUENCIADORES DE GESTÃO",2025_6_BR_STORIES_VIC CERIDONO STORIES_ACAO_SBRAE_2025_PSMN0291,Tráfego,Mato Grosso do Sul,5324,"35,92",212,0,"2025-06-10-PSMN-5324-35,92-212",50440,2.5,20176
2025-06-10,Sebrae Nacional - DEBRITO,1,facebook,sbrae_2025_psmn,psmn,"2025_6_BR_TRAF_CPC_MULHERES DE 25 A 45 ANOS; INTERESSES EM EMPREENDEDORISMO, PEQUENOS NEGÓCIOS E MEI; COMPORTAMENTO VOLTADO A ENGAJAMENTO COM PERFIS DE NEGÓCIOS E INFLUENCIADORES DE GESTÃO",2025_6_BR_CARD_KV_ACAO_SBRAE_2025_PSMN0293,Tráfego,Minas Gerais,393,"1,11",1,0,"2025-06-10-PSMN-393-1,11-1",50440,2.5,20176
2025-06-10,Sebrae Nacional - DEBRITO,1,facebook,sbrae_2025_psmn,psmn,"2025_6_BR_TRAF_CPC_MULHERES DE 25 A 45 ANOS; INTERESSES EM EMPREENDEDORISMO, PEQUENOS NEGÓCIOS E MEI; COMPORTAMENTO VOLTADO A ENGAJAMENTO COM PERFIS DE NEGÓCIOS E INFLUENCIADORES DE GESTÃO",2025_6_BR_REELS_GABRIELA BAILAS REELS_ACAO_SBRAE_2025_PSMN0289,Tráfego,Minas Gerais,14,"0,09",0,0,"2025-06-10-PSMN-14-0,09-0",50440,2.5,20176
2025-06-10,Sebrae Nacional - DEBRITO,1,facebook,sbrae_2025_psmn,psmn,"2025_6_BR_TRAF_CPC_MULHERES DE 25 A 45 ANOS; INTERESSES EM EMPREENDEDORISMO, PEQUENOS NEGÓCIOS E MEI; COMPORTAMENTO VOLTADO A ENGAJAMENTO COM PERFIS DE NEGÓCIOS E INFLUENCIADORES DE GESTÃO",2025_6_BR_REELS_VIC CERIDONO REELS_ACAO_SBRAE_2025_PSMN0290,Tráfego,Minas Gerais,8918,"100,98",486,0,"2025-06-10-PSMN-8918-100,98-486",50440,2.5,20176
2025-06-10,Sebrae Nacional - DEBRITO,1,facebook,sbrae_2025_psmn,psmn,"2025_6_BR_TRAF_CPC_MULHERES DE 25 A 45 ANOS; INTERESSES EM EMPREENDEDORISMO, PEQUENOS NEGÓCIOS E MEI; COMPORTAMENTO VOLTADO A ENGAJAMENTO COM PERFIS DE NEGÓCIOS E INFLUENCIADORES DE GESTÃO",2025_6_BR_STORIES_GABRIELA BAILAS STORIES_ACAO_SBRAE_2025_PSMN0292,Tráfego,Minas Gerais,15330,"178,12",1191,0,"2025-06-10-PSMN-15330-178,12-1191",50440,2.5,20176
2025-06-10,Sebrae Nacional - DEBRITO,1,facebook,sbrae_2025_psmn,psmn,"2025_6_BR_TRAF_CPC_MULHERES DE 25 A 45 ANOS; INTERESSES EM EMPREENDEDORISMO, PEQUENOS NEGÓCIOS E MEI; COMPORTAMENTO VOLTADO A ENGAJAMENTO COM PERFIS DE NEGÓCIOS E INFLUENCIADORES DE GESTÃO",2025_6_BR_STORIES_VIC CERIDONO STORIES_ACAO_SBRAE_2025_PSMN0291,Tráfego,Minas Gerais,34980,"249,93",1365,0,"2025-06-10-PSMN-34980-249,93-1365",50440,2.5,20176
2025-06-10,Sebrae Nacional - DEBRITO,1,facebook,sbrae_2025_psmn,psmn,"2025_6_BR_TRAF_CPC_MULHERES DE 25 A 45 ANOS; INTERESSES EM EMPREENDEDORISMO, PEQUENOS NEGÓCIOS E MEI; COMPORTAMENTO VOLTADO A ENGAJAMENTO COM PERFIS DE NEGÓCIOS E INFLUENCIADORES DE GESTÃO",2025_6_BR_CARD_KV_ACAO_SBRAE_2025_PSMN0293,Tráfego,Paraná,130,"0,39",2,0,"2025-06-10-PSMN-130-0,39-2",50440,2.5,20176
2025-06-10,Sebrae Nacional - DEBRITO,1,facebook,sbrae_2025_psmn,psmn,"2025_6_BR_TRAF_CPC_MULHERES DE 25 A 45 ANOS; INTERESSES EM EMPREENDEDORISMO, PEQUENOS NEGÓCIOS E MEI; COMPORTAMENTO VOLTADO A ENGAJAMENTO COM PERFIS DE NEGÓCIOS E INFLUENCIADORES DE GESTÃO",2025_6_BR_REELS_GABRIELA BAILAS REELS_ACAO_SBRAE_2025_PSMN0289,Tráfego,Paraná,3,"0,01",0,0,"2025-06-10-PSMN-3-0,01-0",50440,2.5,20176
2025-06-10,Sebrae Nacional - DEBRITO,1,facebook,sbrae_2025_psmn,psmn,"2025_6_BR_TRAF_CPC_MULHERES DE 25 A 45 ANOS; INTERESSES EM EMPREENDEDORISMO, PEQUENOS NEGÓCIOS E MEI; COMPORTAMENTO VOLTADO A ENGAJAMENTO COM PERFIS DE NEGÓCIOS E INFLUENCIADORES DE GESTÃO",2025_6_BR_REELS_VIC CERIDONO REELS_ACAO_SBRAE_2025_PSMN0290,Tráfego,Paraná,3588,"40,16",194,0,"2025-06-10-PSMN-3588-40,16-194",50440,2.5,20176
2025-06-10,Sebrae Nacional - DEBRITO,1,facebook,sbrae_2025_psmn,psmn,"2025_6_BR_TRAF_CPC_MULHERES DE 25 A 45 ANOS; INTERESSES EM EMPREENDEDORISMO, PEQUENOS NEGÓCIOS E MEI; COMPORTAMENTO VOLTADO A ENGAJAMENTO COM PERFIS DE NEGÓCIOS E INFLUENCIADORES DE GESTÃO",2025_6_BR_STORIES_GABRIELA BAILAS STORIES_ACAO_SBRAE_2025_PSMN0292,Tráfego,Paraná,6286,"71,4",500,0,"2025-06-10-PSMN-6286-71,4-500",50440,2.5,20176
2025-06-10,Sebrae Nacional - DEBRITO,1,facebook,sbrae_2025_psmn,psmn,"2025_6_BR_TRAF_CPC_MULHERES DE 25 A 45 ANOS; INTERESSES EM EMPREENDEDORISMO, PEQUENOS NEGÓCIOS E MEI; COMPORTAMENTO VOLTADO A ENGAJAMENTO COM PERFIS DE NEGÓCIOS E INFLUENCIADORES DE GESTÃO",2025_6_BR_STORIES_VIC CERIDONO STORIES_ACAO_SBRAE_2025_PSMN0291,Tráfego,Paraná,12402,"87,78",510,0,"2025-06-10-PSMN-12402-87,78-510",50440,2.5,20176
2025-06-10,Sebrae Nacional - DEBRITO,1,facebook,sbrae_2025_psmn,psmn,"2025_6_BR_TRAF_CPC_MULHERES DE 25 A 45 ANOS; INTERESSES EM EMPREENDEDORISMO, PEQUENOS NEGÓCIOS E MEI; COMPORTAMENTO VOLTADO A ENGAJAMENTO COM PERFIS DE NEGÓCIOS E INFLUENCIADORES DE GESTÃO",2025_6_BR_CARD_KV_ACAO_SBRAE_2025_PSMN0293,Tráfego,Paraíba,172,"0,55",3,0,"2025-06-10-PSMN-172-0,55-3",50440,2.5,20176
2025-06-10,Sebrae Nacional - DEBRITO,1,facebook,sbrae_2025_psmn,psmn,"2025_6_BR_TRAF_CPC_MULHERES DE 25 A 45 ANOS; INTERESSES EM EMPREENDEDORISMO, PEQUENOS NEGÓCIOS E MEI; COMPORTAMENTO VOLTADO A ENGAJAMENTO COM PERFIS DE NEGÓCIOS E INFLUENCIADORES DE GESTÃO",2025_6_BR_REELS_GABRIELA BAILAS REELS_ACAO_SBRAE_2025_PSMN0289,Tráfego,Paraíba,6,"0,03",0,0,"2025-06-10-PSMN-6-0,03-0",50440,2.5,20176
2025-06-10,Sebrae Nacional - DEBRITO,1,facebook,sbrae_2025_psmn,psmn,"2025_6_BR_TRAF_CPC_MULHERES DE 25 A 45 ANOS; INTERESSES EM EMPREENDEDORISMO, PEQUENOS NEGÓCIOS E MEI; COMPORTAMENTO VOLTADO A ENGAJAMENTO COM PERFIS DE NEGÓCIOS E INFLUENCIADORES DE GESTÃO",2025_6_BR_REELS_VIC CERIDONO REELS_ACAO_SBRAE_2025_PSMN0290,Tráfego,Paraíba,3853,"44,79",204,0,"2025-06-10-PSMN-3853-44,79-204",50440,2.5,20176
2025-06-10,Sebrae Nacional - DEBRITO,1,facebook,sbrae_2025_psmn,psmn,"2025_6_BR_TRAF_CPC_MULHERES DE 25 A 45 ANOS; INTERESSES EM EMPREENDEDORISMO, PEQUENOS NEGÓCIOS E MEI; COMPORTAMENTO VOLTADO A ENGAJAMENTO COM PERFIS DE NEGÓCIOS E INFLUENCIADORES DE GESTÃO",2025_6_BR_STORIES_GABRIELA BAILAS STORIES_ACAO_SBRAE_2025_PSMN0292,Tráfego,Paraíba,10773,"100,24",618,0,"2025-06-10-PSMN-10773-100,24-618",50440,2.5,20176
2025-06-10,Sebrae Nacional - DEBRITO,1,facebook,sbrae_2025_psmn,psmn,"2025_6_BR_TRAF_CPC_MULHERES DE 25 A 45 ANOS; INTERESSES EM EMPREENDEDORISMO, PEQUENOS NEGÓCIOS E MEI; COMPORTAMENTO VOLTADO A ENGAJAMENTO COM PERFIS DE NEGÓCIOS E INFLUENCIADORES DE GESTÃO",2025_6_BR_STORIES_VIC CERIDONO STORIES_ACAO_SBRAE_2025_PSMN0291,Tráfego,Paraíba,13353,"89,42",437,0,"2025-06-10-PSMN-13353-89,42-437",50440,2.5,20176
2025-06-10,Sebrae Nacional - DEBRITO,1,facebook,sbrae_2025_psmn,psmn,"2025_6_BR_TRAF_CPC_MULHERES DE 25 A 45 ANOS; INTERESSES EM EMPREENDEDORISMO, PEQUENOS NEGÓCIOS E MEI; COMPORTAMENTO VOLTADO A ENGAJAMENTO COM PERFIS DE NEGÓCIOS E INFLUENCIADORES DE GESTÃO",2025_6_BR_CARD_KV_ACAO_SBRAE_2025_PSMN0293,Tráfego,Pará,213,"0,71",2,0,"2025-06-10-PSMN-213-0,71-2",50440,2.5,20176
2025-06-10,Sebrae Nacional - DEBRITO,1,facebook,sbrae_2025_psmn,psmn,"2025_6_BR_TRAF_CPC_MULHERES DE 25 A 45 ANOS; INTERESSES EM EMPREENDEDORISMO, PEQUENOS NEGÓCIOS E MEI; COMPORTAMENTO VOLTADO A ENGAJAMENTO COM PERFIS DE NEGÓCIOS E INFLUENCIADORES DE GESTÃO",2025_6_BR_REELS_GABRIELA BAILAS REELS_ACAO_SBRAE_2025_PSMN0289,Tráfego,Pará,1,0,0,0,2025-06-10-PSMN-1-0-0,50440,2.5,20176
2025-06-10,Sebrae Nacional - DEBRITO,1,facebook,sbrae_2025_psmn,psmn,"2025_6_BR_TRAF_CPC_MULHERES DE 25 A 45 ANOS; INTERESSES EM EMPREENDEDORISMO, PEQUENOS NEGÓCIOS E MEI; COMPORTAMENTO VOLTADO A ENGAJAMENTO COM PERFIS DE NEGÓCIOS E INFLUENCIADORES DE GESTÃO",2025_6_BR_REELS_VIC CERIDONO REELS_ACAO_SBRAE_2025_PSMN0290,Tráfego,Pará,3602,"39,94",179,0,"2025-06-10-PSMN-3602-39,94-179",50440,2.5,20176
2025-06-10,Sebrae Nacional - DEBRITO,1,facebook,sbrae_2025_psmn,psmn,"2025_6_BR_TRAF_CPC_MULHERES DE 25 A 45 ANOS; INTERESSES EM EMPREENDEDORISMO, PEQUENOS NEGÓCIOS E MEI; COMPORTAMENTO VOLTADO A ENGAJAMENTO COM PERFIS DE NEGÓCIOS E INFLUENCIADORES DE GESTÃO",2025_6_BR_STORIES_GABRIELA BAILAS STORIES_ACAO_SBRAE_2025_PSMN0292,Tráfego,Pará,7048,"71,7",469,0,"2025-06-10-PSMN-7048-71,7-469",50440,2.5,20176
2025-06-10,Sebrae Nacional - DEBRITO,1,facebook,sbrae_2025_psmn,psmn,"2025_6_BR_TRAF_CPC_MULHERES DE 25 A 45 ANOS; INTERESSES EM EMPREENDEDORISMO, PEQUENOS NEGÓCIOS E MEI; COMPORTAMENTO VOLTADO A ENGAJAMENTO COM PERFIS DE NEGÓCIOS E INFLUENCIADORES DE GESTÃO",2025_6_BR_STORIES_VIC CERIDONO STORIES_ACAO_SBRAE_2025_PSMN0291,Tráfego,Pará,16025,97,526,0,2025-06-10-PSMN-16025-97-526,50440,2.5,20176
2025-06-10,Sebrae Nacional - DEBRITO,1,facebook,sbrae_2025_psmn,psmn,"2025_6_BR_TRAF_CPC_MULHERES DE 25 A 45 ANOS; INTERESSES EM EMPREENDEDORISMO, PEQUENOS NEGÓCIOS E MEI; COMPORTAMENTO VOLTADO A ENGAJAMENTO COM PERFIS DE NEGÓCIOS E INFLUENCIADORES DE GESTÃO",2025_6_BR_CARD_KV_ACAO_SBRAE_2025_PSMN0293,Tráfego,Pernambuco,326,"1,1",3,0,"2025-06-10-PSMN-326-1,1-3",50440,2.5,20176
2025-06-10,Sebrae Nacional - DEBRITO,1,facebook,sbrae_2025_psmn,psmn,"2025_6_BR_TRAF_CPC_MULHERES DE 25 A 45 ANOS; INTERESSES EM EMPREENDEDORISMO, PEQUENOS NEGÓCIOS E MEI; COMPORTAMENTO VOLTADO A ENGAJAMENTO COM PERFIS DE NEGÓCIOS E INFLUENCIADORES DE GESTÃO",2025_6_BR_REELS_GABRIELA BAILAS REELS_ACAO_SBRAE_2025_PSMN0289,Tráfego,Pernambuco,13,"0,04",0,0,"2025-06-10-PSMN-13-0,04-0",50440,2.5,20176
2025-06-10,Sebrae Nacional - DEBRITO,1,facebook,sbrae_2025_psmn,psmn,"2025_6_BR_TRAF_CPC_MULHERES DE 25 A 45 ANOS; INTERESSES EM EMPREENDEDORISMO, PEQUENOS NEGÓCIOS E MEI; COMPORTAMENTO VOLTADO A ENGAJAMENTO COM PERFIS DE NEGÓCIOS E INFLUENCIADORES DE GESTÃO",2025_6_BR_REELS_VIC CERIDONO REELS_ACAO_SBRAE_2025_PSMN0290,Tráfego,Pernambuco,6245,"71,68",284,0,"2025-06-10-PSMN-6245-71,68-284",50440,2.5,20176
2025-06-10,Sebrae Nacional - DEBRITO,1,facebook,sbrae_2025_psmn,psmn,"2025_6_BR_TRAF_CPC_MULHERES DE 25 A 45 ANOS; INTERESSES EM EMPREENDEDORISMO, PEQUENOS NEGÓCIOS E MEI; COMPORTAMENTO VOLTADO A ENGAJAMENTO COM PERFIS DE NEGÓCIOS E INFLUENCIADORES DE GESTÃO",2025_6_BR_STORIES_GABRIELA BAILAS STORIES_ACAO_SBRAE_2025_PSMN0292,Tráfego,Pernambuco,16516,"168,46",1127,0,"2025-06-10-PSMN-16516-168,46-1127",50440,2.5,20176
2025-06-10,Sebrae Nacional - DEBRITO,1,facebook,sbrae_2025_psmn,psmn,"2025_6_BR_TRAF_CPC_MULHERES DE 25 A 45 ANOS; INTERESSES EM EMPREENDEDORISMO, PEQUENOS NEGÓCIOS E MEI; COMPORTAMENTO VOLTADO A ENGAJAMENTO COM PERFIS DE NEGÓCIOS E INFLUENCIADORES DE GESTÃO",2025_6_BR_STORIES_VIC CERIDONO STORIES_ACAO_SBRAE_2025_PSMN0291,Tráfego,Pernambuco,23966,"166,21",846,0,"2025-06-10-PSMN-23966-166,21-846",50440,2.5,20176
2025-06-10,Sebrae Nacional - DEBRITO,1,facebook,sbrae_2025_psmn,psmn,"2025_6_BR_TRAF_CPC_MULHERES DE 25 A 45 ANOS; INTERESSES EM EMPREENDEDORISMO, PEQUENOS NEGÓCIOS E MEI; COMPORTAMENTO VOLTADO A ENGAJAMENTO COM PERFIS DE NEGÓCIOS E INFLUENCIADORES DE GESTÃO",2025_6_BR_CARD_KV_ACAO_SBRAE_2025_PSMN0293,Tráfego,Piauí,141,"0,48",0,0,"2025-06-10-PSMN-141-0,48-0",50440,2.5,20176
2025-06-10,Sebrae Nacional - DEBRITO,1,facebook,sbrae_2025_psmn,psmn,"2025_6_BR_TRAF_CPC_MULHERES DE 25 A 45 ANOS; INTERESSES EM EMPREENDEDORISMO, PEQUENOS NEGÓCIOS E MEI; COMPORTAMENTO VOLTADO A ENGAJAMENTO COM PERFIS DE NEGÓCIOS E INFLUENCIADORES DE GESTÃO",2025_6_BR_REELS_GABRIELA BAILAS REELS_ACAO_SBRAE_2025_PSMN0289,Tráfego,Piauí,3,"0,01",0,0,"2025-06-10-PSMN-3-0,01-0",50440,2.5,20176
2025-06-10,Sebrae Nacional - DEBRITO,1,facebook,sbrae_2025_psmn,psmn,"2025_6_BR_TRAF_CPC_MULHERES DE 25 A 45 ANOS; INTERESSES EM EMPREENDEDORISMO, PEQUENOS NEGÓCIOS E MEI; COMPORTAMENTO VOLTADO A ENGAJAMENTO COM PERFIS DE NEGÓCIOS E INFLUENCIADORES DE GESTÃO",2025_6_BR_REELS_VIC CERIDONO REELS_ACAO_SBRAE_2025_PSMN0290,Tráfego,Piauí,1844,"21,11",102,0,"2025-06-10-PSMN-1844-21,11-102",50440,2.5,20176
2025-06-10,Sebrae Nacional - DEBRITO,1,facebook,sbrae_2025_psmn,psmn,"2025_6_BR_TRAF_CPC_MULHERES DE 25 A 45 ANOS; INTERESSES EM EMPREENDEDORISMO, PEQUENOS NEGÓCIOS E MEI; COMPORTAMENTO VOLTADO A ENGAJAMENTO COM PERFIS DE NEGÓCIOS E INFLUENCIADORES DE GESTÃO",2025_6_BR_STORIES_GABRIELA BAILAS STORIES_ACAO_SBRAE_2025_PSMN0292,Tráfego,Piauí,6401,"64,04",439,0,"2025-06-10-PSMN-6401-64,04-439",50440,2.5,20176
2025-06-10,Sebrae Nacional - DEBRITO,1,facebook,sbrae_2025_psmn,psmn,"2025_6_BR_TRAF_CPC_MULHERES DE 25 A 45 ANOS; INTERESSES EM EMPREENDEDORISMO, PEQUENOS NEGÓCIOS E MEI; COMPORTAMENTO VOLTADO A ENGAJAMENTO COM PERFIS DE NEGÓCIOS E INFLUENCIADORES DE GESTÃO",2025_6_BR_STORIES_VIC CERIDONO STORIES_ACAO_SBRAE_2025_PSMN0291,Tráfego,Piauí,8991,"59,01",303,0,"2025-06-10-PSMN-8991-59,01-303",50440,2.5,20176
2025-06-10,Sebrae Nacional - DEBRITO,1,facebook,sbrae_2025_psmn,psmn,"2025_6_BR_TRAF_CPC_MULHERES DE 25 A 45 ANOS; INTERESSES EM EMPREENDEDORISMO, PEQUENOS NEGÓCIOS E MEI; COMPORTAMENTO VOLTADO A ENGAJAMENTO COM PERFIS DE NEGÓCIOS E INFLUENCIADORES DE GESTÃO",2025_6_BR_CARD_KV_ACAO_SBRAE_2025_PSMN0293,Tráfego,Rio Grande do Norte,155,"0,6",1,0,"2025-06-10-PSMN-155-0,6-1",50440,2.5,20176
2025-06-10,Sebrae Nacional - DEBRITO,1,facebook,sbrae_2025_psmn,psmn,"2025_6_BR_TRAF_CPC_MULHERES DE 25 A 45 ANOS; INTERESSES EM EMPREENDEDORISMO, PEQUENOS NEGÓCIOS E MEI; COMPORTAMENTO VOLTADO A ENGAJAMENTO COM PERFIS DE NEGÓCIOS E INFLUENCIADORES DE GESTÃO",2025_6_BR_REELS_GABRIELA BAILAS REELS_ACAO_SBRAE_2025_PSMN0289,Tráfego,Rio Grande do Norte,8,"0,08",0,0,"2025-06-10-PSMN-8-0,08-0",50440,2.5,20176
2025-06-10,Sebrae Nacional - DEBRITO,1,facebook,sbrae_2025_psmn,psmn,"2025_6_BR_TRAF_CPC_MULHERES DE 25 A 45 ANOS; INTERESSES EM EMPREENDEDORISMO, PEQUENOS NEGÓCIOS E MEI; COMPORTAMENTO VOLTADO A ENGAJAMENTO COM PERFIS DE NEGÓCIOS E INFLUENCIADORES DE GESTÃO",2025_6_BR_REELS_VIC CERIDONO REELS_ACAO_SBRAE_2025_PSMN0290,Tráfego,Rio Grande do Norte,2703,"30,57",127,0,"2025-06-10-PSMN-2703-30,57-127",50440,2.5,20176
2025-06-10,Sebrae Nacional - DEBRITO,1,facebook,sbrae_2025_psmn,psmn,"2025_6_BR_TRAF_CPC_MULHERES DE 25 A 45 ANOS; INTERESSES EM EMPREENDEDORISMO, PEQUENOS NEGÓCIOS E MEI; COMPORTAMENTO VOLTADO A ENGAJAMENTO COM PERFIS DE NEGÓCIOS E INFLUENCIADORES DE GESTÃO",2025_6_BR_STORIES_GABRIELA BAILAS STORIES_ACAO_SBRAE_2025_PSMN0292,Tráfego,Rio Grande do Norte,7778,"74,68",507,0,"2025-06-10-PSMN-7778-74,68-507",50440,2.5,20176
2025-06-10,Sebrae Nacional - DEBRITO,1,facebook,sbrae_2025_psmn,psmn,"2025_6_BR_TRAF_CPC_MULHERES DE 25 A 45 ANOS; INTERESSES EM EMPREENDEDORISMO, PEQUENOS NEGÓCIOS E MEI; COMPORTAMENTO VOLTADO A ENGAJAMENTO COM PERFIS DE NEGÓCIOS E INFLUENCIADORES DE GESTÃO",2025_6_BR_STORIES_VIC CERIDONO STORIES_ACAO_SBRAE_2025_PSMN0291,Tráfego,Rio Grande do Norte,11109,"74,97",363,0,"2025-06-10-PSMN-11109-74,97-363",50440,2.5,20176
2025-06-10,Sebrae Nacional - DEBRITO,1,facebook,sbrae_2025_psmn,psmn,"2025_6_BR_TRAF_CPC_MULHERES DE 25 A 45 ANOS; INTERESSES EM EMPREENDEDORISMO, PEQUENOS NEGÓCIOS E MEI; COMPORTAMENTO VOLTADO A ENGAJAMENTO COM PERFIS DE NEGÓCIOS E INFLUENCIADORES DE GESTÃO",2025_6_BR_CARD_KV_ACAO_SBRAE_2025_PSMN0293,Tráfego,Rio Grande do Sul,157,"0,38",3,0,"2025-06-10-PSMN-157-0,38-3",50440,2.5,20176
2025-06-10,Sebrae Nacional - DEBRITO,1,facebook,sbrae_2025_psmn,psmn,"2025_6_BR_TRAF_CPC_MULHERES DE 25 A 45 ANOS; INTERESSES EM EMPREENDEDORISMO, PEQUENOS NEGÓCIOS E MEI; COMPORTAMENTO VOLTADO A ENGAJAMENTO COM PERFIS DE NEGÓCIOS E INFLUENCIADORES DE GESTÃO",2025_6_BR_REELS_GABRIELA BAILAS REELS_ACAO_SBRAE_2025_PSMN0289,Tráfego,Rio Grande do Sul,11,"0,12",2,0,"2025-06-10-PSMN-11-0,12-2",50440,2.5,20176
2025-06-10,Sebrae Nacional - DEBRITO,1,facebook,sbrae_2025_psmn,psmn,"2025_6_BR_TRAF_CPC_MULHERES DE 25 A 45 ANOS; INTERESSES EM EMPREENDEDORISMO, PEQUENOS NEGÓCIOS E MEI; COMPORTAMENTO VOLTADO A ENGAJAMENTO COM PERFIS DE NEGÓCIOS E INFLUENCIADORES DE GESTÃO",2025_6_BR_REELS_VIC CERIDONO REELS_ACAO_SBRAE_2025_PSMN0290,Tráfego,Rio Grande do Sul,5519,"60,67",280,0,"2025-06-10-PSMN-5519-60,67-280",50440,2.5,20176
2025-06-10,Sebrae Nacional - DEBRITO,1,facebook,sbrae_2025_psmn,psmn,"2025_6_BR_TRAF_CPC_MULHERES DE 25 A 45 ANOS; INTERESSES EM EMPREENDEDORISMO, PEQUENOS NEGÓCIOS E MEI; COMPORTAMENTO VOLTADO A ENGAJAMENTO COM PERFIS DE NEGÓCIOS E INFLUENCIADORES DE GESTÃO",2025_6_BR_STORIES_GABRIELA BAILAS STORIES_ACAO_SBRAE_2025_PSMN0292,Tráfego,Rio Grande do Sul,9753,"102,06",747,0,"2025-06-10-PSMN-9753-102,06-747",50440,2.5,20176
2025-06-10,Sebrae Nacional - DEBRITO,1,facebook,sbrae_2025_psmn,psmn,"2025_6_BR_TRAF_CPC_MULHERES DE 25 A 45 ANOS; INTERESSES EM EMPREENDEDORISMO, PEQUENOS NEGÓCIOS E MEI; COMPORTAMENTO VOLTADO A ENGAJAMENTO COM PERFIS DE NEGÓCIOS E INFLUENCIADORES DE GESTÃO",2025_6_BR_STORIES_VIC CERIDONO STORIES_ACAO_SBRAE_2025_PSMN0291,Tráfego,Rio Grande do Sul,15443,"112,13",634,0,"2025-06-10-PSMN-15443-112,13-634",50440,2.5,20176
2025-06-10,Sebrae Nacional - DEBRITO,1,facebook,sbrae_2025_psmn,psmn,"2025_6_BR_TRAF_CPC_MULHERES DE 25 A 45 ANOS; INTERESSES EM EMPREENDEDORISMO, PEQUENOS NEGÓCIOS E MEI; COMPORTAMENTO VOLTADO A ENGAJAMENTO COM PERFIS DE NEGÓCIOS E INFLUENCIADORES DE GESTÃO",2025_6_BR_CARD_KV_ACAO_SBRAE_2025_PSMN0293,Tráfego,Rio de Janeiro,271,"1,1",2,0,"2025-06-10-PSMN-271-1,1-2",50440,2.5,20176
2025-06-10,Sebrae Nacional - DEBRITO,1,facebook,sbrae_2025_psmn,psmn,"2025_6_BR_TRAF_CPC_MULHERES DE 25 A 45 ANOS; INTERESSES EM EMPREENDEDORISMO, PEQUENOS NEGÓCIOS E MEI; COMPORTAMENTO VOLTADO A ENGAJAMENTO COM PERFIS DE NEGÓCIOS E INFLUENCIADORES DE GESTÃO",2025_6_BR_REELS_GABRIELA BAILAS REELS_ACAO_SBRAE_2025_PSMN0289,Tráfego,Rio de Janeiro,8,"0,06",2,0,"2025-06-10-PSMN-8-0,06-2",50440,2.5,20176
2025-06-10,Sebrae Nacional - DEBRITO,1,facebook,sbrae_2025_psmn,psmn,"2025_6_BR_TRAF_CPC_MULHERES DE 25 A 45 ANOS; INTERESSES EM EMPREENDEDORISMO, PEQUENOS NEGÓCIOS E MEI; COMPORTAMENTO VOLTADO A ENGAJAMENTO COM PERFIS DE NEGÓCIOS E INFLUENCIADORES DE GESTÃO",2025_6_BR_REELS_VIC CERIDONO REELS_ACAO_SBRAE_2025_PSMN0290,Tráfego,Rio de Janeiro,9098,"114,12",555,0,"2025-06-10-PSMN-9098-114,12-555",50440,2.5,20176
2025-06-10,Sebrae Nacional - DEBRITO,1,facebook,sbrae_2025_psmn,psmn,"2025_6_BR_TRAF_CPC_MULHERES DE 25 A 45 ANOS; INTERESSES EM EMPREENDEDORISMO, PEQUENOS NEGÓCIOS E MEI; COMPORTAMENTO VOLTADO A ENGAJAMENTO COM PERFIS DE NEGÓCIOS E INFLUENCIADORES DE GESTÃO",2025_6_BR_STORIES_GABRIELA BAILAS STORIES_ACAO_SBRAE_2025_PSMN0292,Tráfego,Rio de Janeiro,7381,"93,1",590,0,"2025-06-10-PSMN-7381-93,1-590",50440,2.5,20176
2025-06-10,Sebrae Nacional - DEBRITO,1,facebook,sbrae_2025_psmn,psmn,"2025_6_BR_TRAF_CPC_MULHERES DE 25 A 45 ANOS; INTERESSES EM EMPREENDEDORISMO, PEQUENOS NEGÓCIOS E MEI; COMPORTAMENTO VOLTADO A ENGAJAMENTO COM PERFIS DE NEGÓCIOS E INFLUENCIADORES DE GESTÃO",2025_6_BR_STORIES_VIC CERIDONO STORIES_ACAO_SBRAE_2025_PSMN0291,Tráfego,Rio de Janeiro,20379,"157,09",860,0,"2025-06-10-PSMN-20379-157,09-860",50440,2.5,20176
2025-06-10,Sebrae Nacional - DEBRITO,1,facebook,sbrae_2025_psmn,psmn,"2025_6_BR_TRAF_CPC_MULHERES DE 25 A 45 ANOS; INTERESSES EM EMPREENDEDORISMO, PEQUENOS NEGÓCIOS E MEI; COMPORTAMENTO VOLTADO A ENGAJAMENTO COM PERFIS DE NEGÓCIOS E INFLUENCIADORES DE GESTÃO",2025_6_BR_CARD_KV_ACAO_SBRAE_2025_PSMN0293,Tráfego,Rondônia,29,"0,08",0,0,"2025-06-10-PSMN-29-0,08-0",50440,2.5,20176
2025-06-10,Sebrae Nacional - DEBRITO,1,facebook,sbrae_2025_psmn,psmn,"2025_6_BR_TRAF_CPC_MULHERES DE 25 A 45 ANOS; INTERESSES EM EMPREENDEDORISMO, PEQUENOS NEGÓCIOS E MEI; COMPORTAMENTO VOLTADO A ENGAJAMENTO COM PERFIS DE NEGÓCIOS E INFLUENCIADORES DE GESTÃO",2025_6_BR_REELS_GABRIELA BAILAS REELS_ACAO_SBRAE_2025_PSMN0289,Tráfego,Rondônia,1,0,0,0,2025-06-10-PSMN-1-0-0,50440,2.5,20176
2025-06-10,Sebrae Nacional - DEBRITO,1,facebook,sbrae_2025_psmn,psmn,"2025_6_BR_TRAF_CPC_MULHERES DE 25 A 45 ANOS; INTERESSES EM EMPREENDEDORISMO, PEQUENOS NEGÓCIOS E MEI; COMPORTAMENTO VOLTADO A ENGAJAMENTO COM PERFIS DE NEGÓCIOS E INFLUENCIADORES DE GESTÃO",2025_6_BR_REELS_VIC CERIDONO REELS_ACAO_SBRAE_2025_PSMN0290,Tráfego,Rondônia,766,"7,53",43,0,"2025-06-10-PSMN-766-7,53-43",50440,2.5,20176
2025-06-10,Sebrae Nacional - DEBRITO,1,facebook,sbrae_2025_psmn,psmn,"2025_6_BR_TRAF_CPC_MULHERES DE 25 A 45 ANOS; INTERESSES EM EMPREENDEDORISMO, PEQUENOS NEGÓCIOS E MEI; COMPORTAMENTO VOLTADO A ENGAJAMENTO COM PERFIS DE NEGÓCIOS E INFLUENCIADORES DE GESTÃO",2025_6_BR_STORIES_GABRIELA BAILAS STORIES_ACAO_SBRAE_2025_PSMN0292,Tráfego,Rondônia,1062,"11,93",82,0,"2025-06-10-PSMN-1062-11,93-82",50440,2.5,20176
2025-06-10,Sebrae Nacional - DEBRITO,1,facebook,sbrae_2025_psmn,psmn,"2025_6_BR_TRAF_CPC_MULHERES DE 25 A 45 ANOS; INTERESSES EM EMPREENDEDORISMO, PEQUENOS NEGÓCIOS E MEI; COMPORTAMENTO VOLTADO A ENGAJAMENTO COM PERFIS DE NEGÓCIOS E INFLUENCIADORES DE GESTÃO",2025_6_BR_STORIES_VIC CERIDONO STORIES_ACAO_SBRAE_2025_PSMN0291,Tráfego,Rondônia,3330,"20,26",118,0,"2025-06-10-PSMN-3330-20,26-118",50440,2.5,20176
2025-06-10,Sebrae Nacional - DEBRITO,1,facebook,sbrae_2025_psmn,psmn,"2025_6_BR_TRAF_CPC_MULHERES DE 25 A 45 ANOS; INTERESSES EM EMPREENDEDORISMO, PEQUENOS NEGÓCIOS E MEI; COMPORTAMENTO VOLTADO A ENGAJAMENTO COM PERFIS DE NEGÓCIOS E INFLUENCIADORES DE GESTÃO",2025_6_BR_CARD_KV_ACAO_SBRAE_2025_PSMN0293,Tráfego,Roraima,22,"0,14",0,0,"2025-06-10-PSMN-22-0,14-0",50440,2.5,20176
2025-06-10,Sebrae Nacional - DEBRITO,1,facebook,sbrae_2025_psmn,psmn,"2025_6_BR_TRAF_CPC_MULHERES DE 25 A 45 ANOS; INTERESSES EM EMPREENDEDORISMO, PEQUENOS NEGÓCIOS E MEI; COMPORTAMENTO VOLTADO A ENGAJAMENTO COM PERFIS DE NEGÓCIOS E INFLUENCIADORES DE GESTÃO",2025_6_BR_REELS_GABRIELA BAILAS REELS_ACAO_SBRAE_2025_PSMN0289,Tráfego,Roraima,1,0,0,0,2025-06-10-PSMN-1-0-0,50440,2.5,20176
2025-06-10,Sebrae Nacional - DEBRITO,1,facebook,sbrae_2025_psmn,psmn,"2025_6_BR_TRAF_CPC_MULHERES DE 25 A 45 ANOS; INTERESSES EM EMPREENDEDORISMO, PEQUENOS NEGÓCIOS E MEI; COMPORTAMENTO VOLTADO A ENGAJAMENTO COM PERFIS DE NEGÓCIOS E INFLUENCIADORES DE GESTÃO",2025_6_BR_REELS_VIC CERIDONO REELS_ACAO_SBRAE_2025_PSMN0290,Tráfego,Roraima,259,"2,82",15,0,"2025-06-10-PSMN-259-2,82-15",50440,2.5,20176
2025-06-10,Sebrae Nacional - DEBRITO,1,facebook,sbrae_2025_psmn,psmn,"2025_6_BR_TRAF_CPC_MULHERES DE 25 A 45 ANOS; INTERESSES EM EMPREENDEDORISMO, PEQUENOS NEGÓCIOS E MEI; COMPORTAMENTO VOLTADO A ENGAJAMENTO COM PERFIS DE NEGÓCIOS E INFLUENCIADORES DE GESTÃO",2025_6_BR_STORIES_GABRIELA BAILAS STORIES_ACAO_SBRAE_2025_PSMN0292,Tráfego,Roraima,449,"5,52",28,0,"2025-06-10-PSMN-449-5,52-28",50440,2.5,20176
2025-06-10,Sebrae Nacional - DEBRITO,1,facebook,sbrae_2025_psmn,psmn,"2025_6_BR_TRAF_CPC_MULHERES DE 25 A 45 ANOS; INTERESSES EM EMPREENDEDORISMO, PEQUENOS NEGÓCIOS E MEI; COMPORTAMENTO VOLTADO A ENGAJAMENTO COM PERFIS DE NEGÓCIOS E INFLUENCIADORES DE GESTÃO",2025_6_BR_STORIES_VIC CERIDONO STORIES_ACAO_SBRAE_2025_PSMN0291,Tráfego,Roraima,1248,"8,18",52,0,"2025-06-10-PSMN-1248-8,18-52",50440,2.5,20176
2025-06-10,Sebrae Nacional - DEBRITO,1,facebook,sbrae_2025_psmn,psmn,"2025_6_BR_TRAF_CPC_MULHERES DE 25 A 45 ANOS; INTERESSES EM EMPREENDEDORISMO, PEQUENOS NEGÓCIOS E MEI; COMPORTAMENTO VOLTADO A ENGAJAMENTO COM PERFIS DE NEGÓCIOS E INFLUENCIADORES DE GESTÃO",2025_6_BR_CARD_KV_ACAO_SBRAE_2025_PSMN0293,Tráfego,Santa Catarina,79,"0,26",1,0,"2025-06-10-PSMN-79-0,26-1",50440,2.5,20176
2025-06-10,Sebrae Nacional - DEBRITO,1,facebook,sbrae_2025_psmn,psmn,"2025_6_BR_TRAF_CPC_MULHERES DE 25 A 45 ANOS; INTERESSES EM EMPREENDEDORISMO, PEQUENOS NEGÓCIOS E MEI; COMPORTAMENTO VOLTADO A ENGAJAMENTO COM PERFIS DE NEGÓCIOS E INFLUENCIADORES DE GESTÃO",2025_6_BR_REELS_GABRIELA BAILAS REELS_ACAO_SBRAE_2025_PSMN0289,Tráfego,Santa Catarina,2,"0,02",0,0,"2025-06-10-PSMN-2-0,02-0",50440,2.5,20176
2025-06-10,Sebrae Nacional - DEBRITO,1,facebook,sbrae_2025_psmn,psmn,"2025_6_BR_TRAF_CPC_MULHERES DE 25 A 45 ANOS; INTERESSES EM EMPREENDEDORISMO, PEQUENOS NEGÓCIOS E MEI; COMPORTAMENTO VOLTADO A ENGAJAMENTO COM PERFIS DE NEGÓCIOS E INFLUENCIADORES DE GESTÃO",2025_6_BR_REELS_VIC CERIDONO REELS_ACAO_SBRAE_2025_PSMN0290,Tráfego,Santa Catarina,2699,"29,57",132,0,"2025-06-10-PSMN-2699-29,57-132",50440,2.5,20176
2025-06-10,Sebrae Nacional - DEBRITO,1,facebook,sbrae_2025_psmn,psmn,"2025_6_BR_TRAF_CPC_MULHERES DE 25 A 45 ANOS; INTERESSES EM EMPREENDEDORISMO, PEQUENOS NEGÓCIOS E MEI; COMPORTAMENTO VOLTADO A ENGAJAMENTO COM PERFIS DE NEGÓCIOS E INFLUENCIADORES DE GESTÃO",2025_6_BR_STORIES_GABRIELA BAILAS STORIES_ACAO_SBRAE_2025_PSMN0292,Tráfego,Santa Catarina,4524,"50,56",339,0,"2025-06-10-PSMN-4524-50,56-339",50440,2.5,20176
2025-06-10,Sebrae Nacional - DEBRITO,1,facebook,sbrae_2025_psmn,psmn,"2025_6_BR_TRAF_CPC_MULHERES DE 25 A 45 ANOS; INTERESSES EM EMPREENDEDORISMO, PEQUENOS NEGÓCIOS E MEI; COMPORTAMENTO VOLTADO A ENGAJAMENTO COM PERFIS DE NEGÓCIOS E INFLUENCIADORES DE GESTÃO",2025_6_BR_STORIES_VIC CERIDONO STORIES_ACAO_SBRAE_2025_PSMN0291,Tráfego,Santa Catarina,8769,"66,39",383,0,"2025-06-10-PSMN-8769-66,39-383",50440,2.5,20176
2025-06-10,Sebrae Nacional - DEBRITO,1,facebook,sbrae_2025_psmn,psmn,"2025_6_BR_TRAF_CPC_MULHERES DE 25 A 45 ANOS; INTERESSES EM EMPREENDEDORISMO, PEQUENOS NEGÓCIOS E MEI; COMPORTAMENTO VOLTADO A ENGAJAMENTO COM PERFIS DE NEGÓCIOS E INFLUENCIADORES DE GESTÃO",2025_6_BR_CARD_KV_ACAO_SBRAE_2025_PSMN0293,Tráfego,Sergipe,104,"0,29",1,0,"2025-06-10-PSMN-104-0,29-1",50440,2.5,20176
2025-06-10,Sebrae Nacional - DEBRITO,1,facebook,sbrae_2025_psmn,psmn,"2025_6_BR_TRAF_CPC_MULHERES DE 25 A 45 ANOS; INTERESSES EM EMPREENDEDORISMO, PEQUENOS NEGÓCIOS E MEI; COMPORTAMENTO VOLTADO A ENGAJAMENTO COM PERFIS DE NEGÓCIOS E INFLUENCIADORES DE GESTÃO",2025_6_BR_REELS_GABRIELA BAILAS REELS_ACAO_SBRAE_2025_PSMN0289,Tráfego,Sergipe,10,"0,05",0,0,"2025-06-10-PSMN-10-0,05-0",50440,2.5,20176
2025-06-10,Sebrae Nacional - DEBRITO,1,facebook,sbrae_2025_psmn,psmn,"2025_6_BR_TRAF_CPC_MULHERES DE 25 A 45 ANOS; INTERESSES EM EMPREENDEDORISMO, PEQUENOS NEGÓCIOS E MEI; COMPORTAMENTO VOLTADO A ENGAJAMENTO COM PERFIS DE NEGÓCIOS E INFLUENCIADORES DE GESTÃO",2025_6_BR_REELS_VIC CERIDONO REELS_ACAO_SBRAE_2025_PSMN0290,Tráfego,Sergipe,906,"10,04",39,0,"2025-06-10-PSMN-906-10,04-39",50440,2.5,20176
2025-06-10,Sebrae Nacional - DEBRITO,1,facebook,sbrae_2025_psmn,psmn,"2025_6_BR_TRAF_CPC_MULHERES DE 25 A 45 ANOS; INTERESSES EM EMPREENDEDORISMO, PEQUENOS NEGÓCIOS E MEI; COMPORTAMENTO VOLTADO A ENGAJAMENTO COM PERFIS DE NEGÓCIOS E INFLUENCIADORES DE GESTÃO",2025_6_BR_STORIES_GABRIELA BAILAS STORIES_ACAO_SBRAE_2025_PSMN0292,Tráfego,Sergipe,2631,"27,35",184,0,"2025-06-10-PSMN-2631-27,35-184",50440,2.5,20176
2025-06-10,Sebrae Nacional - DEBRITO,1,facebook,sbrae_2025_psmn,psmn,"2025_6_BR_TRAF_CPC_MULHERES DE 25 A 45 ANOS; INTERESSES EM EMPREENDEDORISMO, PEQUENOS NEGÓCIOS E MEI; COMPORTAMENTO VOLTADO A ENGAJAMENTO COM PERFIS DE NEGÓCIOS E INFLUENCIADORES DE GESTÃO",2025_6_BR_STORIES_VIC CERIDONO STORIES_ACAO_SBRAE_2025_PSMN0291,Tráfego,Sergipe,4139,"29,69",155,0,"2025-06-10-PSMN-4139-29,69-155",50440,2.5,20176
2025-06-10,Sebrae Nacional - DEBRITO,1,facebook,sbrae_2025_psmn,psmn,"2025_6_BR_TRAF_CPC_MULHERES DE 25 A 45 ANOS; INTERESSES EM EMPREENDEDORISMO, PEQUENOS NEGÓCIOS E MEI; COMPORTAMENTO VOLTADO A ENGAJAMENTO COM PERFIS DE NEGÓCIOS E INFLUENCIADORES DE GESTÃO",2025_6_BR_CARD_KV_ACAO_SBRAE_2025_PSMN0293,Tráfego,São Paulo,521,"1,8",3,0,"2025-06-10-PSMN-521-1,8-3",50440,2.5,20176
2025-06-10,Sebrae Nacional - DEBRITO,1,facebook,sbrae_2025_psmn,psmn,"2025_6_BR_TRAF_CPC_MULHERES DE 25 A 45 ANOS; INTERESSES EM EMPREENDEDORISMO, PEQUENOS NEGÓCIOS E MEI; COMPORTAMENTO VOLTADO A ENGAJAMENTO COM PERFIS DE NEGÓCIOS E INFLUENCIADORES DE GESTÃO",2025_6_BR_REELS_GABRIELA BAILAS REELS_ACAO_SBRAE_2025_PSMN0289,Tráfego,São Paulo,25,"0,17",2,0,"2025-06-10-PSMN-25-0,17-2",50440,2.5,20176
2025-06-10,Sebrae Nacional - DEBRITO,1,facebook,sbrae_2025_psmn,psmn,"2025_6_BR_TRAF_CPC_MULHERES DE 25 A 45 ANOS; INTERESSES EM EMPREENDEDORISMO, PEQUENOS NEGÓCIOS E MEI; COMPORTAMENTO VOLTADO A ENGAJAMENTO COM PERFIS DE NEGÓCIOS E INFLUENCIADORES DE GESTÃO",2025_6_BR_REELS_VIC CERIDONO REELS_ACAO_SBRAE_2025_PSMN0290,Tráfego,São Paulo,16086,"197,44",949,0,"2025-06-10-PSMN-16086-197,44-949",50440,2.5,20176
2025-06-10,Sebrae Nacional - DEBRITO,1,facebook,sbrae_2025_psmn,psmn,"2025_6_BR_TRAF_CPC_MULHERES DE 25 A 45 ANOS; INTERESSES EM EMPREENDEDORISMO, PEQUENOS NEGÓCIOS E MEI; COMPORTAMENTO VOLTADO A ENGAJAMENTO COM PERFIS DE NEGÓCIOS E INFLUENCIADORES DE GESTÃO",2025_6_BR_STORIES_GABRIELA BAILAS STORIES_ACAO_SBRAE_2025_PSMN0292,Tráfego,São Paulo,15605,"193,29",1205,0,"2025-06-10-PSMN-15605-193,29-1205",50440,2.5,20176
2025-06-10,Sebrae Nacional - DEBRITO,1,facebook,sbrae_2025_psmn,psmn,"2025_6_BR_TRAF_CPC_MULHERES DE 25 A 45 ANOS; INTERESSES EM EMPREENDEDORISMO, PEQUENOS NEGÓCIOS E MEI; COMPORTAMENTO VOLTADO A ENGAJAMENTO COM PERFIS DE NEGÓCIOS E INFLUENCIADORES DE GESTÃO",2025_6_BR_STORIES_VIC CERIDONO STORIES_ACAO_SBRAE_2025_PSMN0291,Tráfego,São Paulo,46729,"351,25",1908,0,"2025-06-10-PSMN-46729-351,25-1908",50440,2.5,20176
2025-06-10,Sebrae Nacional - DEBRITO,1,facebook,sbrae_2025_psmn,psmn,"2025_6_BR_TRAF_CPC_MULHERES DE 25 A 45 ANOS; INTERESSES EM EMPREENDEDORISMO, PEQUENOS NEGÓCIOS E MEI; COMPORTAMENTO VOLTADO A ENGAJAMENTO COM PERFIS DE NEGÓCIOS E INFLUENCIADORES DE GESTÃO",2025_6_BR_CARD_KV_ACAO_SBRAE_2025_PSMN0293,Tráfego,Tocantins,38,"0,13",0,0,"2025-06-10-PSMN-38-0,13-0",50440,2.5,20176
2025-06-10,Sebrae Nacional - DEBRITO,1,facebook,sbrae_2025_psmn,psmn,"2025_6_BR_TRAF_CPC_MULHERES DE 25 A 45 ANOS; INTERESSES EM EMPREENDEDORISMO, PEQUENOS NEGÓCIOS E MEI; COMPORTAMENTO VOLTADO A ENGAJAMENTO COM PERFIS DE NEGÓCIOS E INFLUENCIADORES DE GESTÃO",2025_6_BR_REELS_GABRIELA BAILAS REELS_ACAO_SBRAE_2025_PSMN0289,Tráfego,Tocantins,1,"0,01",0,0,"2025-06-10-PSMN-1-0,01-0",50440,2.5,20176
2025-06-10,Sebrae Nacional - DEBRITO,1,facebook,sbrae_2025_psmn,psmn,"2025_6_BR_TRAF_CPC_MULHERES DE 25 A 45 ANOS; INTERESSES EM EMPREENDEDORISMO, PEQUENOS NEGÓCIOS E MEI; COMPORTAMENTO VOLTADO A ENGAJAMENTO COM PERFIS DE NEGÓCIOS E INFLUENCIADORES DE GESTÃO",2025_6_BR_REELS_VIC CERIDONO REELS_ACAO_SBRAE_2025_PSMN0290,Tráfego,Tocantins,418,"4,64",23,0,"2025-06-10-PSMN-418-4,64-23",50440,2.5,20176
2025-06-10,Sebrae Nacional - DEBRITO,1,facebook,sbrae_2025_psmn,psmn,"2025_6_BR_TRAF_CPC_MULHERES DE 25 A 45 ANOS; INTERESSES EM EMPREENDEDORISMO, PEQUENOS NEGÓCIOS E MEI; COMPORTAMENTO VOLTADO A ENGAJAMENTO COM PERFIS DE NEGÓCIOS E INFLUENCIADORES DE GESTÃO",2025_6_BR_STORIES_GABRIELA BAILAS STORIES_ACAO_SBRAE_2025_PSMN0292,Tráfego,Tocantins,886,"9,49",59,0,"2025-06-10-PSMN-886-9,49-59",50440,2.5,20176
2025-06-10,Sebrae Nacional - DEBRITO,1,facebook,sbrae_2025_psmn,psmn,"2025_6_BR_TRAF_CPC_MULHERES DE 25 A 45 ANOS; INTERESSES EM EMPREENDEDORISMO, PEQUENOS NEGÓCIOS E MEI; COMPORTAMENTO VOLTADO A ENGAJAMENTO COM PERFIS DE NEGÓCIOS E INFLUENCIADORES DE GESTÃO",2025_6_BR_STORIES_VIC CERIDONO STORIES_ACAO_SBRAE_2025_PSMN0291,Tráfego,Tocantins,2649,"17,47",75,0,"2025-06-10-PSMN-2649-17,47-75",50440,2.5,20176
2025-06-10,Sebrae Nacional - DEBRITO,1,facebook,sbrae_2025_psmn,psmn,"2025_6_BR_TRAF_CPC_MULHERES DE 25 A 45 ANOS; INTERESSES EM EMPREENDEDORISMO, PEQUENOS NEGÓCIOS E MEI; COMPORTAMENTO VOLTADO A ENGAJAMENTO COM PERFIS DE NEGÓCIOS E INFLUENCIADORES DE GESTÃO",2025_6_BR_CARD_KV_ACAO_SBRAE_2025_PSMN0293,Tráfego,Não identificado,1,0,0,0,2025-06-10-PSMN-1-0-0,50440,2.5,20176
2025-06-10,Sebrae Nacional - DEBRITO,1,facebook,sbrae_2025_psmn,psmn,"2025_6_BR_TRAF_CPC_MULHERES DE 25 A 45 ANOS; INTERESSES EM EMPREENDEDORISMO, PEQUENOS NEGÓCIOS E MEI; COMPORTAMENTO VOLTADO A ENGAJAMENTO COM PERFIS DE NEGÓCIOS E INFLUENCIADORES DE GESTÃO",2025_6_BR_REELS_VIC CERIDONO REELS_ACAO_SBRAE_2025_PSMN0290,Tráfego,Não identificado,44,"0,56",3,0,"2025-06-10-PSMN-44-0,56-3",50440,2.5,20176
2025-06-10,Sebrae Nacional - DEBRITO,1,facebook,sbrae_2025_psmn,psmn,"2025_6_BR_TRAF_CPC_MULHERES DE 25 A 45 ANOS; INTERESSES EM EMPREENDEDORISMO, PEQUENOS NEGÓCIOS E MEI; COMPORTAMENTO VOLTADO A ENGAJAMENTO COM PERFIS DE NEGÓCIOS E INFLUENCIADORES DE GESTÃO",2025_6_BR_STORIES_GABRIELA BAILAS STORIES_ACAO_SBRAE_2025_PSMN0292,Tráfego,Não identificado,118,"1,57",11,0,"2025-06-10-PSMN-118-1,57-11",50440,2.5,20176
2025-06-10,Sebrae Nacional - DEBRITO,1,facebook,sbrae_2025_psmn,psmn,"2025_6_BR_TRAF_CPC_MULHERES DE 25 A 45 ANOS; INTERESSES EM EMPREENDEDORISMO, PEQUENOS NEGÓCIOS E MEI; COMPORTAMENTO VOLTADO A ENGAJAMENTO COM PERFIS DE NEGÓCIOS E INFLUENCIADORES DE GESTÃO",2025_6_BR_STORIES_VIC CERIDONO STORIES_ACAO_SBRAE_2025_PSMN0291,Tráfego,Não identificado,197,"1,37",7,0,"2025-06-10-PSMN-197-1,37-7",50440,2.5,20176
2025-06-11,Sebrae Nacional - DEBRITO,1,facebook,sbrae_2025_psmn,psmn,"2025_6_BR_TRAF_CPC_MULHERES DE 25 A 45 ANOS; INTERESSES EM EMPREENDEDORISMO, PEQUENOS NEGÓCIOS E MEI; COMPORTAMENTO VOLTADO A ENGAJAMENTO COM PERFIS DE NEGÓCIOS E INFLUENCIADORES DE GESTÃO",2025_6_BR_CARD_KV_ACAO_SBRAE_2025_PSMN0293,Tráfego,Acre,57,"0,32",2,0,"2025-06-11-PSMN-57-0,32-2",50440,2.5,20176
2025-06-11,Sebrae Nacional - DEBRITO,1,facebook,sbrae_2025_psmn,psmn,"2025_6_BR_TRAF_CPC_MULHERES DE 25 A 45 ANOS; INTERESSES EM EMPREENDEDORISMO, PEQUENOS NEGÓCIOS E MEI; COMPORTAMENTO VOLTADO A ENGAJAMENTO COM PERFIS DE NEGÓCIOS E INFLUENCIADORES DE GESTÃO",2025_6_BR_REELS_GABRIELA BAILAS REELS_ACAO_SBRAE_2025_PSMN0289,Tráfego,Acre,1,0,0,0,2025-06-11-PSMN-1-0-0,50440,2.5,20176
2025-06-11,Sebrae Nacional - DEBRITO,1,facebook,sbrae_2025_psmn,psmn,"2025_6_BR_TRAF_CPC_MULHERES DE 25 A 45 ANOS; INTERESSES EM EMPREENDEDORISMO, PEQUENOS NEGÓCIOS E MEI; COMPORTAMENTO VOLTADO A ENGAJAMENTO COM PERFIS DE NEGÓCIOS E INFLUENCIADORES DE GESTÃO",2025_6_BR_REELS_VIC CERIDONO REELS_ACAO_SBRAE_2025_PSMN0290,Tráfego,Acre,164,"0,75",7,0,"2025-06-11-PSMN-164-0,75-7",50440,2.5,20176
2025-06-11,Sebrae Nacional - DEBRITO,1,facebook,sbrae_2025_psmn,psmn,"2025_6_BR_TRAF_CPC_MULHERES DE 25 A 45 ANOS; INTERESSES EM EMPREENDEDORISMO, PEQUENOS NEGÓCIOS E MEI; COMPORTAMENTO VOLTADO A ENGAJAMENTO COM PERFIS DE NEGÓCIOS E INFLUENCIADORES DE GESTÃO",2025_6_BR_STORIES_GABRIELA BAILAS STORIES_ACAO_SBRAE_2025_PSMN0292,Tráfego,Acre,431,"4,19",23,0,"2025-06-11-PSMN-431-4,19-23",50440,2.5,20176
2025-06-11,Sebrae Nacional - DEBRITO,1,facebook,sbrae_2025_psmn,psmn,"2025_6_BR_TRAF_CPC_MULHERES DE 25 A 45 ANOS; INTERESSES EM EMPREENDEDORISMO, PEQUENOS NEGÓCIOS E MEI; COMPORTAMENTO VOLTADO A ENGAJAMENTO COM PERFIS DE NEGÓCIOS E INFLUENCIADORES DE GESTÃO",2025_6_BR_STORIES_VIC CERIDONO STORIES_ACAO_SBRAE_2025_PSMN0291,Tráfego,Acre,1293,"7,67",42,0,"2025-06-11-PSMN-1293-7,67-42",50440,2.5,20176
2025-06-11,Sebrae Nacional - DEBRITO,1,facebook,sbrae_2025_psmn,psmn,"2025_6_BR_TRAF_CPC_MULHERES DE 25 A 45 ANOS; INTERESSES EM EMPREENDEDORISMO, PEQUENOS NEGÓCIOS E MEI; COMPORTAMENTO VOLTADO A ENGAJAMENTO COM PERFIS DE NEGÓCIOS E INFLUENCIADORES DE GESTÃO",2025_6_BR_CARD_KV_ACAO_SBRAE_2025_PSMN0293,Tráfego,Alagoas,361,"1,32",5,0,"2025-06-11-PSMN-361-1,32-5",50440,2.5,20176
2025-06-11,Sebrae Nacional - DEBRITO,1,facebook,sbrae_2025_psmn,psmn,"2025_6_BR_TRAF_CPC_MULHERES DE 25 A 45 ANOS; INTERESSES EM EMPREENDEDORISMO, PEQUENOS NEGÓCIOS E MEI; COMPORTAMENTO VOLTADO A ENGAJAMENTO COM PERFIS DE NEGÓCIOS E INFLUENCIADORES DE GESTÃO",2025_6_BR_REELS_GABRIELA BAILAS REELS_ACAO_SBRAE_2025_PSMN0289,Tráfego,Alagoas,4,"0,03",0,0,"2025-06-11-PSMN-4-0,03-0",50440,2.5,20176
2025-06-11,Sebrae Nacional - DEBRITO,1,facebook,sbrae_2025_psmn,psmn,"2025_6_BR_TRAF_CPC_MULHERES DE 25 A 45 ANOS; INTERESSES EM EMPREENDEDORISMO, PEQUENOS NEGÓCIOS E MEI; COMPORTAMENTO VOLTADO A ENGAJAMENTO COM PERFIS DE NEGÓCIOS E INFLUENCIADORES DE GESTÃO",2025_6_BR_REELS_VIC CERIDONO REELS_ACAO_SBRAE_2025_PSMN0290,Tráfego,Alagoas,660,"3,6",10,0,"2025-06-11-PSMN-660-3,6-10",50440,2.5,20176
2025-06-11,Sebrae Nacional - DEBRITO,1,facebook,sbrae_2025_psmn,psmn,"2025_6_BR_TRAF_CPC_MULHERES DE 25 A 45 ANOS; INTERESSES EM EMPREENDEDORISMO, PEQUENOS NEGÓCIOS E MEI; COMPORTAMENTO VOLTADO A ENGAJAMENTO COM PERFIS DE NEGÓCIOS E INFLUENCIADORES DE GESTÃO",2025_6_BR_STORIES_GABRIELA BAILAS STORIES_ACAO_SBRAE_2025_PSMN0292,Tráfego,Alagoas,4464,"47,6",249,0,"2025-06-11-PSMN-4464-47,6-249",50440,2.5,20176
2025-06-11,Sebrae Nacional - DEBRITO,1,facebook,sbrae_2025_psmn,psmn,"2025_6_BR_TRAF_CPC_MULHERES DE 25 A 45 ANOS; INTERESSES EM EMPREENDEDORISMO, PEQUENOS NEGÓCIOS E MEI; COMPORTAMENTO VOLTADO A ENGAJAMENTO COM PERFIS DE NEGÓCIOS E INFLUENCIADORES DE GESTÃO",2025_6_BR_STORIES_VIC CERIDONO STORIES_ACAO_SBRAE_2025_PSMN0291,Tráfego,Alagoas,6752,"48,84",233,0,"2025-06-11-PSMN-6752-48,84-233",50440,2.5,20176
2025-06-11,Sebrae Nacional - DEBRITO,1,facebook,sbrae_2025_psmn,psmn,"2025_6_BR_TRAF_CPC_MULHERES DE 25 A 45 ANOS; INTERESSES EM EMPREENDEDORISMO, PEQUENOS NEGÓCIOS E MEI; COMPORTAMENTO VOLTADO A ENGAJAMENTO COM PERFIS DE NEGÓCIOS E INFLUENCIADORES DE GESTÃO",2025_6_BR_CARD_KV_ACAO_SBRAE_2025_PSMN0293,Tráfego,Amapá,81,"0,27",1,0,"2025-06-11-PSMN-81-0,27-1",50440,2.5,20176
2025-06-11,Sebrae Nacional - DEBRITO,1,facebook,sbrae_2025_psmn,psmn,"2025_6_BR_TRAF_CPC_MULHERES DE 25 A 45 ANOS; INTERESSES EM EMPREENDEDORISMO, PEQUENOS NEGÓCIOS E MEI; COMPORTAMENTO VOLTADO A ENGAJAMENTO COM PERFIS DE NEGÓCIOS E INFLUENCIADORES DE GESTÃO",2025_6_BR_REELS_GABRIELA BAILAS REELS_ACAO_SBRAE_2025_PSMN0289,Tráfego,Amapá,1,0,0,0,2025-06-11-PSMN-1-0-0,50440,2.5,20176
2025-06-11,Sebrae Nacional - DEBRITO,1,facebook,sbrae_2025_psmn,psmn,"2025_6_BR_TRAF_CPC_MULHERES DE 25 A 45 ANOS; INTERESSES EM EMPREENDEDORISMO, PEQUENOS NEGÓCIOS E MEI; COMPORTAMENTO VOLTADO A ENGAJAMENTO COM PERFIS DE NEGÓCIOS E INFLUENCIADORES DE GESTÃO",2025_6_BR_REELS_VIC CERIDONO REELS_ACAO_SBRAE_2025_PSMN0290,Tráfego,Amapá,132,"0,43",2,0,"2025-06-11-PSMN-132-0,43-2",50440,2.5,20176
2025-06-11,Sebrae Nacional - DEBRITO,1,facebook,sbrae_2025_psmn,psmn,"2025_6_BR_TRAF_CPC_MULHERES DE 25 A 45 ANOS; INTERESSES EM EMPREENDEDORISMO, PEQUENOS NEGÓCIOS E MEI; COMPORTAMENTO VOLTADO A ENGAJAMENTO COM PERFIS DE NEGÓCIOS E INFLUENCIADORES DE GESTÃO",2025_6_BR_STORIES_GABRIELA BAILAS STORIES_ACAO_SBRAE_2025_PSMN0292,Tráfego,Amapá,632,"6,7",43,0,"2025-06-11-PSMN-632-6,7-43",50440,2.5,20176
2025-06-11,Sebrae Nacional - DEBRITO,1,facebook,sbrae_2025_psmn,psmn,"2025_6_BR_TRAF_CPC_MULHERES DE 25 A 45 ANOS; INTERESSES EM EMPREENDEDORISMO, PEQUENOS NEGÓCIOS E MEI; COMPORTAMENTO VOLTADO A ENGAJAMENTO COM PERFIS DE NEGÓCIOS E INFLUENCIADORES DE GESTÃO",2025_6_BR_STORIES_VIC CERIDONO STORIES_ACAO_SBRAE_2025_PSMN0291,Tráfego,Amapá,1540,"9,45",57,0,"2025-06-11-PSMN-1540-9,45-57",50440,2.5,20176
2025-06-11,Sebrae Nacional - DEBRITO,1,facebook,sbrae_2025_psmn,psmn,"2025_6_BR_TRAF_CPC_MULHERES DE 25 A 45 ANOS; INTERESSES EM EMPREENDEDORISMO, PEQUENOS NEGÓCIOS E MEI; COMPORTAMENTO VOLTADO A ENGAJAMENTO COM PERFIS DE NEGÓCIOS E INFLUENCIADORES DE GESTÃO",2025_6_BR_CARD_KV_ACAO_SBRAE_2025_PSMN0293,Tráfego,Amazonas,163,"0,53",1,0,"2025-06-11-PSMN-163-0,53-1",50440,2.5,20176
2025-06-11,Sebrae Nacional - DEBRITO,1,facebook,sbrae_2025_psmn,psmn,"2025_6_BR_TRAF_CPC_MULHERES DE 25 A 45 ANOS; INTERESSES EM EMPREENDEDORISMO, PEQUENOS NEGÓCIOS E MEI; COMPORTAMENTO VOLTADO A ENGAJAMENTO COM PERFIS DE NEGÓCIOS E INFLUENCIADORES DE GESTÃO",2025_6_BR_REELS_GABRIELA BAILAS REELS_ACAO_SBRAE_2025_PSMN0289,Tráfego,Amazonas,2,"0,02",0,0,"2025-06-11-PSMN-2-0,02-0",50440,2.5,20176
2025-06-11,Sebrae Nacional - DEBRITO,1,facebook,sbrae_2025_psmn,psmn,"2025_6_BR_TRAF_CPC_MULHERES DE 25 A 45 ANOS; INTERESSES EM EMPREENDEDORISMO, PEQUENOS NEGÓCIOS E MEI; COMPORTAMENTO VOLTADO A ENGAJAMENTO COM PERFIS DE NEGÓCIOS E INFLUENCIADORES DE GESTÃO",2025_6_BR_REELS_VIC CERIDONO REELS_ACAO_SBRAE_2025_PSMN0290,Tráfego,Amazonas,583,"2,85",12,0,"2025-06-11-PSMN-583-2,85-12",50440,2.5,20176
2025-06-11,Sebrae Nacional - DEBRITO,1,facebook,sbrae_2025_psmn,psmn,"2025_6_BR_TRAF_CPC_MULHERES DE 25 A 45 ANOS; INTERESSES EM EMPREENDEDORISMO, PEQUENOS NEGÓCIOS E MEI; COMPORTAMENTO VOLTADO A ENGAJAMENTO COM PERFIS DE NEGÓCIOS E INFLUENCIADORES DE GESTÃO",2025_6_BR_STORIES_GABRIELA BAILAS STORIES_ACAO_SBRAE_2025_PSMN0292,Tráfego,Amazonas,2480,"27,37",133,0,"2025-06-11-PSMN-2480-27,37-133",50440,2.5,20176
2025-06-11,Sebrae Nacional - DEBRITO,1,facebook,sbrae_2025_psmn,psmn,"2025_6_BR_TRAF_CPC_MULHERES DE 25 A 45 ANOS; INTERESSES EM EMPREENDEDORISMO, PEQUENOS NEGÓCIOS E MEI; COMPORTAMENTO VOLTADO A ENGAJAMENTO COM PERFIS DE NEGÓCIOS E INFLUENCIADORES DE GESTÃO",2025_6_BR_STORIES_VIC CERIDONO STORIES_ACAO_SBRAE_2025_PSMN0291,Tráfego,Amazonas,6712,"44,62",234,0,"2025-06-11-PSMN-6712-44,62-234",50440,2.5,20176
2025-06-11,Sebrae Nacional - DEBRITO,1,facebook,sbrae_2025_psmn,psmn,"2025_6_BR_TRAF_CPC_MULHERES DE 25 A 45 ANOS; INTERESSES EM EMPREENDEDORISMO, PEQUENOS NEGÓCIOS E MEI; COMPORTAMENTO VOLTADO A ENGAJAMENTO COM PERFIS DE NEGÓCIOS E INFLUENCIADORES DE GESTÃO",2025_6_BR_CARD_KV_ACAO_SBRAE_2025_PSMN0293,Tráfego,Bahia,1291,"4,3",13,0,"2025-06-11-PSMN-1291-4,3-13",50440,2.5,20176
2025-06-11,Sebrae Nacional - DEBRITO,1,facebook,sbrae_2025_psmn,psmn,"2025_6_BR_TRAF_CPC_MULHERES DE 25 A 45 ANOS; INTERESSES EM EMPREENDEDORISMO, PEQUENOS NEGÓCIOS E MEI; COMPORTAMENTO VOLTADO A ENGAJAMENTO COM PERFIS DE NEGÓCIOS E INFLUENCIADORES DE GESTÃO",2025_6_BR_REELS_GABRIELA BAILAS REELS_ACAO_SBRAE_2025_PSMN0289,Tráfego,Bahia,24,"0,11",0,0,"2025-06-11-PSMN-24-0,11-0",50440,2.5,20176
2025-06-11,Sebrae Nacional - DEBRITO,1,facebook,sbrae_2025_psmn,psmn,"2025_6_BR_TRAF_CPC_MULHERES DE 25 A 45 ANOS; INTERESSES EM EMPREENDEDORISMO, PEQUENOS NEGÓCIOS E MEI; COMPORTAMENTO VOLTADO A ENGAJAMENTO COM PERFIS DE NEGÓCIOS E INFLUENCIADORES DE GESTÃO",2025_6_BR_REELS_VIC CERIDONO REELS_ACAO_SBRAE_2025_PSMN0290,Tráfego,Bahia,2613,"13,87",37,0,"2025-06-11-PSMN-2613-13,87-37",50440,2.5,20176
2025-06-11,Sebrae Nacional - DEBRITO,1,facebook,sbrae_2025_psmn,psmn,"2025_6_BR_TRAF_CPC_MULHERES DE 25 A 45 ANOS; INTERESSES EM EMPREENDEDORISMO, PEQUENOS NEGÓCIOS E MEI; COMPORTAMENTO VOLTADO A ENGAJAMENTO COM PERFIS DE NEGÓCIOS E INFLUENCIADORES DE GESTÃO",2025_6_BR_STORIES_GABRIELA BAILAS STORIES_ACAO_SBRAE_2025_PSMN0292,Tráfego,Bahia,18731,"202,51",1120,0,"2025-06-11-PSMN-18731-202,51-1120",50440,2.5,20176
2025-06-11,Sebrae Nacional - DEBRITO,1,facebook,sbrae_2025_psmn,psmn,"2025_6_BR_TRAF_CPC_MULHERES DE 25 A 45 ANOS; INTERESSES EM EMPREENDEDORISMO, PEQUENOS NEGÓCIOS E MEI; COMPORTAMENTO VOLTADO A ENGAJAMENTO COM PERFIS DE NEGÓCIOS E INFLUENCIADORES DE GESTÃO",2025_6_BR_STORIES_VIC CERIDONO STORIES_ACAO_SBRAE_2025_PSMN0291,Tráfego,Bahia,28959,"213,14",966,0,"2025-06-11-PSMN-28959-213,14-966",50440,2.5,20176
2025-06-11,Sebrae Nacional - DEBRITO,1,facebook,sbrae_2025_psmn,psmn,"2025_6_BR_TRAF_CPC_MULHERES DE 25 A 45 ANOS; INTERESSES EM EMPREENDEDORISMO, PEQUENOS NEGÓCIOS E MEI; COMPORTAMENTO VOLTADO A ENGAJAMENTO COM PERFIS DE NEGÓCIOS E INFLUENCIADORES DE GESTÃO",2025_6_BR_CARD_KV_ACAO_SBRAE_2025_PSMN0293,Tráfego,Ceará,974,"3,19",7,0,"2025-06-11-PSMN-974-3,19-7",50440,2.5,20176
2025-06-11,Sebrae Nacional - DEBRITO,1,facebook,sbrae_2025_psmn,psmn,"2025_6_BR_TRAF_CPC_MULHERES DE 25 A 45 ANOS; INTERESSES EM EMPREENDEDORISMO, PEQUENOS NEGÓCIOS E MEI; COMPORTAMENTO VOLTADO A ENGAJAMENTO COM PERFIS DE NEGÓCIOS E INFLUENCIADORES DE GESTÃO",2025_6_BR_REELS_GABRIELA BAILAS REELS_ACAO_SBRAE_2025_PSMN0289,Tráfego,Ceará,19,"0,2",1,0,"2025-06-11-PSMN-19-0,2-1",50440,2.5,20176
2025-06-11,Sebrae Nacional - DEBRITO,1,facebook,sbrae_2025_psmn,psmn,"2025_6_BR_TRAF_CPC_MULHERES DE 25 A 45 ANOS; INTERESSES EM EMPREENDEDORISMO, PEQUENOS NEGÓCIOS E MEI; COMPORTAMENTO VOLTADO A ENGAJAMENTO COM PERFIS DE NEGÓCIOS E INFLUENCIADORES DE GESTÃO",2025_6_BR_REELS_VIC CERIDONO REELS_ACAO_SBRAE_2025_PSMN0290,Tráfego,Ceará,2905,"17,64",74,0,"2025-06-11-PSMN-2905-17,64-74",50440,2.5,20176
2025-06-11,Sebrae Nacional - DEBRITO,1,facebook,sbrae_2025_psmn,psmn,"2025_6_BR_TRAF_CPC_MULHERES DE 25 A 45 ANOS; INTERESSES EM EMPREENDEDORISMO, PEQUENOS NEGÓCIOS E MEI; COMPORTAMENTO VOLTADO A ENGAJAMENTO COM PERFIS DE NEGÓCIOS E INFLUENCIADORES DE GESTÃO",2025_6_BR_STORIES_GABRIELA BAILAS STORIES_ACAO_SBRAE_2025_PSMN0292,Tráfego,Ceará,20883,"211,12",1153,0,"2025-06-11-PSMN-20883-211,12-1153",50440,2.5,20176
2025-06-11,Sebrae Nacional - DEBRITO,1,facebook,sbrae_2025_psmn,psmn,"2025_6_BR_TRAF_CPC_MULHERES DE 25 A 45 ANOS; INTERESSES EM EMPREENDEDORISMO, PEQUENOS NEGÓCIOS E MEI; COMPORTAMENTO VOLTADO A ENGAJAMENTO COM PERFIS DE NEGÓCIOS E INFLUENCIADORES DE GESTÃO",2025_6_BR_STORIES_VIC CERIDONO STORIES_ACAO_SBRAE_2025_PSMN0291,Tráfego,Ceará,26896,"194,4",903,0,"2025-06-11-PSMN-26896-194,4-903",50440,2.5,20176
2025-06-11,Sebrae Nacional - DEBRITO,1,facebook,sbrae_2025_psmn,psmn,"2025_6_BR_TRAF_CPC_MULHERES DE 25 A 45 ANOS; INTERESSES EM EMPREENDEDORISMO, PEQUENOS NEGÓCIOS E MEI; COMPORTAMENTO VOLTADO A ENGAJAMENTO COM PERFIS DE NEGÓCIOS E INFLUENCIADORES DE GESTÃO",2025_6_BR_CARD_KV_ACAO_SBRAE_2025_PSMN0293,Tráfego,Espírito Santo,149,"0,43",1,0,"2025-06-11-PSMN-149-0,43-1",50440,2.5,20176
2025-06-11,Sebrae Nacional - DEBRITO,1,facebook,sbrae_2025_psmn,psmn,"2025_6_BR_TRAF_CPC_MULHERES DE 25 A 45 ANOS; INTERESSES EM EMPREENDEDORISMO, PEQUENOS NEGÓCIOS E MEI; COMPORTAMENTO VOLTADO A ENGAJAMENTO COM PERFIS DE NEGÓCIOS E INFLUENCIADORES DE GESTÃO",2025_6_BR_REELS_GABRIELA BAILAS REELS_ACAO_SBRAE_2025_PSMN0289,Tráfego,Espírito Santo,4,"0,01",0,0,"2025-06-11-PSMN-4-0,01-0",50440,2.5,20176
2025-06-11,Sebrae Nacional - DEBRITO,1,facebook,sbrae_2025_psmn,psmn,"2025_6_BR_TRAF_CPC_MULHERES DE 25 A 45 ANOS; INTERESSES EM EMPREENDEDORISMO, PEQUENOS NEGÓCIOS E MEI; COMPORTAMENTO VOLTADO A ENGAJAMENTO COM PERFIS DE NEGÓCIOS E INFLUENCIADORES DE GESTÃO",2025_6_BR_REELS_VIC CERIDONO REELS_ACAO_SBRAE_2025_PSMN0290,Tráfego,Espírito Santo,604,"3,35",10,0,"2025-06-11-PSMN-604-3,35-10",50440,2.5,20176
2025-06-11,Sebrae Nacional - DEBRITO,1,facebook,sbrae_2025_psmn,psmn,"2025_6_BR_TRAF_CPC_MULHERES DE 25 A 45 ANOS; INTERESSES EM EMPREENDEDORISMO, PEQUENOS NEGÓCIOS E MEI; COMPORTAMENTO VOLTADO A ENGAJAMENTO COM PERFIS DE NEGÓCIOS E INFLUENCIADORES DE GESTÃO",2025_6_BR_STORIES_GABRIELA BAILAS STORIES_ACAO_SBRAE_2025_PSMN0292,Tráfego,Espírito Santo,3625,"45,25",251,0,"2025-06-11-PSMN-3625-45,25-251",50440,2.5,20176
2025-06-11,Sebrae Nacional - DEBRITO,1,facebook,sbrae_2025_psmn,psmn,"2025_6_BR_TRAF_CPC_MULHERES DE 25 A 45 ANOS; INTERESSES EM EMPREENDEDORISMO, PEQUENOS NEGÓCIOS E MEI; COMPORTAMENTO VOLTADO A ENGAJAMENTO COM PERFIS DE NEGÓCIOS E INFLUENCIADORES DE GESTÃO",2025_6_BR_STORIES_VIC CERIDONO STORIES_ACAO_SBRAE_2025_PSMN0291,Tráfego,Espírito Santo,7427,"57,22",296,0,"2025-06-11-PSMN-7427-57,22-296",50440,2.5,20176
2025-06-11,Sebrae Nacional - DEBRITO,1,facebook,sbrae_2025_psmn,psmn,"2025_6_BR_TRAF_CPC_MULHERES DE 25 A 45 ANOS; INTERESSES EM EMPREENDEDORISMO, PEQUENOS NEGÓCIOS E MEI; COMPORTAMENTO VOLTADO A ENGAJAMENTO COM PERFIS DE NEGÓCIOS E INFLUENCIADORES DE GESTÃO",2025_6_BR_CARD_KV_ACAO_SBRAE_2025_PSMN0293,Tráfego,Distrito Federal,93,"0,48",2,0,"2025-06-11-PSMN-93-0,48-2",50440,2.5,20176
2025-06-11,Sebrae Nacional - DEBRITO,1,facebook,sbrae_2025_psmn,psmn,"2025_6_BR_TRAF_CPC_MULHERES DE 25 A 45 ANOS; INTERESSES EM EMPREENDEDORISMO, PEQUENOS NEGÓCIOS E MEI; COMPORTAMENTO VOLTADO A ENGAJAMENTO COM PERFIS DE NEGÓCIOS E INFLUENCIADORES DE GESTÃO",2025_6_BR_REELS_GABRIELA BAILAS REELS_ACAO_SBRAE_2025_PSMN0289,Tráfego,Distrito Federal,1,"0,03",0,0,"2025-06-11-PSMN-1-0,03-0",50440,2.5,20176
2025-06-11,Sebrae Nacional - DEBRITO,1,facebook,sbrae_2025_psmn,psmn,"2025_6_BR_TRAF_CPC_MULHERES DE 25 A 45 ANOS; INTERESSES EM EMPREENDEDORISMO, PEQUENOS NEGÓCIOS E MEI; COMPORTAMENTO VOLTADO A ENGAJAMENTO COM PERFIS DE NEGÓCIOS E INFLUENCIADORES DE GESTÃO",2025_6_BR_REELS_VIC CERIDONO REELS_ACAO_SBRAE_2025_PSMN0290,Tráfego,Distrito Federal,264,"1,27",3,0,"2025-06-11-PSMN-264-1,27-3",50440,2.5,20176
2025-06-11,Sebrae Nacional - DEBRITO,1,facebook,sbrae_2025_psmn,psmn,"2025_6_BR_TRAF_CPC_MULHERES DE 25 A 45 ANOS; INTERESSES EM EMPREENDEDORISMO, PEQUENOS NEGÓCIOS E MEI; COMPORTAMENTO VOLTADO A ENGAJAMENTO COM PERFIS DE NEGÓCIOS E INFLUENCIADORES DE GESTÃO",2025_6_BR_STORIES_GABRIELA BAILAS STORIES_ACAO_SBRAE_2025_PSMN0292,Tráfego,Distrito Federal,810,"10,67",62,0,"2025-06-11-PSMN-810-10,67-62",50440,2.5,20176
2025-06-11,Sebrae Nacional - DEBRITO,1,facebook,sbrae_2025_psmn,psmn,"2025_6_BR_TRAF_CPC_MULHERES DE 25 A 45 ANOS; INTERESSES EM EMPREENDEDORISMO, PEQUENOS NEGÓCIOS E MEI; COMPORTAMENTO VOLTADO A ENGAJAMENTO COM PERFIS DE NEGÓCIOS E INFLUENCIADORES DE GESTÃO",2025_6_BR_STORIES_VIC CERIDONO STORIES_ACAO_SBRAE_2025_PSMN0291,Tráfego,Distrito Federal,3224,"24,71",99,0,"2025-06-11-PSMN-3224-24,71-99",50440,2.5,20176
2025-06-11,Sebrae Nacional - DEBRITO,1,facebook,sbrae_2025_psmn,psmn,"2025_6_BR_TRAF_CPC_MULHERES DE 25 A 45 ANOS; INTERESSES EM EMPREENDEDORISMO, PEQUENOS NEGÓCIOS E MEI; COMPORTAMENTO VOLTADO A ENGAJAMENTO COM PERFIS DE NEGÓCIOS E INFLUENCIADORES DE GESTÃO",2025_6_BR_CARD_KV_ACAO_SBRAE_2025_PSMN0293,Tráfego,Goiás,360,"1,29",2,0,"2025-06-11-PSMN-360-1,29-2",50440,2.5,20176
2025-06-11,Sebrae Nacional - DEBRITO,1,facebook,sbrae_2025_psmn,psmn,"2025_6_BR_TRAF_CPC_MULHERES DE 25 A 45 ANOS; INTERESSES EM EMPREENDEDORISMO, PEQUENOS NEGÓCIOS E MEI; COMPORTAMENTO VOLTADO A ENGAJAMENTO COM PERFIS DE NEGÓCIOS E INFLUENCIADORES DE GESTÃO",2025_6_BR_REELS_GABRIELA BAILAS REELS_ACAO_SBRAE_2025_PSMN0289,Tráfego,Goiás,8,"0,04",0,0,"2025-06-11-PSMN-8-0,04-0",50440,2.5,20176
2025-06-11,Sebrae Nacional - DEBRITO,1,facebook,sbrae_2025_psmn,psmn,"2025_6_BR_TRAF_CPC_MULHERES DE 25 A 45 ANOS; INTERESSES EM EMPREENDEDORISMO, PEQUENOS NEGÓCIOS E MEI; COMPORTAMENTO VOLTADO A ENGAJAMENTO COM PERFIS DE NEGÓCIOS E INFLUENCIADORES DE GESTÃO",2025_6_BR_REELS_VIC CERIDONO REELS_ACAO_SBRAE_2025_PSMN0290,Tráfego,Goiás,1223,"6,39",22,0,"2025-06-11-PSMN-1223-6,39-22",50440,2.5,20176
2025-06-11,Sebrae Nacional - DEBRITO,1,facebook,sbrae_2025_psmn,psmn,"2025_6_BR_TRAF_CPC_MULHERES DE 25 A 45 ANOS; INTERESSES EM EMPREENDEDORISMO, PEQUENOS NEGÓCIOS E MEI; COMPORTAMENTO VOLTADO A ENGAJAMENTO COM PERFIS DE NEGÓCIOS E INFLUENCIADORES DE GESTÃO",2025_6_BR_STORIES_GABRIELA BAILAS STORIES_ACAO_SBRAE_2025_PSMN0292,Tráfego,Goiás,4916,"59,8",306,0,"2025-06-11-PSMN-4916-59,8-306",50440,2.5,20176
2025-06-11,Sebrae Nacional - DEBRITO,1,facebook,sbrae_2025_psmn,psmn,"2025_6_BR_TRAF_CPC_MULHERES DE 25 A 45 ANOS; INTERESSES EM EMPREENDEDORISMO, PEQUENOS NEGÓCIOS E MEI; COMPORTAMENTO VOLTADO A ENGAJAMENTO COM PERFIS DE NEGÓCIOS E INFLUENCIADORES DE GESTÃO",2025_6_BR_STORIES_VIC CERIDONO STORIES_ACAO_SBRAE_2025_PSMN0291,Tráfego,Goiás,14204,"99,44",455,0,"2025-06-11-PSMN-14204-99,44-455",50440,2.5,20176
2025-06-11,Sebrae Nacional - DEBRITO,1,facebook,sbrae_2025_psmn,psmn,"2025_6_BR_TRAF_CPC_MULHERES DE 25 A 45 ANOS; INTERESSES EM EMPREENDEDORISMO, PEQUENOS NEGÓCIOS E MEI; COMPORTAMENTO VOLTADO A ENGAJAMENTO COM PERFIS DE NEGÓCIOS E INFLUENCIADORES DE GESTÃO",2025_6_BR_CARD_KV_ACAO_SBRAE_2025_PSMN0293,Tráfego,Maranhão,533,"1,79",8,0,"2025-06-11-PSMN-533-1,79-8",50440,2.5,20176
2025-06-11,Sebrae Nacional - DEBRITO,1,facebook,sbrae_2025_psmn,psmn,"2025_6_BR_TRAF_CPC_MULHERES DE 25 A 45 ANOS; INTERESSES EM EMPREENDEDORISMO, PEQUENOS NEGÓCIOS E MEI; COMPORTAMENTO VOLTADO A ENGAJAMENTO COM PERFIS DE NEGÓCIOS E INFLUENCIADORES DE GESTÃO",2025_6_BR_REELS_GABRIELA BAILAS REELS_ACAO_SBRAE_2025_PSMN0289,Tráfego,Maranhão,6,"0,08",0,0,"2025-06-11-PSMN-6-0,08-0",50440,2.5,20176
2025-06-11,Sebrae Nacional - DEBRITO,1,facebook,sbrae_2025_psmn,psmn,"2025_6_BR_TRAF_CPC_MULHERES DE 25 A 45 ANOS; INTERESSES EM EMPREENDEDORISMO, PEQUENOS NEGÓCIOS E MEI; COMPORTAMENTO VOLTADO A ENGAJAMENTO COM PERFIS DE NEGÓCIOS E INFLUENCIADORES DE GESTÃO",2025_6_BR_REELS_VIC CERIDONO REELS_ACAO_SBRAE_2025_PSMN0290,Tráfego,Maranhão,1090,"5,81",25,0,"2025-06-11-PSMN-1090-5,81-25",50440,2.5,20176
2025-06-11,Sebrae Nacional - DEBRITO,1,facebook,sbrae_2025_psmn,psmn,"2025_6_BR_TRAF_CPC_MULHERES DE 25 A 45 ANOS; INTERESSES EM EMPREENDEDORISMO, PEQUENOS NEGÓCIOS E MEI; COMPORTAMENTO VOLTADO A ENGAJAMENTO COM PERFIS DE NEGÓCIOS E INFLUENCIADORES DE GESTÃO",2025_6_BR_STORIES_GABRIELA BAILAS STORIES_ACAO_SBRAE_2025_PSMN0292,Tráfego,Maranhão,6192,"71,42",388,0,"2025-06-11-PSMN-6192-71,42-388",50440,2.5,20176
2025-06-11,Sebrae Nacional - DEBRITO,1,facebook,sbrae_2025_psmn,psmn,"2025_6_BR_TRAF_CPC_MULHERES DE 25 A 45 ANOS; INTERESSES EM EMPREENDEDORISMO, PEQUENOS NEGÓCIOS E MEI; COMPORTAMENTO VOLTADO A ENGAJAMENTO COM PERFIS DE NEGÓCIOS E INFLUENCIADORES DE GESTÃO",2025_6_BR_STORIES_VIC CERIDONO STORIES_ACAO_SBRAE_2025_PSMN0291,Tráfego,Maranhão,12252,"84,95",411,0,"2025-06-11-PSMN-12252-84,95-411",50440,2.5,20176
2025-06-11,Sebrae Nacional - DEBRITO,1,facebook,sbrae_2025_psmn,psmn,"2025_6_BR_TRAF_CPC_MULHERES DE 25 A 45 ANOS; INTERESSES EM EMPREENDEDORISMO, PEQUENOS NEGÓCIOS E MEI; COMPORTAMENTO VOLTADO A ENGAJAMENTO COM PERFIS DE NEGÓCIOS E INFLUENCIADORES DE GESTÃO",2025_6_BR_CARD_KV_ACAO_SBRAE_2025_PSMN0293,Tráfego,Mato Grosso,147,"0,5",2,0,"2025-06-11-PSMN-147-0,5-2",50440,2.5,20176
2025-06-11,Sebrae Nacional - DEBRITO,1,facebook,sbrae_2025_psmn,psmn,"2025_6_BR_TRAF_CPC_MULHERES DE 25 A 45 ANOS; INTERESSES EM EMPREENDEDORISMO, PEQUENOS NEGÓCIOS E MEI; COMPORTAMENTO VOLTADO A ENGAJAMENTO COM PERFIS DE NEGÓCIOS E INFLUENCIADORES DE GESTÃO",2025_6_BR_REELS_GABRIELA BAILAS REELS_ACAO_SBRAE_2025_PSMN0289,Tráfego,Mato Grosso,1,0,0,0,2025-06-11-PSMN-1-0-0,50440,2.5,20176
2025-06-11,Sebrae Nacional - DEBRITO,1,facebook,sbrae_2025_psmn,psmn,"2025_6_BR_TRAF_CPC_MULHERES DE 25 A 45 ANOS; INTERESSES EM EMPREENDEDORISMO, PEQUENOS NEGÓCIOS E MEI; COMPORTAMENTO VOLTADO A ENGAJAMENTO COM PERFIS DE NEGÓCIOS E INFLUENCIADORES DE GESTÃO",2025_6_BR_REELS_VIC CERIDONO REELS_ACAO_SBRAE_2025_PSMN0290,Tráfego,Mato Grosso,487,"2,16",4,0,"2025-06-11-PSMN-487-2,16-4",50440,2.5,20176
2025-06-11,Sebrae Nacional - DEBRITO,1,facebook,sbrae_2025_psmn,psmn,"2025_6_BR_TRAF_CPC_MULHERES DE 25 A 45 ANOS; INTERESSES EM EMPREENDEDORISMO, PEQUENOS NEGÓCIOS E MEI; COMPORTAMENTO VOLTADO A ENGAJAMENTO COM PERFIS DE NEGÓCIOS E INFLUENCIADORES DE GESTÃO",2025_6_BR_STORIES_GABRIELA BAILAS STORIES_ACAO_SBRAE_2025_PSMN0292,Tráfego,Mato Grosso,2223,"27,39",144,0,"2025-06-11-PSMN-2223-27,39-144",50440,2.5,20176
2025-06-11,Sebrae Nacional - DEBRITO,1,facebook,sbrae_2025_psmn,psmn,"2025_6_BR_TRAF_CPC_MULHERES DE 25 A 45 ANOS; INTERESSES EM EMPREENDEDORISMO, PEQUENOS NEGÓCIOS E MEI; COMPORTAMENTO VOLTADO A ENGAJAMENTO COM PERFIS DE NEGÓCIOS E INFLUENCIADORES DE GESTÃO",2025_6_BR_STORIES_VIC CERIDONO STORIES_ACAO_SBRAE_2025_PSMN0291,Tráfego,Mato Grosso,6097,"43,55",193,0,"2025-06-11-PSMN-6097-43,55-193",50440,2.5,20176
2025-06-11,Sebrae Nacional - DEBRITO,1,facebook,sbrae_2025_psmn,psmn,"2025_6_BR_TRAF_CPC_MULHERES DE 25 A 45 ANOS; INTERESSES EM EMPREENDEDORISMO, PEQUENOS NEGÓCIOS E MEI; COMPORTAMENTO VOLTADO A ENGAJAMENTO COM PERFIS DE NEGÓCIOS E INFLUENCIADORES DE GESTÃO",2025_6_BR_CARD_KV_ACAO_SBRAE_2025_PSMN0293,Tráfego,Mato Grosso do Sul,136,"0,53",2,0,"2025-06-11-PSMN-136-0,53-2",50440,2.5,20176
2025-06-11,Sebrae Nacional - DEBRITO,1,facebook,sbrae_2025_psmn,psmn,"2025_6_BR_TRAF_CPC_MULHERES DE 25 A 45 ANOS; INTERESSES EM EMPREENDEDORISMO, PEQUENOS NEGÓCIOS E MEI; COMPORTAMENTO VOLTADO A ENGAJAMENTO COM PERFIS DE NEGÓCIOS E INFLUENCIADORES DE GESTÃO",2025_6_BR_REELS_GABRIELA BAILAS REELS_ACAO_SBRAE_2025_PSMN0289,Tráfego,Mato Grosso do Sul,5,"0,03",0,0,"2025-06-11-PSMN-5-0,03-0",50440,2.5,20176
2025-06-11,Sebrae Nacional - DEBRITO,1,facebook,sbrae_2025_psmn,psmn,"2025_6_BR_TRAF_CPC_MULHERES DE 25 A 45 ANOS; INTERESSES EM EMPREENDEDORISMO, PEQUENOS NEGÓCIOS E MEI; COMPORTAMENTO VOLTADO A ENGAJAMENTO COM PERFIS DE NEGÓCIOS E INFLUENCIADORES DE GESTÃO",2025_6_BR_REELS_VIC CERIDONO REELS_ACAO_SBRAE_2025_PSMN0290,Tráfego,Mato Grosso do Sul,547,"2,22",11,0,"2025-06-11-PSMN-547-2,22-11",50440,2.5,20176
2025-06-11,Sebrae Nacional - DEBRITO,1,facebook,sbrae_2025_psmn,psmn,"2025_6_BR_TRAF_CPC_MULHERES DE 25 A 45 ANOS; INTERESSES EM EMPREENDEDORISMO, PEQUENOS NEGÓCIOS E MEI; COMPORTAMENTO VOLTADO A ENGAJAMENTO COM PERFIS DE NEGÓCIOS E INFLUENCIADORES DE GESTÃO",2025_6_BR_STORIES_GABRIELA BAILAS STORIES_ACAO_SBRAE_2025_PSMN0292,Tráfego,Mato Grosso do Sul,2226,"24,8",164,0,"2025-06-11-PSMN-2226-24,8-164",50440,2.5,20176
2025-06-11,Sebrae Nacional - DEBRITO,1,facebook,sbrae_2025_psmn,psmn,"2025_6_BR_TRAF_CPC_MULHERES DE 25 A 45 ANOS; INTERESSES EM EMPREENDEDORISMO, PEQUENOS NEGÓCIOS E MEI; COMPORTAMENTO VOLTADO A ENGAJAMENTO COM PERFIS DE NEGÓCIOS E INFLUENCIADORES DE GESTÃO",2025_6_BR_STORIES_VIC CERIDONO STORIES_ACAO_SBRAE_2025_PSMN0291,Tráfego,Mato Grosso do Sul,5103,"36,28",174,0,"2025-06-11-PSMN-5103-36,28-174",50440,2.5,20176
2025-06-11,Sebrae Nacional - DEBRITO,1,facebook,sbrae_2025_psmn,psmn,"2025_6_BR_TRAF_CPC_MULHERES DE 25 A 45 ANOS; INTERESSES EM EMPREENDEDORISMO, PEQUENOS NEGÓCIOS E MEI; COMPORTAMENTO VOLTADO A ENGAJAMENTO COM PERFIS DE NEGÓCIOS E INFLUENCIADORES DE GESTÃO",2025_6_BR_CARD_KV_ACAO_SBRAE_2025_PSMN0293,Tráfego,Minas Gerais,706,"2,68",6,0,"2025-06-11-PSMN-706-2,68-6",50440,2.5,20176
2025-06-11,Sebrae Nacional - DEBRITO,1,facebook,sbrae_2025_psmn,psmn,"2025_6_BR_TRAF_CPC_MULHERES DE 25 A 45 ANOS; INTERESSES EM EMPREENDEDORISMO, PEQUENOS NEGÓCIOS E MEI; COMPORTAMENTO VOLTADO A ENGAJAMENTO COM PERFIS DE NEGÓCIOS E INFLUENCIADORES DE GESTÃO",2025_6_BR_REELS_GABRIELA BAILAS REELS_ACAO_SBRAE_2025_PSMN0289,Tráfego,Minas Gerais,18,"0,12",0,0,"2025-06-11-PSMN-18-0,12-0",50440,2.5,20176
2025-06-11,Sebrae Nacional - DEBRITO,1,facebook,sbrae_2025_psmn,psmn,"2025_6_BR_TRAF_CPC_MULHERES DE 25 A 45 ANOS; INTERESSES EM EMPREENDEDORISMO, PEQUENOS NEGÓCIOS E MEI; COMPORTAMENTO VOLTADO A ENGAJAMENTO COM PERFIS DE NEGÓCIOS E INFLUENCIADORES DE GESTÃO",2025_6_BR_REELS_VIC CERIDONO REELS_ACAO_SBRAE_2025_PSMN0290,Tráfego,Minas Gerais,3022,"17,63",60,0,"2025-06-11-PSMN-3022-17,63-60",50440,2.5,20176
2025-06-11,Sebrae Nacional - DEBRITO,1,facebook,sbrae_2025_psmn,psmn,"2025_6_BR_TRAF_CPC_MULHERES DE 25 A 45 ANOS; INTERESSES EM EMPREENDEDORISMO, PEQUENOS NEGÓCIOS E MEI; COMPORTAMENTO VOLTADO A ENGAJAMENTO COM PERFIS DE NEGÓCIOS E INFLUENCIADORES DE GESTÃO",2025_6_BR_STORIES_GABRIELA BAILAS STORIES_ACAO_SBRAE_2025_PSMN0292,Tráfego,Minas Gerais,18562,"218,81",1205,0,"2025-06-11-PSMN-18562-218,81-1205",50440,2.5,20176
2025-06-11,Sebrae Nacional - DEBRITO,1,facebook,sbrae_2025_psmn,psmn,"2025_6_BR_TRAF_CPC_MULHERES DE 25 A 45 ANOS; INTERESSES EM EMPREENDEDORISMO, PEQUENOS NEGÓCIOS E MEI; COMPORTAMENTO VOLTADO A ENGAJAMENTO COM PERFIS DE NEGÓCIOS E INFLUENCIADORES DE GESTÃO",2025_6_BR_STORIES_VIC CERIDONO STORIES_ACAO_SBRAE_2025_PSMN0291,Tráfego,Minas Gerais,33965,"262,78",1262,0,"2025-06-11-PSMN-33965-262,78-1262",50440,2.5,20176
2025-06-11,Sebrae Nacional - DEBRITO,1,facebook,sbrae_2025_psmn,psmn,"2025_6_BR_TRAF_CPC_MULHERES DE 25 A 45 ANOS; INTERESSES EM EMPREENDEDORISMO, PEQUENOS NEGÓCIOS E MEI; COMPORTAMENTO VOLTADO A ENGAJAMENTO COM PERFIS DE NEGÓCIOS E INFLUENCIADORES DE GESTÃO",2025_6_BR_CARD_KV_ACAO_SBRAE_2025_PSMN0293,Tráfego,Paraná,243,"0,81",6,0,"2025-06-11-PSMN-243-0,81-6",50440,2.5,20176
2025-06-11,Sebrae Nacional - DEBRITO,1,facebook,sbrae_2025_psmn,psmn,"2025_6_BR_TRAF_CPC_MULHERES DE 25 A 45 ANOS; INTERESSES EM EMPREENDEDORISMO, PEQUENOS NEGÓCIOS E MEI; COMPORTAMENTO VOLTADO A ENGAJAMENTO COM PERFIS DE NEGÓCIOS E INFLUENCIADORES DE GESTÃO",2025_6_BR_REELS_GABRIELA BAILAS REELS_ACAO_SBRAE_2025_PSMN0289,Tráfego,Paraná,10,"0,09",0,0,"2025-06-11-PSMN-10-0,09-0",50440,2.5,20176
2025-06-11,Sebrae Nacional - DEBRITO,1,facebook,sbrae_2025_psmn,psmn,"2025_6_BR_TRAF_CPC_MULHERES DE 25 A 45 ANOS; INTERESSES EM EMPREENDEDORISMO, PEQUENOS NEGÓCIOS E MEI; COMPORTAMENTO VOLTADO A ENGAJAMENTO COM PERFIS DE NEGÓCIOS E INFLUENCIADORES DE GESTÃO",2025_6_BR_REELS_VIC CERIDONO REELS_ACAO_SBRAE_2025_PSMN0290,Tráfego,Paraná,1153,"6,28",24,0,"2025-06-11-PSMN-1153-6,28-24",50440,2.5,20176
2025-06-11,Sebrae Nacional - DEBRITO,1,facebook,sbrae_2025_psmn,psmn,"2025_6_BR_TRAF_CPC_MULHERES DE 25 A 45 ANOS; INTERESSES EM EMPREENDEDORISMO, PEQUENOS NEGÓCIOS E MEI; COMPORTAMENTO VOLTADO A ENGAJAMENTO COM PERFIS DE NEGÓCIOS E INFLUENCIADORES DE GESTÃO",2025_6_BR_STORIES_GABRIELA BAILAS STORIES_ACAO_SBRAE_2025_PSMN0292,Tráfego,Paraná,7641,"87,04",509,0,"2025-06-11-PSMN-7641-87,04-509",50440,2.5,20176
2025-06-11,Sebrae Nacional - DEBRITO,1,facebook,sbrae_2025_psmn,psmn,"2025_6_BR_TRAF_CPC_MULHERES DE 25 A 45 ANOS; INTERESSES EM EMPREENDEDORISMO, PEQUENOS NEGÓCIOS E MEI; COMPORTAMENTO VOLTADO A ENGAJAMENTO COM PERFIS DE NEGÓCIOS E INFLUENCIADORES DE GESTÃO",2025_6_BR_STORIES_VIC CERIDONO STORIES_ACAO_SBRAE_2025_PSMN0291,Tráfego,Paraná,13847,"107,17",544,0,"2025-06-11-PSMN-13847-107,17-544",50440,2.5,20176
2025-06-11,Sebrae Nacional - DEBRITO,1,facebook,sbrae_2025_psmn,psmn,"2025_6_BR_TRAF_CPC_MULHERES DE 25 A 45 ANOS; INTERESSES EM EMPREENDEDORISMO, PEQUENOS NEGÓCIOS E MEI; COMPORTAMENTO VOLTADO A ENGAJAMENTO COM PERFIS DE NEGÓCIOS E INFLUENCIADORES DE GESTÃO",2025_6_BR_CARD_KV_ACAO_SBRAE_2025_PSMN0293,Tráfego,Paraíba,513,"1,71",7,0,"2025-06-11-PSMN-513-1,71-7",50440,2.5,20176
2025-06-11,Sebrae Nacional - DEBRITO,1,facebook,sbrae_2025_psmn,psmn,"2025_6_BR_TRAF_CPC_MULHERES DE 25 A 45 ANOS; INTERESSES EM EMPREENDEDORISMO, PEQUENOS NEGÓCIOS E MEI; COMPORTAMENTO VOLTADO A ENGAJAMENTO COM PERFIS DE NEGÓCIOS E INFLUENCIADORES DE GESTÃO",2025_6_BR_REELS_GABRIELA BAILAS REELS_ACAO_SBRAE_2025_PSMN0289,Tráfego,Paraíba,9,"0,11",0,0,"2025-06-11-PSMN-9-0,11-0",50440,2.5,20176
2025-06-11,Sebrae Nacional - DEBRITO,1,facebook,sbrae_2025_psmn,psmn,"2025_6_BR_TRAF_CPC_MULHERES DE 25 A 45 ANOS; INTERESSES EM EMPREENDEDORISMO, PEQUENOS NEGÓCIOS E MEI; COMPORTAMENTO VOLTADO A ENGAJAMENTO COM PERFIS DE NEGÓCIOS E INFLUENCIADORES DE GESTÃO",2025_6_BR_REELS_VIC CERIDONO REELS_ACAO_SBRAE_2025_PSMN0290,Tráfego,Paraíba,1505,"7,54",36,0,"2025-06-11-PSMN-1505-7,54-36",50440,2.5,20176
2025-06-11,Sebrae Nacional - DEBRITO,1,facebook,sbrae_2025_psmn,psmn,"2025_6_BR_TRAF_CPC_MULHERES DE 25 A 45 ANOS; INTERESSES EM EMPREENDEDORISMO, PEQUENOS NEGÓCIOS E MEI; COMPORTAMENTO VOLTADO A ENGAJAMENTO COM PERFIS DE NEGÓCIOS E INFLUENCIADORES DE GESTÃO",2025_6_BR_STORIES_GABRIELA BAILAS STORIES_ACAO_SBRAE_2025_PSMN0292,Tráfego,Paraíba,10624,"102,54",536,0,"2025-06-11-PSMN-10624-102,54-536",50440,2.5,20176
2025-06-11,Sebrae Nacional - DEBRITO,1,facebook,sbrae_2025_psmn,psmn,"2025_6_BR_TRAF_CPC_MULHERES DE 25 A 45 ANOS; INTERESSES EM EMPREENDEDORISMO, PEQUENOS NEGÓCIOS E MEI; COMPORTAMENTO VOLTADO A ENGAJAMENTO COM PERFIS DE NEGÓCIOS E INFLUENCIADORES DE GESTÃO",2025_6_BR_STORIES_VIC CERIDONO STORIES_ACAO_SBRAE_2025_PSMN0291,Tráfego,Paraíba,13047,"92,3",386,0,"2025-06-11-PSMN-13047-92,3-386",50440,2.5,20176
2025-06-11,Sebrae Nacional - DEBRITO,1,facebook,sbrae_2025_psmn,psmn,"2025_6_BR_TRAF_CPC_MULHERES DE 25 A 45 ANOS; INTERESSES EM EMPREENDEDORISMO, PEQUENOS NEGÓCIOS E MEI; COMPORTAMENTO VOLTADO A ENGAJAMENTO COM PERFIS DE NEGÓCIOS E INFLUENCIADORES DE GESTÃO",2025_6_BR_CARD_KV_ACAO_SBRAE_2025_PSMN0293,Tráfego,Pará,542,"1,72",7,0,"2025-06-11-PSMN-542-1,72-7",50440,2.5,20176
2025-06-11,Sebrae Nacional - DEBRITO,1,facebook,sbrae_2025_psmn,psmn,"2025_6_BR_TRAF_CPC_MULHERES DE 25 A 45 ANOS; INTERESSES EM EMPREENDEDORISMO, PEQUENOS NEGÓCIOS E MEI; COMPORTAMENTO VOLTADO A ENGAJAMENTO COM PERFIS DE NEGÓCIOS E INFLUENCIADORES DE GESTÃO",2025_6_BR_REELS_GABRIELA BAILAS REELS_ACAO_SBRAE_2025_PSMN0289,Tráfego,Pará,11,"0,07",0,0,"2025-06-11-PSMN-11-0,07-0",50440,2.5,20176
2025-06-11,Sebrae Nacional - DEBRITO,1,facebook,sbrae_2025_psmn,psmn,"2025_6_BR_TRAF_CPC_MULHERES DE 25 A 45 ANOS; INTERESSES EM EMPREENDEDORISMO, PEQUENOS NEGÓCIOS E MEI; COMPORTAMENTO VOLTADO A ENGAJAMENTO COM PERFIS DE NEGÓCIOS E INFLUENCIADORES DE GESTÃO",2025_6_BR_REELS_VIC CERIDONO REELS_ACAO_SBRAE_2025_PSMN0290,Tráfego,Pará,1337,"7,13",40,0,"2025-06-11-PSMN-1337-7,13-40",50440,2.5,20176
2025-06-11,Sebrae Nacional - DEBRITO,1,facebook,sbrae_2025_psmn,psmn,"2025_6_BR_TRAF_CPC_MULHERES DE 25 A 45 ANOS; INTERESSES EM EMPREENDEDORISMO, PEQUENOS NEGÓCIOS E MEI; COMPORTAMENTO VOLTADO A ENGAJAMENTO COM PERFIS DE NEGÓCIOS E INFLUENCIADORES DE GESTÃO",2025_6_BR_STORIES_GABRIELA BAILAS STORIES_ACAO_SBRAE_2025_PSMN0292,Tráfego,Pará,7773,"84,2",491,0,"2025-06-11-PSMN-7773-84,2-491",50440,2.5,20176
2025-06-11,Sebrae Nacional - DEBRITO,1,facebook,sbrae_2025_psmn,psmn,"2025_6_BR_TRAF_CPC_MULHERES DE 25 A 45 ANOS; INTERESSES EM EMPREENDEDORISMO, PEQUENOS NEGÓCIOS E MEI; COMPORTAMENTO VOLTADO A ENGAJAMENTO COM PERFIS DE NEGÓCIOS E INFLUENCIADORES DE GESTÃO",2025_6_BR_STORIES_VIC CERIDONO STORIES_ACAO_SBRAE_2025_PSMN0291,Tráfego,Pará,15960,"105,21",501,0,"2025-06-11-PSMN-15960-105,21-501",50440,2.5,20176
2025-06-11,Sebrae Nacional - DEBRITO,1,facebook,sbrae_2025_psmn,psmn,"2025_6_BR_TRAF_CPC_MULHERES DE 25 A 45 ANOS; INTERESSES EM EMPREENDEDORISMO, PEQUENOS NEGÓCIOS E MEI; COMPORTAMENTO VOLTADO A ENGAJAMENTO COM PERFIS DE NEGÓCIOS E INFLUENCIADORES DE GESTÃO",2025_6_BR_CARD_KV_ACAO_SBRAE_2025_PSMN0293,Tráfego,Pernambuco,1001,"3,26",13,0,"2025-06-11-PSMN-1001-3,26-13",50440,2.5,20176
2025-06-11,Sebrae Nacional - DEBRITO,1,facebook,sbrae_2025_psmn,psmn,"2025_6_BR_TRAF_CPC_MULHERES DE 25 A 45 ANOS; INTERESSES EM EMPREENDEDORISMO, PEQUENOS NEGÓCIOS E MEI; COMPORTAMENTO VOLTADO A ENGAJAMENTO COM PERFIS DE NEGÓCIOS E INFLUENCIADORES DE GESTÃO",2025_6_BR_REELS_GABRIELA BAILAS REELS_ACAO_SBRAE_2025_PSMN0289,Tráfego,Pernambuco,18,"0,13",0,0,"2025-06-11-PSMN-18-0,13-0",50440,2.5,20176
2025-06-11,Sebrae Nacional - DEBRITO,1,facebook,sbrae_2025_psmn,psmn,"2025_6_BR_TRAF_CPC_MULHERES DE 25 A 45 ANOS; INTERESSES EM EMPREENDEDORISMO, PEQUENOS NEGÓCIOS E MEI; COMPORTAMENTO VOLTADO A ENGAJAMENTO COM PERFIS DE NEGÓCIOS E INFLUENCIADORES DE GESTÃO",2025_6_BR_REELS_VIC CERIDONO REELS_ACAO_SBRAE_2025_PSMN0290,Tráfego,Pernambuco,2375,"13,37",45,0,"2025-06-11-PSMN-2375-13,37-45",50440,2.5,20176
2025-06-11,Sebrae Nacional - DEBRITO,1,facebook,sbrae_2025_psmn,psmn,"2025_6_BR_TRAF_CPC_MULHERES DE 25 A 45 ANOS; INTERESSES EM EMPREENDEDORISMO, PEQUENOS NEGÓCIOS E MEI; COMPORTAMENTO VOLTADO A ENGAJAMENTO COM PERFIS DE NEGÓCIOS E INFLUENCIADORES DE GESTÃO",2025_6_BR_STORIES_GABRIELA BAILAS STORIES_ACAO_SBRAE_2025_PSMN0292,Tráfego,Pernambuco,16892,"179,43",958,0,"2025-06-11-PSMN-16892-179,43-958",50440,2.5,20176
2025-06-11,Sebrae Nacional - DEBRITO,1,facebook,sbrae_2025_psmn,psmn,"2025_6_BR_TRAF_CPC_MULHERES DE 25 A 45 ANOS; INTERESSES EM EMPREENDEDORISMO, PEQUENOS NEGÓCIOS E MEI; COMPORTAMENTO VOLTADO A ENGAJAMENTO COM PERFIS DE NEGÓCIOS E INFLUENCIADORES DE GESTÃO",2025_6_BR_STORIES_VIC CERIDONO STORIES_ACAO_SBRAE_2025_PSMN0291,Tráfego,Pernambuco,23903,"175,35",828,0,"2025-06-11-PSMN-23903-175,35-828",50440,2.5,20176
2025-06-11,Sebrae Nacional - DEBRITO,1,facebook,sbrae_2025_psmn,psmn,"2025_6_BR_TRAF_CPC_MULHERES DE 25 A 45 ANOS; INTERESSES EM EMPREENDEDORISMO, PEQUENOS NEGÓCIOS E MEI; COMPORTAMENTO VOLTADO A ENGAJAMENTO COM PERFIS DE NEGÓCIOS E INFLUENCIADORES DE GESTÃO",2025_6_BR_CARD_KV_ACAO_SBRAE_2025_PSMN0293,Tráfego,Piauí,338,"1,14",3,0,"2025-06-11-PSMN-338-1,14-3",50440,2.5,20176
2025-06-11,Sebrae Nacional - DEBRITO,1,facebook,sbrae_2025_psmn,psmn,"2025_6_BR_TRAF_CPC_MULHERES DE 25 A 45 ANOS; INTERESSES EM EMPREENDEDORISMO, PEQUENOS NEGÓCIOS E MEI; COMPORTAMENTO VOLTADO A ENGAJAMENTO COM PERFIS DE NEGÓCIOS E INFLUENCIADORES DE GESTÃO",2025_6_BR_REELS_GABRIELA BAILAS REELS_ACAO_SBRAE_2025_PSMN0289,Tráfego,Piauí,4,"0,07",0,0,"2025-06-11-PSMN-4-0,07-0",50440,2.5,20176
2025-06-11,Sebrae Nacional - DEBRITO,1,facebook,sbrae_2025_psmn,psmn,"2025_6_BR_TRAF_CPC_MULHERES DE 25 A 45 ANOS; INTERESSES EM EMPREENDEDORISMO, PEQUENOS NEGÓCIOS E MEI; COMPORTAMENTO VOLTADO A ENGAJAMENTO COM PERFIS DE NEGÓCIOS E INFLUENCIADORES DE GESTÃO",2025_6_BR_REELS_VIC CERIDONO REELS_ACAO_SBRAE_2025_PSMN0290,Tráfego,Piauí,748,"4,05",9,0,"2025-06-11-PSMN-748-4,05-9",50440,2.5,20176
2025-06-11,Sebrae Nacional - DEBRITO,1,facebook,sbrae_2025_psmn,psmn,"2025_6_BR_TRAF_CPC_MULHERES DE 25 A 45 ANOS; INTERESSES EM EMPREENDEDORISMO, PEQUENOS NEGÓCIOS E MEI; COMPORTAMENTO VOLTADO A ENGAJAMENTO COM PERFIS DE NEGÓCIOS E INFLUENCIADORES DE GESTÃO",2025_6_BR_STORIES_GABRIELA BAILAS STORIES_ACAO_SBRAE_2025_PSMN0292,Tráfego,Piauí,6463,"67,47",405,0,"2025-06-11-PSMN-6463-67,47-405",50440,2.5,20176
2025-06-11,Sebrae Nacional - DEBRITO,1,facebook,sbrae_2025_psmn,psmn,"2025_6_BR_TRAF_CPC_MULHERES DE 25 A 45 ANOS; INTERESSES EM EMPREENDEDORISMO, PEQUENOS NEGÓCIOS E MEI; COMPORTAMENTO VOLTADO A ENGAJAMENTO COM PERFIS DE NEGÓCIOS E INFLUENCIADORES DE GESTÃO",2025_6_BR_STORIES_VIC CERIDONO STORIES_ACAO_SBRAE_2025_PSMN0291,Tráfego,Piauí,8946,"63,48",337,0,"2025-06-11-PSMN-8946-63,48-337",50440,2.5,20176
2025-06-11,Sebrae Nacional - DEBRITO,1,facebook,sbrae_2025_psmn,psmn,"2025_6_BR_TRAF_CPC_MULHERES DE 25 A 45 ANOS; INTERESSES EM EMPREENDEDORISMO, PEQUENOS NEGÓCIOS E MEI; COMPORTAMENTO VOLTADO A ENGAJAMENTO COM PERFIS DE NEGÓCIOS E INFLUENCIADORES DE GESTÃO",2025_6_BR_CARD_KV_ACAO_SBRAE_2025_PSMN0293,Tráfego,Rio Grande do Norte,523,"1,69",10,0,"2025-06-11-PSMN-523-1,69-10",50440,2.5,20176
2025-06-11,Sebrae Nacional - DEBRITO,1,facebook,sbrae_2025_psmn,psmn,"2025_6_BR_TRAF_CPC_MULHERES DE 25 A 45 ANOS; INTERESSES EM EMPREENDEDORISMO, PEQUENOS NEGÓCIOS E MEI; COMPORTAMENTO VOLTADO A ENGAJAMENTO COM PERFIS DE NEGÓCIOS E INFLUENCIADORES DE GESTÃO",2025_6_BR_REELS_GABRIELA BAILAS REELS_ACAO_SBRAE_2025_PSMN0289,Tráfego,Rio Grande do Norte,7,"0,07",1,0,"2025-06-11-PSMN-7-0,07-1",50440,2.5,20176
2025-06-11,Sebrae Nacional - DEBRITO,1,facebook,sbrae_2025_psmn,psmn,"2025_6_BR_TRAF_CPC_MULHERES DE 25 A 45 ANOS; INTERESSES EM EMPREENDEDORISMO, PEQUENOS NEGÓCIOS E MEI; COMPORTAMENTO VOLTADO A ENGAJAMENTO COM PERFIS DE NEGÓCIOS E INFLUENCIADORES DE GESTÃO",2025_6_BR_REELS_VIC CERIDONO REELS_ACAO_SBRAE_2025_PSMN0290,Tráfego,Rio Grande do Norte,1193,"6,62",24,0,"2025-06-11-PSMN-1193-6,62-24",50440,2.5,20176
2025-06-11,Sebrae Nacional - DEBRITO,1,facebook,sbrae_2025_psmn,psmn,"2025_6_BR_TRAF_CPC_MULHERES DE 25 A 45 ANOS; INTERESSES EM EMPREENDEDORISMO, PEQUENOS NEGÓCIOS E MEI; COMPORTAMENTO VOLTADO A ENGAJAMENTO COM PERFIS DE NEGÓCIOS E INFLUENCIADORES DE GESTÃO",2025_6_BR_STORIES_GABRIELA BAILAS STORIES_ACAO_SBRAE_2025_PSMN0292,Tráfego,Rio Grande do Norte,8501,"87,61",468,0,"2025-06-11-PSMN-8501-87,61-468",50440,2.5,20176
2025-06-11,Sebrae Nacional - DEBRITO,1,facebook,sbrae_2025_psmn,psmn,"2025_6_BR_TRAF_CPC_MULHERES DE 25 A 45 ANOS; INTERESSES EM EMPREENDEDORISMO, PEQUENOS NEGÓCIOS E MEI; COMPORTAMENTO VOLTADO A ENGAJAMENTO COM PERFIS DE NEGÓCIOS E INFLUENCIADORES DE GESTÃO",2025_6_BR_STORIES_VIC CERIDONO STORIES_ACAO_SBRAE_2025_PSMN0291,Tráfego,Rio Grande do Norte,11181,"81,02",397,0,"2025-06-11-PSMN-11181-81,02-397",50440,2.5,20176
2025-06-11,Sebrae Nacional - DEBRITO,1,facebook,sbrae_2025_psmn,psmn,"2025_6_BR_TRAF_CPC_MULHERES DE 25 A 45 ANOS; INTERESSES EM EMPREENDEDORISMO, PEQUENOS NEGÓCIOS E MEI; COMPORTAMENTO VOLTADO A ENGAJAMENTO COM PERFIS DE NEGÓCIOS E INFLUENCIADORES DE GESTÃO",2025_6_BR_CARD_KV_ACAO_SBRAE_2025_PSMN0293,Tráfego,Rio Grande do Sul,360,"0,9",3,0,"2025-06-11-PSMN-360-0,9-3",50440,2.5,20176
2025-06-11,Sebrae Nacional - DEBRITO,1,facebook,sbrae_2025_psmn,psmn,"2025_6_BR_TRAF_CPC_MULHERES DE 25 A 45 ANOS; INTERESSES EM EMPREENDEDORISMO, PEQUENOS NEGÓCIOS E MEI; COMPORTAMENTO VOLTADO A ENGAJAMENTO COM PERFIS DE NEGÓCIOS E INFLUENCIADORES DE GESTÃO",2025_6_BR_REELS_GABRIELA BAILAS REELS_ACAO_SBRAE_2025_PSMN0289,Tráfego,Rio Grande do Sul,18,"0,12",2,0,"2025-06-11-PSMN-18-0,12-2",50440,2.5,20176
2025-06-11,Sebrae Nacional - DEBRITO,1,facebook,sbrae_2025_psmn,psmn,"2025_6_BR_TRAF_CPC_MULHERES DE 25 A 45 ANOS; INTERESSES EM EMPREENDEDORISMO, PEQUENOS NEGÓCIOS E MEI; COMPORTAMENTO VOLTADO A ENGAJAMENTO COM PERFIS DE NEGÓCIOS E INFLUENCIADORES DE GESTÃO",2025_6_BR_REELS_VIC CERIDONO REELS_ACAO_SBRAE_2025_PSMN0290,Tráfego,Rio Grande do Sul,2244,"12,27",42,0,"2025-06-11-PSMN-2244-12,27-42",50440,2.5,20176
2025-06-11,Sebrae Nacional - DEBRITO,1,facebook,sbrae_2025_psmn,psmn,"2025_6_BR_TRAF_CPC_MULHERES DE 25 A 45 ANOS; INTERESSES EM EMPREENDEDORISMO, PEQUENOS NEGÓCIOS E MEI; COMPORTAMENTO VOLTADO A ENGAJAMENTO COM PERFIS DE NEGÓCIOS E INFLUENCIADORES DE GESTÃO",2025_6_BR_STORIES_GABRIELA BAILAS STORIES_ACAO_SBRAE_2025_PSMN0292,Tráfego,Rio Grande do Sul,14223,"146,06",835,0,"2025-06-11-PSMN-14223-146,06-835",50440,2.5,20176
2025-06-11,Sebrae Nacional - DEBRITO,1,facebook,sbrae_2025_psmn,psmn,"2025_6_BR_TRAF_CPC_MULHERES DE 25 A 45 ANOS; INTERESSES EM EMPREENDEDORISMO, PEQUENOS NEGÓCIOS E MEI; COMPORTAMENTO VOLTADO A ENGAJAMENTO COM PERFIS DE NEGÓCIOS E INFLUENCIADORES DE GESTÃO",2025_6_BR_STORIES_VIC CERIDONO STORIES_ACAO_SBRAE_2025_PSMN0291,Tráfego,Rio Grande do Sul,19370,"144,17",732,0,"2025-06-11-PSMN-19370-144,17-732",50440,2.5,20176
2025-06-11,Sebrae Nacional - DEBRITO,1,facebook,sbrae_2025_psmn,psmn,"2025_6_BR_TRAF_CPC_MULHERES DE 25 A 45 ANOS; INTERESSES EM EMPREENDEDORISMO, PEQUENOS NEGÓCIOS E MEI; COMPORTAMENTO VOLTADO A ENGAJAMENTO COM PERFIS DE NEGÓCIOS E INFLUENCIADORES DE GESTÃO",2025_6_BR_CARD_KV_ACAO_SBRAE_2025_PSMN0293,Tráfego,Rio de Janeiro,455,"1,54",7,0,"2025-06-11-PSMN-455-1,54-7",50440,2.5,20176
2025-06-11,Sebrae Nacional - DEBRITO,1,facebook,sbrae_2025_psmn,psmn,"2025_6_BR_TRAF_CPC_MULHERES DE 25 A 45 ANOS; INTERESSES EM EMPREENDEDORISMO, PEQUENOS NEGÓCIOS E MEI; COMPORTAMENTO VOLTADO A ENGAJAMENTO COM PERFIS DE NEGÓCIOS E INFLUENCIADORES DE GESTÃO",2025_6_BR_REELS_GABRIELA BAILAS REELS_ACAO_SBRAE_2025_PSMN0289,Tráfego,Rio de Janeiro,16,"0,18",2,0,"2025-06-11-PSMN-16-0,18-2",50440,2.5,20176
2025-06-11,Sebrae Nacional - DEBRITO,1,facebook,sbrae_2025_psmn,psmn,"2025_6_BR_TRAF_CPC_MULHERES DE 25 A 45 ANOS; INTERESSES EM EMPREENDEDORISMO, PEQUENOS NEGÓCIOS E MEI; COMPORTAMENTO VOLTADO A ENGAJAMENTO COM PERFIS DE NEGÓCIOS E INFLUENCIADORES DE GESTÃO",2025_6_BR_REELS_VIC CERIDONO REELS_ACAO_SBRAE_2025_PSMN0290,Tráfego,Rio de Janeiro,2417,"13,86",59,0,"2025-06-11-PSMN-2417-13,86-59",50440,2.5,20176
2025-06-11,Sebrae Nacional - DEBRITO,1,facebook,sbrae_2025_psmn,psmn,"2025_6_BR_TRAF_CPC_MULHERES DE 25 A 45 ANOS; INTERESSES EM EMPREENDEDORISMO, PEQUENOS NEGÓCIOS E MEI; COMPORTAMENTO VOLTADO A ENGAJAMENTO COM PERFIS DE NEGÓCIOS E INFLUENCIADORES DE GESTÃO",2025_6_BR_STORIES_GABRIELA BAILAS STORIES_ACAO_SBRAE_2025_PSMN0292,Tráfego,Rio de Janeiro,9516,"121,9",633,0,"2025-06-11-PSMN-9516-121,9-633",50440,2.5,20176
2025-06-11,Sebrae Nacional - DEBRITO,1,facebook,sbrae_2025_psmn,psmn,"2025_6_BR_TRAF_CPC_MULHERES DE 25 A 45 ANOS; INTERESSES EM EMPREENDEDORISMO, PEQUENOS NEGÓCIOS E MEI; COMPORTAMENTO VOLTADO A ENGAJAMENTO COM PERFIS DE NEGÓCIOS E INFLUENCIADORES DE GESTÃO",2025_6_BR_STORIES_VIC CERIDONO STORIES_ACAO_SBRAE_2025_PSMN0291,Tráfego,Rio de Janeiro,21161,"174,72",785,0,"2025-06-11-PSMN-21161-174,72-785",50440,2.5,20176
2025-06-11,Sebrae Nacional - DEBRITO,1,facebook,sbrae_2025_psmn,psmn,"2025_6_BR_TRAF_CPC_MULHERES DE 25 A 45 ANOS; INTERESSES EM EMPREENDEDORISMO, PEQUENOS NEGÓCIOS E MEI; COMPORTAMENTO VOLTADO A ENGAJAMENTO COM PERFIS DE NEGÓCIOS E INFLUENCIADORES DE GESTÃO",2025_6_BR_CARD_KV_ACAO_SBRAE_2025_PSMN0293,Tráfego,Rondônia,78,"0,23",0,0,"2025-06-11-PSMN-78-0,23-0",50440,2.5,20176
2025-06-11,Sebrae Nacional - DEBRITO,1,facebook,sbrae_2025_psmn,psmn,"2025_6_BR_TRAF_CPC_MULHERES DE 25 A 45 ANOS; INTERESSES EM EMPREENDEDORISMO, PEQUENOS NEGÓCIOS E MEI; COMPORTAMENTO VOLTADO A ENGAJAMENTO COM PERFIS DE NEGÓCIOS E INFLUENCIADORES DE GESTÃO",2025_6_BR_REELS_GABRIELA BAILAS REELS_ACAO_SBRAE_2025_PSMN0289,Tráfego,Rondônia,3,"0,03",0,0,"2025-06-11-PSMN-3-0,03-0",50440,2.5,20176
2025-06-11,Sebrae Nacional - DEBRITO,1,facebook,sbrae_2025_psmn,psmn,"2025_6_BR_TRAF_CPC_MULHERES DE 25 A 45 ANOS; INTERESSES EM EMPREENDEDORISMO, PEQUENOS NEGÓCIOS E MEI; COMPORTAMENTO VOLTADO A ENGAJAMENTO COM PERFIS DE NEGÓCIOS E INFLUENCIADORES DE GESTÃO",2025_6_BR_REELS_VIC CERIDONO REELS_ACAO_SBRAE_2025_PSMN0290,Tráfego,Rondônia,305,"1,61",10,0,"2025-06-11-PSMN-305-1,61-10",50440,2.5,20176
2025-06-11,Sebrae Nacional - DEBRITO,1,facebook,sbrae_2025_psmn,psmn,"2025_6_BR_TRAF_CPC_MULHERES DE 25 A 45 ANOS; INTERESSES EM EMPREENDEDORISMO, PEQUENOS NEGÓCIOS E MEI; COMPORTAMENTO VOLTADO A ENGAJAMENTO COM PERFIS DE NEGÓCIOS E INFLUENCIADORES DE GESTÃO",2025_6_BR_STORIES_GABRIELA BAILAS STORIES_ACAO_SBRAE_2025_PSMN0292,Tráfego,Rondônia,1167,"12,75",63,0,"2025-06-11-PSMN-1167-12,75-63",50440,2.5,20176
2025-06-11,Sebrae Nacional - DEBRITO,1,facebook,sbrae_2025_psmn,psmn,"2025_6_BR_TRAF_CPC_MULHERES DE 25 A 45 ANOS; INTERESSES EM EMPREENDEDORISMO, PEQUENOS NEGÓCIOS E MEI; COMPORTAMENTO VOLTADO A ENGAJAMENTO COM PERFIS DE NEGÓCIOS E INFLUENCIADORES DE GESTÃO",2025_6_BR_STORIES_VIC CERIDONO STORIES_ACAO_SBRAE_2025_PSMN0291,Tráfego,Rondônia,3029,"19,46",109,0,"2025-06-11-PSMN-3029-19,46-109",50440,2.5,20176
2025-06-11,Sebrae Nacional - DEBRITO,1,facebook,sbrae_2025_psmn,psmn,"2025_6_BR_TRAF_CPC_MULHERES DE 25 A 45 ANOS; INTERESSES EM EMPREENDEDORISMO, PEQUENOS NEGÓCIOS E MEI; COMPORTAMENTO VOLTADO A ENGAJAMENTO COM PERFIS DE NEGÓCIOS E INFLUENCIADORES DE GESTÃO",2025_6_BR_CARD_KV_ACAO_SBRAE_2025_PSMN0293,Tráfego,Roraima,36,"0,18",0,0,"2025-06-11-PSMN-36-0,18-0",50440,2.5,20176
2025-06-11,Sebrae Nacional - DEBRITO,1,facebook,sbrae_2025_psmn,psmn,"2025_6_BR_TRAF_CPC_MULHERES DE 25 A 45 ANOS; INTERESSES EM EMPREENDEDORISMO, PEQUENOS NEGÓCIOS E MEI; COMPORTAMENTO VOLTADO A ENGAJAMENTO COM PERFIS DE NEGÓCIOS E INFLUENCIADORES DE GESTÃO",2025_6_BR_REELS_VIC CERIDONO REELS_ACAO_SBRAE_2025_PSMN0290,Tráfego,Roraima,64,"0,36",1,0,"2025-06-11-PSMN-64-0,36-1",50440,2.5,20176
2025-06-11,Sebrae Nacional - DEBRITO,1,facebook,sbrae_2025_psmn,psmn,"2025_6_BR_TRAF_CPC_MULHERES DE 25 A 45 ANOS; INTERESSES EM EMPREENDEDORISMO, PEQUENOS NEGÓCIOS E MEI; COMPORTAMENTO VOLTADO A ENGAJAMENTO COM PERFIS DE NEGÓCIOS E INFLUENCIADORES DE GESTÃO",2025_6_BR_STORIES_GABRIELA BAILAS STORIES_ACAO_SBRAE_2025_PSMN0292,Tráfego,Roraima,462,"5,39",31,0,"2025-06-11-PSMN-462-5,39-31",50440,2.5,20176
2025-06-11,Sebrae Nacional - DEBRITO,1,facebook,sbrae_2025_psmn,psmn,"2025_6_BR_TRAF_CPC_MULHERES DE 25 A 45 ANOS; INTERESSES EM EMPREENDEDORISMO, PEQUENOS NEGÓCIOS E MEI; COMPORTAMENTO VOLTADO A ENGAJAMENTO COM PERFIS DE NEGÓCIOS E INFLUENCIADORES DE GESTÃO",2025_6_BR_STORIES_VIC CERIDONO STORIES_ACAO_SBRAE_2025_PSMN0291,Tráfego,Roraima,1088,"7,98",37,0,"2025-06-11-PSMN-1088-7,98-37",50440,2.5,20176
2025-06-11,Sebrae Nacional - DEBRITO,1,facebook,sbrae_2025_psmn,psmn,"2025_6_BR_TRAF_CPC_MULHERES DE 25 A 45 ANOS; INTERESSES EM EMPREENDEDORISMO, PEQUENOS NEGÓCIOS E MEI; COMPORTAMENTO VOLTADO A ENGAJAMENTO COM PERFIS DE NEGÓCIOS E INFLUENCIADORES DE GESTÃO",2025_6_BR_CARD_KV_ACAO_SBRAE_2025_PSMN0293,Tráfego,Santa Catarina,165,"0,47",1,0,"2025-06-11-PSMN-165-0,47-1",50440,2.5,20176
2025-06-11,Sebrae Nacional - DEBRITO,1,facebook,sbrae_2025_psmn,psmn,"2025_6_BR_TRAF_CPC_MULHERES DE 25 A 45 ANOS; INTERESSES EM EMPREENDEDORISMO, PEQUENOS NEGÓCIOS E MEI; COMPORTAMENTO VOLTADO A ENGAJAMENTO COM PERFIS DE NEGÓCIOS E INFLUENCIADORES DE GESTÃO",2025_6_BR_REELS_GABRIELA BAILAS REELS_ACAO_SBRAE_2025_PSMN0289,Tráfego,Santa Catarina,9,"0,04",0,0,"2025-06-11-PSMN-9-0,04-0",50440,2.5,20176
2025-06-11,Sebrae Nacional - DEBRITO,1,facebook,sbrae_2025_psmn,psmn,"2025_6_BR_TRAF_CPC_MULHERES DE 25 A 45 ANOS; INTERESSES EM EMPREENDEDORISMO, PEQUENOS NEGÓCIOS E MEI; COMPORTAMENTO VOLTADO A ENGAJAMENTO COM PERFIS DE NEGÓCIOS E INFLUENCIADORES DE GESTÃO",2025_6_BR_REELS_VIC CERIDONO REELS_ACAO_SBRAE_2025_PSMN0290,Tráfego,Santa Catarina,1053,"5,5",20,0,"2025-06-11-PSMN-1053-5,5-20",50440,2.5,20176
2025-06-11,Sebrae Nacional - DEBRITO,1,facebook,sbrae_2025_psmn,psmn,"2025_6_BR_TRAF_CPC_MULHERES DE 25 A 45 ANOS; INTERESSES EM EMPREENDEDORISMO, PEQUENOS NEGÓCIOS E MEI; COMPORTAMENTO VOLTADO A ENGAJAMENTO COM PERFIS DE NEGÓCIOS E INFLUENCIADORES DE GESTÃO",2025_6_BR_STORIES_GABRIELA BAILAS STORIES_ACAO_SBRAE_2025_PSMN0292,Tráfego,Santa Catarina,6035,"69,79",390,0,"2025-06-11-PSMN-6035-69,79-390",50440,2.5,20176
2025-06-11,Sebrae Nacional - DEBRITO,1,facebook,sbrae_2025_psmn,psmn,"2025_6_BR_TRAF_CPC_MULHERES DE 25 A 45 ANOS; INTERESSES EM EMPREENDEDORISMO, PEQUENOS NEGÓCIOS E MEI; COMPORTAMENTO VOLTADO A ENGAJAMENTO COM PERFIS DE NEGÓCIOS E INFLUENCIADORES DE GESTÃO",2025_6_BR_STORIES_VIC CERIDONO STORIES_ACAO_SBRAE_2025_PSMN0291,Tráfego,Santa Catarina,10292,"82,11",407,0,"2025-06-11-PSMN-10292-82,11-407",50440,2.5,20176
2025-06-11,Sebrae Nacional - DEBRITO,1,facebook,sbrae_2025_psmn,psmn,"2025_6_BR_TRAF_CPC_MULHERES DE 25 A 45 ANOS; INTERESSES EM EMPREENDEDORISMO, PEQUENOS NEGÓCIOS E MEI; COMPORTAMENTO VOLTADO A ENGAJAMENTO COM PERFIS DE NEGÓCIOS E INFLUENCIADORES DE GESTÃO",2025_6_BR_CARD_KV_ACAO_SBRAE_2025_PSMN0293,Tráfego,Sergipe,322,"1,01",5,0,"2025-06-11-PSMN-322-1,01-5",50440,2.5,20176
2025-06-11,Sebrae Nacional - DEBRITO,1,facebook,sbrae_2025_psmn,psmn,"2025_6_BR_TRAF_CPC_MULHERES DE 25 A 45 ANOS; INTERESSES EM EMPREENDEDORISMO, PEQUENOS NEGÓCIOS E MEI; COMPORTAMENTO VOLTADO A ENGAJAMENTO COM PERFIS DE NEGÓCIOS E INFLUENCIADORES DE GESTÃO",2025_6_BR_REELS_GABRIELA BAILAS REELS_ACAO_SBRAE_2025_PSMN0289,Tráfego,Sergipe,5,"0,01",0,0,"2025-06-11-PSMN-5-0,01-0",50440,2.5,20176
2025-06-11,Sebrae Nacional - DEBRITO,1,facebook,sbrae_2025_psmn,psmn,"2025_6_BR_TRAF_CPC_MULHERES DE 25 A 45 ANOS; INTERESSES EM EMPREENDEDORISMO, PEQUENOS NEGÓCIOS E MEI; COMPORTAMENTO VOLTADO A ENGAJAMENTO COM PERFIS DE NEGÓCIOS E INFLUENCIADORES DE GESTÃO",2025_6_BR_REELS_VIC CERIDONO REELS_ACAO_SBRAE_2025_PSMN0290,Tráfego,Sergipe,423,"2,1",11,0,"2025-06-11-PSMN-423-2,1-11",50440,2.5,20176
2025-06-11,Sebrae Nacional - DEBRITO,1,facebook,sbrae_2025_psmn,psmn,"2025_6_BR_TRAF_CPC_MULHERES DE 25 A 45 ANOS; INTERESSES EM EMPREENDEDORISMO, PEQUENOS NEGÓCIOS E MEI; COMPORTAMENTO VOLTADO A ENGAJAMENTO COM PERFIS DE NEGÓCIOS E INFLUENCIADORES DE GESTÃO",2025_6_BR_STORIES_GABRIELA BAILAS STORIES_ACAO_SBRAE_2025_PSMN0292,Tráfego,Sergipe,2648,"30,07",153,0,"2025-06-11-PSMN-2648-30,07-153",50440,2.5,20176
2025-06-11,Sebrae Nacional - DEBRITO,1,facebook,sbrae_2025_psmn,psmn,"2025_6_BR_TRAF_CPC_MULHERES DE 25 A 45 ANOS; INTERESSES EM EMPREENDEDORISMO, PEQUENOS NEGÓCIOS E MEI; COMPORTAMENTO VOLTADO A ENGAJAMENTO COM PERFIS DE NEGÓCIOS E INFLUENCIADORES DE GESTÃO",2025_6_BR_STORIES_VIC CERIDONO STORIES_ACAO_SBRAE_2025_PSMN0291,Tráfego,Sergipe,4337,"31,74",146,0,"2025-06-11-PSMN-4337-31,74-146",50440,2.5,20176
2025-06-11,Sebrae Nacional - DEBRITO,1,facebook,sbrae_2025_psmn,psmn,"2025_6_BR_TRAF_CPC_MULHERES DE 25 A 45 ANOS; INTERESSES EM EMPREENDEDORISMO, PEQUENOS NEGÓCIOS E MEI; COMPORTAMENTO VOLTADO A ENGAJAMENTO COM PERFIS DE NEGÓCIOS E INFLUENCIADORES DE GESTÃO",2025_6_BR_CARD_KV_ACAO_SBRAE_2025_PSMN0293,Tráfego,São Paulo,851,"2,79",17,0,"2025-06-11-PSMN-851-2,79-17",50440,2.5,20176
2025-06-11,Sebrae Nacional - DEBRITO,1,facebook,sbrae_2025_psmn,psmn,"2025_6_BR_TRAF_CPC_MULHERES DE 25 A 45 ANOS; INTERESSES EM EMPREENDEDORISMO, PEQUENOS NEGÓCIOS E MEI; COMPORTAMENTO VOLTADO A ENGAJAMENTO COM PERFIS DE NEGÓCIOS E INFLUENCIADORES DE GESTÃO",2025_6_BR_REELS_GABRIELA BAILAS REELS_ACAO_SBRAE_2025_PSMN0289,Tráfego,São Paulo,43,"0,4",1,0,"2025-06-11-PSMN-43-0,4-1",50440,2.5,20176
2025-06-11,Sebrae Nacional - DEBRITO,1,facebook,sbrae_2025_psmn,psmn,"2025_6_BR_TRAF_CPC_MULHERES DE 25 A 45 ANOS; INTERESSES EM EMPREENDEDORISMO, PEQUENOS NEGÓCIOS E MEI; COMPORTAMENTO VOLTADO A ENGAJAMENTO COM PERFIS DE NEGÓCIOS E INFLUENCIADORES DE GESTÃO",2025_6_BR_REELS_VIC CERIDONO REELS_ACAO_SBRAE_2025_PSMN0290,Tráfego,São Paulo,4163,"20,44",72,0,"2025-06-11-PSMN-4163-20,44-72",50440,2.5,20176
2025-06-11,Sebrae Nacional - DEBRITO,1,facebook,sbrae_2025_psmn,psmn,"2025_6_BR_TRAF_CPC_MULHERES DE 25 A 45 ANOS; INTERESSES EM EMPREENDEDORISMO, PEQUENOS NEGÓCIOS E MEI; COMPORTAMENTO VOLTADO A ENGAJAMENTO COM PERFIS DE NEGÓCIOS E INFLUENCIADORES DE GESTÃO",2025_6_BR_STORIES_GABRIELA BAILAS STORIES_ACAO_SBRAE_2025_PSMN0292,Tráfego,São Paulo,20747,"258,85",1286,0,"2025-06-11-PSMN-20747-258,85-1286",50440,2.5,20176
2025-06-11,Sebrae Nacional - DEBRITO,1,facebook,sbrae_2025_psmn,psmn,"2025_6_BR_TRAF_CPC_MULHERES DE 25 A 45 ANOS; INTERESSES EM EMPREENDEDORISMO, PEQUENOS NEGÓCIOS E MEI; COMPORTAMENTO VOLTADO A ENGAJAMENTO COM PERFIS DE NEGÓCIOS E INFLUENCIADORES DE GESTÃO",2025_6_BR_STORIES_VIC CERIDONO STORIES_ACAO_SBRAE_2025_PSMN0291,Tráfego,São Paulo,50422,"409,49",1811,0,"2025-06-11-PSMN-50422-409,49-1811",50440,2.5,20176
2025-06-11,Sebrae Nacional - DEBRITO,1,facebook,sbrae_2025_psmn,psmn,"2025_6_BR_TRAF_CPC_MULHERES DE 25 A 45 ANOS; INTERESSES EM EMPREENDEDORISMO, PEQUENOS NEGÓCIOS E MEI; COMPORTAMENTO VOLTADO A ENGAJAMENTO COM PERFIS DE NEGÓCIOS E INFLUENCIADORES DE GESTÃO",2025_6_BR_CARD_KV_ACAO_SBRAE_2025_PSMN0293,Tráfego,Tocantins,104,"0,32",1,0,"2025-06-11-PSMN-104-0,32-1",50440,2.5,20176
2025-06-11,Sebrae Nacional - DEBRITO,1,facebook,sbrae_2025_psmn,psmn,"2025_6_BR_TRAF_CPC_MULHERES DE 25 A 45 ANOS; INTERESSES EM EMPREENDEDORISMO, PEQUENOS NEGÓCIOS E MEI; COMPORTAMENTO VOLTADO A ENGAJAMENTO COM PERFIS DE NEGÓCIOS E INFLUENCIADORES DE GESTÃO",2025_6_BR_REELS_GABRIELA BAILAS REELS_ACAO_SBRAE_2025_PSMN0289,Tráfego,Tocantins,1,0,0,0,2025-06-11-PSMN-1-0-0,50440,2.5,20176
2025-06-11,Sebrae Nacional - DEBRITO,1,facebook,sbrae_2025_psmn,psmn,"2025_6_BR_TRAF_CPC_MULHERES DE 25 A 45 ANOS; INTERESSES EM EMPREENDEDORISMO, PEQUENOS NEGÓCIOS E MEI; COMPORTAMENTO VOLTADO A ENGAJAMENTO COM PERFIS DE NEGÓCIOS E INFLUENCIADORES DE GESTÃO",2025_6_BR_REELS_VIC CERIDONO REELS_ACAO_SBRAE_2025_PSMN0290,Tráfego,Tocantins,197,"0,92",4,0,"2025-06-11-PSMN-197-0,92-4",50440,2.5,20176
2025-06-11,Sebrae Nacional - DEBRITO,1,facebook,sbrae_2025_psmn,psmn,"2025_6_BR_TRAF_CPC_MULHERES DE 25 A 45 ANOS; INTERESSES EM EMPREENDEDORISMO, PEQUENOS NEGÓCIOS E MEI; COMPORTAMENTO VOLTADO A ENGAJAMENTO COM PERFIS DE NEGÓCIOS E INFLUENCIADORES DE GESTÃO",2025_6_BR_STORIES_GABRIELA BAILAS STORIES_ACAO_SBRAE_2025_PSMN0292,Tráfego,Tocantins,935,"11,39",50,0,"2025-06-11-PSMN-935-11,39-50",50440,2.5,20176
2025-06-11,Sebrae Nacional - DEBRITO,1,facebook,sbrae_2025_psmn,psmn,"2025_6_BR_TRAF_CPC_MULHERES DE 25 A 45 ANOS; INTERESSES EM EMPREENDEDORISMO, PEQUENOS NEGÓCIOS E MEI; COMPORTAMENTO VOLTADO A ENGAJAMENTO COM PERFIS DE NEGÓCIOS E INFLUENCIADORES DE GESTÃO",2025_6_BR_STORIES_VIC CERIDONO STORIES_ACAO_SBRAE_2025_PSMN0291,Tráfego,Tocantins,2465,"17,59",60,0,"2025-06-11-PSMN-2465-17,59-60",50440,2.5,20176
2025-06-11,Sebrae Nacional - DEBRITO,1,facebook,sbrae_2025_psmn,psmn,"2025_6_BR_TRAF_CPC_MULHERES DE 25 A 45 ANOS; INTERESSES EM EMPREENDEDORISMO, PEQUENOS NEGÓCIOS E MEI; COMPORTAMENTO VOLTADO A ENGAJAMENTO COM PERFIS DE NEGÓCIOS E INFLUENCIADORES DE GESTÃO",2025_6_BR_CARD_KV_ACAO_SBRAE_2025_PSMN0293,Tráfego,Não identificado,6,"0,03",2,0,"2025-06-11-PSMN-6-0,03-2",50440,2.5,20176
2025-06-11,Sebrae Nacional - DEBRITO,1,facebook,sbrae_2025_psmn,psmn,"2025_6_BR_TRAF_CPC_MULHERES DE 25 A 45 ANOS; INTERESSES EM EMPREENDEDORISMO, PEQUENOS NEGÓCIOS E MEI; COMPORTAMENTO VOLTADO A ENGAJAMENTO COM PERFIS DE NEGÓCIOS E INFLUENCIADORES DE GESTÃO",2025_6_BR_REELS_VIC CERIDONO REELS_ACAO_SBRAE_2025_PSMN0290,Tráfego,Não identificado,62,"0,27",1,0,"2025-06-11-PSMN-62-0,27-1",50440,2.5,20176
2025-06-11,Sebrae Nacional - DEBRITO,1,facebook,sbrae_2025_psmn,psmn,"2025_6_BR_TRAF_CPC_MULHERES DE 25 A 45 ANOS; INTERESSES EM EMPREENDEDORISMO, PEQUENOS NEGÓCIOS E MEI; COMPORTAMENTO VOLTADO A ENGAJAMENTO COM PERFIS DE NEGÓCIOS E INFLUENCIADORES DE GESTÃO",2025_6_BR_STORIES_GABRIELA BAILAS STORIES_ACAO_SBRAE_2025_PSMN0292,Tráfego,Não identificado,375,"4,15",21,0,"2025-06-11-PSMN-375-4,15-21",50440,2.5,20176
2025-06-11,Sebrae Nacional - DEBRITO,1,facebook,sbrae_2025_psmn,psmn,"2025_6_BR_TRAF_CPC_MULHERES DE 25 A 45 ANOS; INTERESSES EM EMPREENDEDORISMO, PEQUENOS NEGÓCIOS E MEI; COMPORTAMENTO VOLTADO A ENGAJAMENTO COM PERFIS DE NEGÓCIOS E INFLUENCIADORES DE GESTÃO",2025_6_BR_STORIES_VIC CERIDONO STORIES_ACAO_SBRAE_2025_PSMN0291,Tráfego,Não identificado,535,"4,91",17,0,"2025-06-11-PSMN-535-4,91-17",50440,2.5,20176
2025-06-12,Sebrae Nacional - DEBRITO,1,facebook,sbrae_2025_psmn,psmn,"2025_6_BR_TRAF_CPC_MULHERES DE 25 A 45 ANOS; INTERESSES EM EMPREENDEDORISMO, PEQUENOS NEGÓCIOS E MEI; COMPORTAMENTO VOLTADO A ENGAJAMENTO COM PERFIS DE NEGÓCIOS E INFLUENCIADORES DE GESTÃO",2025_6_BR_CARD_KV_ACAO_SBRAE_2025_PSMN0293,Tráfego,Acre,112,"0,32",1,0,"2025-06-12-PSMN-112-0,32-1",50440,2.5,20176
2025-06-12,Sebrae Nacional - DEBRITO,1,facebook,sbrae_2025_psmn,psmn,"2025_6_BR_TRAF_CPC_MULHERES DE 25 A 45 ANOS; INTERESSES EM EMPREENDEDORISMO, PEQUENOS NEGÓCIOS E MEI; COMPORTAMENTO VOLTADO A ENGAJAMENTO COM PERFIS DE NEGÓCIOS E INFLUENCIADORES DE GESTÃO",2025_6_BR_REELS_GABRIELA BAILAS REELS_ACAO_SBRAE_2025_PSMN0289,Tráfego,Acre,9,"0,08",0,0,"2025-06-12-PSMN-9-0,08-0",50440,2.5,20176
2025-06-12,Sebrae Nacional - DEBRITO,1,facebook,sbrae_2025_psmn,psmn,"2025_6_BR_TRAF_CPC_MULHERES DE 25 A 45 ANOS; INTERESSES EM EMPREENDEDORISMO, PEQUENOS NEGÓCIOS E MEI; COMPORTAMENTO VOLTADO A ENGAJAMENTO COM PERFIS DE NEGÓCIOS E INFLUENCIADORES DE GESTÃO",2025_6_BR_REELS_VIC CERIDONO REELS_ACAO_SBRAE_2025_PSMN0290,Tráfego,Acre,268,"1,19",10,0,"2025-06-12-PSMN-268-1,19-10",50440,2.5,20176
2025-06-12,Sebrae Nacional - DEBRITO,1,facebook,sbrae_2025_psmn,psmn,"2025_6_BR_TRAF_CPC_MULHERES DE 25 A 45 ANOS; INTERESSES EM EMPREENDEDORISMO, PEQUENOS NEGÓCIOS E MEI; COMPORTAMENTO VOLTADO A ENGAJAMENTO COM PERFIS DE NEGÓCIOS E INFLUENCIADORES DE GESTÃO",2025_6_BR_STORIES_GABRIELA BAILAS STORIES_ACAO_SBRAE_2025_PSMN0292,Tráfego,Acre,519,"5,16",32,0,"2025-06-12-PSMN-519-5,16-32",50440,2.5,20176
2025-06-12,Sebrae Nacional - DEBRITO,1,facebook,sbrae_2025_psmn,psmn,"2025_6_BR_TRAF_CPC_MULHERES DE 25 A 45 ANOS; INTERESSES EM EMPREENDEDORISMO, PEQUENOS NEGÓCIOS E MEI; COMPORTAMENTO VOLTADO A ENGAJAMENTO COM PERFIS DE NEGÓCIOS E INFLUENCIADORES DE GESTÃO",2025_6_BR_STORIES_VIC CERIDONO STORIES_ACAO_SBRAE_2025_PSMN0291,Tráfego,Acre,1399,"8,39",50,0,"2025-06-12-PSMN-1399-8,39-50",50440,2.5,20176
2025-06-12,Sebrae Nacional - DEBRITO,1,facebook,sbrae_2025_psmn,psmn,"2025_6_BR_TRAF_CPC_MULHERES DE 25 A 45 ANOS; INTERESSES EM EMPREENDEDORISMO, PEQUENOS NEGÓCIOS E MEI; COMPORTAMENTO VOLTADO A ENGAJAMENTO COM PERFIS DE NEGÓCIOS E INFLUENCIADORES DE GESTÃO",2025_6_BR_CARD_KV_ACAO_SBRAE_2025_PSMN0293,Tráfego,Alagoas,753,"2,16",11,0,"2025-06-12-PSMN-753-2,16-11",50440,2.5,20176
2025-06-12,Sebrae Nacional - DEBRITO,1,facebook,sbrae_2025_psmn,psmn,"2025_6_BR_TRAF_CPC_MULHERES DE 25 A 45 ANOS; INTERESSES EM EMPREENDEDORISMO, PEQUENOS NEGÓCIOS E MEI; COMPORTAMENTO VOLTADO A ENGAJAMENTO COM PERFIS DE NEGÓCIOS E INFLUENCIADORES DE GESTÃO",2025_6_BR_REELS_GABRIELA BAILAS REELS_ACAO_SBRAE_2025_PSMN0289,Tráfego,Alagoas,29,"0,24",1,0,"2025-06-12-PSMN-29-0,24-1",50440,2.5,20176
2025-06-12,Sebrae Nacional - DEBRITO,1,facebook,sbrae_2025_psmn,psmn,"2025_6_BR_TRAF_CPC_MULHERES DE 25 A 45 ANOS; INTERESSES EM EMPREENDEDORISMO, PEQUENOS NEGÓCIOS E MEI; COMPORTAMENTO VOLTADO A ENGAJAMENTO COM PERFIS DE NEGÓCIOS E INFLUENCIADORES DE GESTÃO",2025_6_BR_REELS_VIC CERIDONO REELS_ACAO_SBRAE_2025_PSMN0290,Tráfego,Alagoas,1325,"8,54",39,0,"2025-06-12-PSMN-1325-8,54-39",50440,2.5,20176
2025-06-12,Sebrae Nacional - DEBRITO,1,facebook,sbrae_2025_psmn,psmn,"2025_6_BR_TRAF_CPC_MULHERES DE 25 A 45 ANOS; INTERESSES EM EMPREENDEDORISMO, PEQUENOS NEGÓCIOS E MEI; COMPORTAMENTO VOLTADO A ENGAJAMENTO COM PERFIS DE NEGÓCIOS E INFLUENCIADORES DE GESTÃO",2025_6_BR_STORIES_GABRIELA BAILAS STORIES_ACAO_SBRAE_2025_PSMN0292,Tráfego,Alagoas,4178,"41,41",203,0,"2025-06-12-PSMN-4178-41,41-203",50440,2.5,20176
2025-06-12,Sebrae Nacional - DEBRITO,1,facebook,sbrae_2025_psmn,psmn,"2025_6_BR_TRAF_CPC_MULHERES DE 25 A 45 ANOS; INTERESSES EM EMPREENDEDORISMO, PEQUENOS NEGÓCIOS E MEI; COMPORTAMENTO VOLTADO A ENGAJAMENTO COM PERFIS DE NEGÓCIOS E INFLUENCIADORES DE GESTÃO",2025_6_BR_STORIES_VIC CERIDONO STORIES_ACAO_SBRAE_2025_PSMN0291,Tráfego,Alagoas,7080,"50,59",221,0,"2025-06-12-PSMN-7080-50,59-221",50440,2.5,20176
2025-06-12,Sebrae Nacional - DEBRITO,1,facebook,sbrae_2025_psmn,psmn,"2025_6_BR_TRAF_CPC_MULHERES DE 25 A 45 ANOS; INTERESSES EM EMPREENDEDORISMO, PEQUENOS NEGÓCIOS E MEI; COMPORTAMENTO VOLTADO A ENGAJAMENTO COM PERFIS DE NEGÓCIOS E INFLUENCIADORES DE GESTÃO",2025_6_BR_CARD_KV_ACAO_SBRAE_2025_PSMN0293,Tráfego,Amapá,118,"0,38",0,0,"2025-06-12-PSMN-118-0,38-0",50440,2.5,20176
2025-06-12,Sebrae Nacional - DEBRITO,1,facebook,sbrae_2025_psmn,psmn,"2025_6_BR_TRAF_CPC_MULHERES DE 25 A 45 ANOS; INTERESSES EM EMPREENDEDORISMO, PEQUENOS NEGÓCIOS E MEI; COMPORTAMENTO VOLTADO A ENGAJAMENTO COM PERFIS DE NEGÓCIOS E INFLUENCIADORES DE GESTÃO",2025_6_BR_REELS_GABRIELA BAILAS REELS_ACAO_SBRAE_2025_PSMN0289,Tráfego,Amapá,2,"0,01",0,0,"2025-06-12-PSMN-2-0,01-0",50440,2.5,20176
2025-06-12,Sebrae Nacional - DEBRITO,1,facebook,sbrae_2025_psmn,psmn,"2025_6_BR_TRAF_CPC_MULHERES DE 25 A 45 ANOS; INTERESSES EM EMPREENDEDORISMO, PEQUENOS NEGÓCIOS E MEI; COMPORTAMENTO VOLTADO A ENGAJAMENTO COM PERFIS DE NEGÓCIOS E INFLUENCIADORES DE GESTÃO",2025_6_BR_REELS_VIC CERIDONO REELS_ACAO_SBRAE_2025_PSMN0290,Tráfego,Amapá,240,"1,19",5,0,"2025-06-12-PSMN-240-1,19-5",50440,2.5,20176
2025-06-12,Sebrae Nacional - DEBRITO,1,facebook,sbrae_2025_psmn,psmn,"2025_6_BR_TRAF_CPC_MULHERES DE 25 A 45 ANOS; INTERESSES EM EMPREENDEDORISMO, PEQUENOS NEGÓCIOS E MEI; COMPORTAMENTO VOLTADO A ENGAJAMENTO COM PERFIS DE NEGÓCIOS E INFLUENCIADORES DE GESTÃO",2025_6_BR_STORIES_GABRIELA BAILAS STORIES_ACAO_SBRAE_2025_PSMN0292,Tráfego,Amapá,639,"6,31",31,0,"2025-06-12-PSMN-639-6,31-31",50440,2.5,20176
2025-06-12,Sebrae Nacional - DEBRITO,1,facebook,sbrae_2025_psmn,psmn,"2025_6_BR_TRAF_CPC_MULHERES DE 25 A 45 ANOS; INTERESSES EM EMPREENDEDORISMO, PEQUENOS NEGÓCIOS E MEI; COMPORTAMENTO VOLTADO A ENGAJAMENTO COM PERFIS DE NEGÓCIOS E INFLUENCIADORES DE GESTÃO",2025_6_BR_STORIES_VIC CERIDONO STORIES_ACAO_SBRAE_2025_PSMN0291,Tráfego,Amapá,1488,"8,75",58,0,"2025-06-12-PSMN-1488-8,75-58",50440,2.5,20176
2025-06-12,Sebrae Nacional - DEBRITO,1,facebook,sbrae_2025_psmn,psmn,"2025_6_BR_TRAF_CPC_MULHERES DE 25 A 45 ANOS; INTERESSES EM EMPREENDEDORISMO, PEQUENOS NEGÓCIOS E MEI; COMPORTAMENTO VOLTADO A ENGAJAMENTO COM PERFIS DE NEGÓCIOS E INFLUENCIADORES DE GESTÃO",2025_6_BR_CARD_KV_ACAO_SBRAE_2025_PSMN0293,Tráfego,Amazonas,339,"1,41",3,0,"2025-06-12-PSMN-339-1,41-3",50440,2.5,20176
2025-06-12,Sebrae Nacional - DEBRITO,1,facebook,sbrae_2025_psmn,psmn,"2025_6_BR_TRAF_CPC_MULHERES DE 25 A 45 ANOS; INTERESSES EM EMPREENDEDORISMO, PEQUENOS NEGÓCIOS E MEI; COMPORTAMENTO VOLTADO A ENGAJAMENTO COM PERFIS DE NEGÓCIOS E INFLUENCIADORES DE GESTÃO",2025_6_BR_REELS_GABRIELA BAILAS REELS_ACAO_SBRAE_2025_PSMN0289,Tráfego,Amazonas,9,"0,06",0,0,"2025-06-12-PSMN-9-0,06-0",50440,2.5,20176
2025-06-12,Sebrae Nacional - DEBRITO,1,facebook,sbrae_2025_psmn,psmn,"2025_6_BR_TRAF_CPC_MULHERES DE 25 A 45 ANOS; INTERESSES EM EMPREENDEDORISMO, PEQUENOS NEGÓCIOS E MEI; COMPORTAMENTO VOLTADO A ENGAJAMENTO COM PERFIS DE NEGÓCIOS E INFLUENCIADORES DE GESTÃO",2025_6_BR_REELS_VIC CERIDONO REELS_ACAO_SBRAE_2025_PSMN0290,Tráfego,Amazonas,1171,"8,17",22,0,"2025-06-12-PSMN-1171-8,17-22",50440,2.5,20176
2025-06-12,Sebrae Nacional - DEBRITO,1,facebook,sbrae_2025_psmn,psmn,"2025_6_BR_TRAF_CPC_MULHERES DE 25 A 45 ANOS; INTERESSES EM EMPREENDEDORISMO, PEQUENOS NEGÓCIOS E MEI; COMPORTAMENTO VOLTADO A ENGAJAMENTO COM PERFIS DE NEGÓCIOS E INFLUENCIADORES DE GESTÃO",2025_6_BR_STORIES_GABRIELA BAILAS STORIES_ACAO_SBRAE_2025_PSMN0292,Tráfego,Amazonas,2666,"26,38",104,0,"2025-06-12-PSMN-2666-26,38-104",50440,2.5,20176
2025-06-12,Sebrae Nacional - DEBRITO,1,facebook,sbrae_2025_psmn,psmn,"2025_6_BR_TRAF_CPC_MULHERES DE 25 A 45 ANOS; INTERESSES EM EMPREENDEDORISMO, PEQUENOS NEGÓCIOS E MEI; COMPORTAMENTO VOLTADO A ENGAJAMENTO COM PERFIS DE NEGÓCIOS E INFLUENCIADORES DE GESTÃO",2025_6_BR_STORIES_VIC CERIDONO STORIES_ACAO_SBRAE_2025_PSMN0291,Tráfego,Amazonas,7536,"47,66",219,0,"2025-06-12-PSMN-7536-47,66-219",50440,2.5,20176
2025-06-12,Sebrae Nacional - DEBRITO,1,facebook,sbrae_2025_psmn,psmn,"2025_6_BR_TRAF_CPC_MULHERES DE 25 A 45 ANOS; INTERESSES EM EMPREENDEDORISMO, PEQUENOS NEGÓCIOS E MEI; COMPORTAMENTO VOLTADO A ENGAJAMENTO COM PERFIS DE NEGÓCIOS E INFLUENCIADORES DE GESTÃO",2025_6_BR_CARD_KV_ACAO_SBRAE_2025_PSMN0293,Tráfego,Bahia,2996,"9,38",27,0,"2025-06-12-PSMN-2996-9,38-27",50440,2.5,20176
2025-06-12,Sebrae Nacional - DEBRITO,1,facebook,sbrae_2025_psmn,psmn,"2025_6_BR_TRAF_CPC_MULHERES DE 25 A 45 ANOS; INTERESSES EM EMPREENDEDORISMO, PEQUENOS NEGÓCIOS E MEI; COMPORTAMENTO VOLTADO A ENGAJAMENTO COM PERFIS DE NEGÓCIOS E INFLUENCIADORES DE GESTÃO",2025_6_BR_REELS_GABRIELA BAILAS REELS_ACAO_SBRAE_2025_PSMN0289,Tráfego,Bahia,94,"0,68",0,0,"2025-06-12-PSMN-94-0,68-0",50440,2.5,20176
2025-06-12,Sebrae Nacional - DEBRITO,1,facebook,sbrae_2025_psmn,psmn,"2025_6_BR_TRAF_CPC_MULHERES DE 25 A 45 ANOS; INTERESSES EM EMPREENDEDORISMO, PEQUENOS NEGÓCIOS E MEI; COMPORTAMENTO VOLTADO A ENGAJAMENTO COM PERFIS DE NEGÓCIOS E INFLUENCIADORES DE GESTÃO",2025_6_BR_REELS_VIC CERIDONO REELS_ACAO_SBRAE_2025_PSMN0290,Tráfego,Bahia,4826,"30,54",110,0,"2025-06-12-PSMN-4826-30,54-110",50440,2.5,20176
2025-06-12,Sebrae Nacional - DEBRITO,1,facebook,sbrae_2025_psmn,psmn,"2025_6_BR_TRAF_CPC_MULHERES DE 25 A 45 ANOS; INTERESSES EM EMPREENDEDORISMO, PEQUENOS NEGÓCIOS E MEI; COMPORTAMENTO VOLTADO A ENGAJAMENTO COM PERFIS DE NEGÓCIOS E INFLUENCIADORES DE GESTÃO",2025_6_BR_STORIES_GABRIELA BAILAS STORIES_ACAO_SBRAE_2025_PSMN0292,Tráfego,Bahia,16870,"171,61",938,0,"2025-06-12-PSMN-16870-171,61-938",50440,2.5,20176
2025-06-12,Sebrae Nacional - DEBRITO,1,facebook,sbrae_2025_psmn,psmn,"2025_6_BR_TRAF_CPC_MULHERES DE 25 A 45 ANOS; INTERESSES EM EMPREENDEDORISMO, PEQUENOS NEGÓCIOS E MEI; COMPORTAMENTO VOLTADO A ENGAJAMENTO COM PERFIS DE NEGÓCIOS E INFLUENCIADORES DE GESTÃO",2025_6_BR_STORIES_VIC CERIDONO STORIES_ACAO_SBRAE_2025_PSMN0291,Tráfego,Bahia,29310,"205,92",851,0,"2025-06-12-PSMN-29310-205,92-851",50440,2.5,20176
2025-06-12,Sebrae Nacional - DEBRITO,1,facebook,sbrae_2025_psmn,psmn,"2025_6_BR_TRAF_CPC_MULHERES DE 25 A 45 ANOS; INTERESSES EM EMPREENDEDORISMO, PEQUENOS NEGÓCIOS E MEI; COMPORTAMENTO VOLTADO A ENGAJAMENTO COM PERFIS DE NEGÓCIOS E INFLUENCIADORES DE GESTÃO",2025_6_BR_CARD_KV_ACAO_SBRAE_2025_PSMN0293,Tráfego,Ceará,2207,"6,16",19,0,"2025-06-12-PSMN-2207-6,16-19",50440,2.5,20176
2025-06-12,Sebrae Nacional - DEBRITO,1,facebook,sbrae_2025_psmn,psmn,"2025_6_BR_TRAF_CPC_MULHERES DE 25 A 45 ANOS; INTERESSES EM EMPREENDEDORISMO, PEQUENOS NEGÓCIOS E MEI; COMPORTAMENTO VOLTADO A ENGAJAMENTO COM PERFIS DE NEGÓCIOS E INFLUENCIADORES DE GESTÃO",2025_6_BR_REELS_GABRIELA BAILAS REELS_ACAO_SBRAE_2025_PSMN0289,Tráfego,Ceará,105,"0,89",4,0,"2025-06-12-PSMN-105-0,89-4",50440,2.5,20176
2025-06-12,Sebrae Nacional - DEBRITO,1,facebook,sbrae_2025_psmn,psmn,"2025_6_BR_TRAF_CPC_MULHERES DE 25 A 45 ANOS; INTERESSES EM EMPREENDEDORISMO, PEQUENOS NEGÓCIOS E MEI; COMPORTAMENTO VOLTADO A ENGAJAMENTO COM PERFIS DE NEGÓCIOS E INFLUENCIADORES DE GESTÃO",2025_6_BR_REELS_VIC CERIDONO REELS_ACAO_SBRAE_2025_PSMN0290,Tráfego,Ceará,6060,"39,32",165,0,"2025-06-12-PSMN-6060-39,32-165",50440,2.5,20176
2025-06-12,Sebrae Nacional - DEBRITO,1,facebook,sbrae_2025_psmn,psmn,"2025_6_BR_TRAF_CPC_MULHERES DE 25 A 45 ANOS; INTERESSES EM EMPREENDEDORISMO, PEQUENOS NEGÓCIOS E MEI; COMPORTAMENTO VOLTADO A ENGAJAMENTO COM PERFIS DE NEGÓCIOS E INFLUENCIADORES DE GESTÃO",2025_6_BR_STORIES_GABRIELA BAILAS STORIES_ACAO_SBRAE_2025_PSMN0292,Tráfego,Ceará,19115,"182,87",867,0,"2025-06-12-PSMN-19115-182,87-867",50440,2.5,20176
2025-06-12,Sebrae Nacional - DEBRITO,1,facebook,sbrae_2025_psmn,psmn,"2025_6_BR_TRAF_CPC_MULHERES DE 25 A 45 ANOS; INTERESSES EM EMPREENDEDORISMO, PEQUENOS NEGÓCIOS E MEI; COMPORTAMENTO VOLTADO A ENGAJAMENTO COM PERFIS DE NEGÓCIOS E INFLUENCIADORES DE GESTÃO",2025_6_BR_STORIES_VIC CERIDONO STORIES_ACAO_SBRAE_2025_PSMN0291,Tráfego,Ceará,27587,"189,37",829,0,"2025-06-12-PSMN-27587-189,37-829",50440,2.5,20176
2025-06-12,Sebrae Nacional - DEBRITO,1,facebook,sbrae_2025_psmn,psmn,"2025_6_BR_TRAF_CPC_MULHERES DE 25 A 45 ANOS; INTERESSES EM EMPREENDEDORISMO, PEQUENOS NEGÓCIOS E MEI; COMPORTAMENTO VOLTADO A ENGAJAMENTO COM PERFIS DE NEGÓCIOS E INFLUENCIADORES DE GESTÃO",2025_6_BR_CARD_KV_ACAO_SBRAE_2025_PSMN0293,Tráfego,Espírito Santo,301,"1,1",1,0,"2025-06-12-PSMN-301-1,1-1",50440,2.5,20176
2025-06-12,Sebrae Nacional - DEBRITO,1,facebook,sbrae_2025_psmn,psmn,"2025_6_BR_TRAF_CPC_MULHERES DE 25 A 45 ANOS; INTERESSES EM EMPREENDEDORISMO, PEQUENOS NEGÓCIOS E MEI; COMPORTAMENTO VOLTADO A ENGAJAMENTO COM PERFIS DE NEGÓCIOS E INFLUENCIADORES DE GESTÃO",2025_6_BR_REELS_GABRIELA BAILAS REELS_ACAO_SBRAE_2025_PSMN0289,Tráfego,Espírito Santo,15,"0,18",0,0,"2025-06-12-PSMN-15-0,18-0",50440,2.5,20176
2025-06-12,Sebrae Nacional - DEBRITO,1,facebook,sbrae_2025_psmn,psmn,"2025_6_BR_TRAF_CPC_MULHERES DE 25 A 45 ANOS; INTERESSES EM EMPREENDEDORISMO, PEQUENOS NEGÓCIOS E MEI; COMPORTAMENTO VOLTADO A ENGAJAMENTO COM PERFIS DE NEGÓCIOS E INFLUENCIADORES DE GESTÃO",2025_6_BR_REELS_VIC CERIDONO REELS_ACAO_SBRAE_2025_PSMN0290,Tráfego,Espírito Santo,983,"5,85",21,0,"2025-06-12-PSMN-983-5,85-21",50440,2.5,20176
2025-06-12,Sebrae Nacional - DEBRITO,1,facebook,sbrae_2025_psmn,psmn,"2025_6_BR_TRAF_CPC_MULHERES DE 25 A 45 ANOS; INTERESSES EM EMPREENDEDORISMO, PEQUENOS NEGÓCIOS E MEI; COMPORTAMENTO VOLTADO A ENGAJAMENTO COM PERFIS DE NEGÓCIOS E INFLUENCIADORES DE GESTÃO",2025_6_BR_STORIES_GABRIELA BAILAS STORIES_ACAO_SBRAE_2025_PSMN0292,Tráfego,Espírito Santo,3275,"36,79",186,0,"2025-06-12-PSMN-3275-36,79-186",50440,2.5,20176
2025-06-12,Sebrae Nacional - DEBRITO,1,facebook,sbrae_2025_psmn,psmn,"2025_6_BR_TRAF_CPC_MULHERES DE 25 A 45 ANOS; INTERESSES EM EMPREENDEDORISMO, PEQUENOS NEGÓCIOS E MEI; COMPORTAMENTO VOLTADO A ENGAJAMENTO COM PERFIS DE NEGÓCIOS E INFLUENCIADORES DE GESTÃO",2025_6_BR_STORIES_VIC CERIDONO STORIES_ACAO_SBRAE_2025_PSMN0291,Tráfego,Espírito Santo,7614,"57,86",275,0,"2025-06-12-PSMN-7614-57,86-275",50440,2.5,20176
2025-06-12,Sebrae Nacional - DEBRITO,1,facebook,sbrae_2025_psmn,psmn,"2025_6_BR_TRAF_CPC_MULHERES DE 25 A 45 ANOS; INTERESSES EM EMPREENDEDORISMO, PEQUENOS NEGÓCIOS E MEI; COMPORTAMENTO VOLTADO A ENGAJAMENTO COM PERFIS DE NEGÓCIOS E INFLUENCIADORES DE GESTÃO",2025_6_BR_CARD_KV_ACAO_SBRAE_2025_PSMN0293,Tráfego,Distrito Federal,147,"0,71",0,0,"2025-06-12-PSMN-147-0,71-0",50440,2.5,20176
2025-06-12,Sebrae Nacional - DEBRITO,1,facebook,sbrae_2025_psmn,psmn,"2025_6_BR_TRAF_CPC_MULHERES DE 25 A 45 ANOS; INTERESSES EM EMPREENDEDORISMO, PEQUENOS NEGÓCIOS E MEI; COMPORTAMENTO VOLTADO A ENGAJAMENTO COM PERFIS DE NEGÓCIOS E INFLUENCIADORES DE GESTÃO",2025_6_BR_REELS_GABRIELA BAILAS REELS_ACAO_SBRAE_2025_PSMN0289,Tráfego,Distrito Federal,16,"0,13",1,0,"2025-06-12-PSMN-16-0,13-1",50440,2.5,20176
2025-06-12,Sebrae Nacional - DEBRITO,1,facebook,sbrae_2025_psmn,psmn,"2025_6_BR_TRAF_CPC_MULHERES DE 25 A 45 ANOS; INTERESSES EM EMPREENDEDORISMO, PEQUENOS NEGÓCIOS E MEI; COMPORTAMENTO VOLTADO A ENGAJAMENTO COM PERFIS DE NEGÓCIOS E INFLUENCIADORES DE GESTÃO",2025_6_BR_REELS_VIC CERIDONO REELS_ACAO_SBRAE_2025_PSMN0290,Tráfego,Distrito Federal,392,"2,41",12,0,"2025-06-12-PSMN-392-2,41-12",50440,2.5,20176
2025-06-12,Sebrae Nacional - DEBRITO,1,facebook,sbrae_2025_psmn,psmn,"2025_6_BR_TRAF_CPC_MULHERES DE 25 A 45 ANOS; INTERESSES EM EMPREENDEDORISMO, PEQUENOS NEGÓCIOS E MEI; COMPORTAMENTO VOLTADO A ENGAJAMENTO COM PERFIS DE NEGÓCIOS E INFLUENCIADORES DE GESTÃO",2025_6_BR_STORIES_GABRIELA BAILAS STORIES_ACAO_SBRAE_2025_PSMN0292,Tráfego,Distrito Federal,945,"11,72",45,0,"2025-06-12-PSMN-945-11,72-45",50440,2.5,20176
2025-06-12,Sebrae Nacional - DEBRITO,1,facebook,sbrae_2025_psmn,psmn,"2025_6_BR_TRAF_CPC_MULHERES DE 25 A 45 ANOS; INTERESSES EM EMPREENDEDORISMO, PEQUENOS NEGÓCIOS E MEI; COMPORTAMENTO VOLTADO A ENGAJAMENTO COM PERFIS DE NEGÓCIOS E INFLUENCIADORES DE GESTÃO",2025_6_BR_STORIES_VIC CERIDONO STORIES_ACAO_SBRAE_2025_PSMN0291,Tráfego,Distrito Federal,3747,"26,89",117,0,"2025-06-12-PSMN-3747-26,89-117",50440,2.5,20176
2025-06-12,Sebrae Nacional - DEBRITO,1,facebook,sbrae_2025_psmn,psmn,"2025_6_BR_TRAF_CPC_MULHERES DE 25 A 45 ANOS; INTERESSES EM EMPREENDEDORISMO, PEQUENOS NEGÓCIOS E MEI; COMPORTAMENTO VOLTADO A ENGAJAMENTO COM PERFIS DE NEGÓCIOS E INFLUENCIADORES DE GESTÃO",2025_6_BR_CARD_KV_ACAO_SBRAE_2025_PSMN0293,Tráfego,Goiás,615,"2,12",9,0,"2025-06-12-PSMN-615-2,12-9",50440,2.5,20176
2025-06-12,Sebrae Nacional - DEBRITO,1,facebook,sbrae_2025_psmn,psmn,"2025_6_BR_TRAF_CPC_MULHERES DE 25 A 45 ANOS; INTERESSES EM EMPREENDEDORISMO, PEQUENOS NEGÓCIOS E MEI; COMPORTAMENTO VOLTADO A ENGAJAMENTO COM PERFIS DE NEGÓCIOS E INFLUENCIADORES DE GESTÃO",2025_6_BR_REELS_GABRIELA BAILAS REELS_ACAO_SBRAE_2025_PSMN0289,Tráfego,Goiás,24,"0,21",1,0,"2025-06-12-PSMN-24-0,21-1",50440,2.5,20176
2025-06-12,Sebrae Nacional - DEBRITO,1,facebook,sbrae_2025_psmn,psmn,"2025_6_BR_TRAF_CPC_MULHERES DE 25 A 45 ANOS; INTERESSES EM EMPREENDEDORISMO, PEQUENOS NEGÓCIOS E MEI; COMPORTAMENTO VOLTADO A ENGAJAMENTO COM PERFIS DE NEGÓCIOS E INFLUENCIADORES DE GESTÃO",2025_6_BR_REELS_VIC CERIDONO REELS_ACAO_SBRAE_2025_PSMN0290,Tráfego,Goiás,2154,"14,52",37,0,"2025-06-12-PSMN-2154-14,52-37",50440,2.5,20176
2025-06-12,Sebrae Nacional - DEBRITO,1,facebook,sbrae_2025_psmn,psmn,"2025_6_BR_TRAF_CPC_MULHERES DE 25 A 45 ANOS; INTERESSES EM EMPREENDEDORISMO, PEQUENOS NEGÓCIOS E MEI; COMPORTAMENTO VOLTADO A ENGAJAMENTO COM PERFIS DE NEGÓCIOS E INFLUENCIADORES DE GESTÃO",2025_6_BR_STORIES_GABRIELA BAILAS STORIES_ACAO_SBRAE_2025_PSMN0292,Tráfego,Goiás,5017,"56,98",249,0,"2025-06-12-PSMN-5017-56,98-249",50440,2.5,20176
2025-06-12,Sebrae Nacional - DEBRITO,1,facebook,sbrae_2025_psmn,psmn,"2025_6_BR_TRAF_CPC_MULHERES DE 25 A 45 ANOS; INTERESSES EM EMPREENDEDORISMO, PEQUENOS NEGÓCIOS E MEI; COMPORTAMENTO VOLTADO A ENGAJAMENTO COM PERFIS DE NEGÓCIOS E INFLUENCIADORES DE GESTÃO",2025_6_BR_STORIES_VIC CERIDONO STORIES_ACAO_SBRAE_2025_PSMN0291,Tráfego,Goiás,15915,"110,11",488,0,"2025-06-12-PSMN-15915-110,11-488",50440,2.5,20176
2025-06-12,Sebrae Nacional - DEBRITO,1,facebook,sbrae_2025_psmn,psmn,"2025_6_BR_TRAF_CPC_MULHERES DE 25 A 45 ANOS; INTERESSES EM EMPREENDEDORISMO, PEQUENOS NEGÓCIOS E MEI; COMPORTAMENTO VOLTADO A ENGAJAMENTO COM PERFIS DE NEGÓCIOS E INFLUENCIADORES DE GESTÃO",2025_6_BR_CARD_KV_ACAO_SBRAE_2025_PSMN0293,Tráfego,Maranhão,1105,"3,61",16,0,"2025-06-12-PSMN-1105-3,61-16",50440,2.5,20176
2025-06-12,Sebrae Nacional - DEBRITO,1,facebook,sbrae_2025_psmn,psmn,"2025_6_BR_TRAF_CPC_MULHERES DE 25 A 45 ANOS; INTERESSES EM EMPREENDEDORISMO, PEQUENOS NEGÓCIOS E MEI; COMPORTAMENTO VOLTADO A ENGAJAMENTO COM PERFIS DE NEGÓCIOS E INFLUENCIADORES DE GESTÃO",2025_6_BR_REELS_GABRIELA BAILAS REELS_ACAO_SBRAE_2025_PSMN0289,Tráfego,Maranhão,42,"0,28",2,0,"2025-06-12-PSMN-42-0,28-2",50440,2.5,20176
2025-06-12,Sebrae Nacional - DEBRITO,1,facebook,sbrae_2025_psmn,psmn,"2025_6_BR_TRAF_CPC_MULHERES DE 25 A 45 ANOS; INTERESSES EM EMPREENDEDORISMO, PEQUENOS NEGÓCIOS E MEI; COMPORTAMENTO VOLTADO A ENGAJAMENTO COM PERFIS DE NEGÓCIOS E INFLUENCIADORES DE GESTÃO",2025_6_BR_REELS_VIC CERIDONO REELS_ACAO_SBRAE_2025_PSMN0290,Tráfego,Maranhão,2102,"12,1",43,0,"2025-06-12-PSMN-2102-12,1-43",50440,2.5,20176
2025-06-12,Sebrae Nacional - DEBRITO,1,facebook,sbrae_2025_psmn,psmn,"2025_6_BR_TRAF_CPC_MULHERES DE 25 A 45 ANOS; INTERESSES EM EMPREENDEDORISMO, PEQUENOS NEGÓCIOS E MEI; COMPORTAMENTO VOLTADO A ENGAJAMENTO COM PERFIS DE NEGÓCIOS E INFLUENCIADORES DE GESTÃO",2025_6_BR_STORIES_GABRIELA BAILAS STORIES_ACAO_SBRAE_2025_PSMN0292,Tráfego,Maranhão,5798,"64,87",323,0,"2025-06-12-PSMN-5798-64,87-323",50440,2.5,20176
2025-06-12,Sebrae Nacional - DEBRITO,1,facebook,sbrae_2025_psmn,psmn,"2025_6_BR_TRAF_CPC_MULHERES DE 25 A 45 ANOS; INTERESSES EM EMPREENDEDORISMO, PEQUENOS NEGÓCIOS E MEI; COMPORTAMENTO VOLTADO A ENGAJAMENTO COM PERFIS DE NEGÓCIOS E INFLUENCIADORES DE GESTÃO",2025_6_BR_STORIES_VIC CERIDONO STORIES_ACAO_SBRAE_2025_PSMN0291,Tráfego,Maranhão,12469,"86,24",377,0,"2025-06-12-PSMN-12469-86,24-377",50440,2.5,20176
2025-06-12,Sebrae Nacional - DEBRITO,1,facebook,sbrae_2025_psmn,psmn,"2025_6_BR_TRAF_CPC_MULHERES DE 25 A 45 ANOS; INTERESSES EM EMPREENDEDORISMO, PEQUENOS NEGÓCIOS E MEI; COMPORTAMENTO VOLTADO A ENGAJAMENTO COM PERFIS DE NEGÓCIOS E INFLUENCIADORES DE GESTÃO",2025_6_BR_CARD_KV_ACAO_SBRAE_2025_PSMN0293,Tráfego,Mato Grosso,253,"0,96",1,0,"2025-06-12-PSMN-253-0,96-1",50440,2.5,20176
2025-06-12,Sebrae Nacional - DEBRITO,1,facebook,sbrae_2025_psmn,psmn,"2025_6_BR_TRAF_CPC_MULHERES DE 25 A 45 ANOS; INTERESSES EM EMPREENDEDORISMO, PEQUENOS NEGÓCIOS E MEI; COMPORTAMENTO VOLTADO A ENGAJAMENTO COM PERFIS DE NEGÓCIOS E INFLUENCIADORES DE GESTÃO",2025_6_BR_REELS_GABRIELA BAILAS REELS_ACAO_SBRAE_2025_PSMN0289,Tráfego,Mato Grosso,9,"0,04",0,0,"2025-06-12-PSMN-9-0,04-0",50440,2.5,20176
2025-06-12,Sebrae Nacional - DEBRITO,1,facebook,sbrae_2025_psmn,psmn,"2025_6_BR_TRAF_CPC_MULHERES DE 25 A 45 ANOS; INTERESSES EM EMPREENDEDORISMO, PEQUENOS NEGÓCIOS E MEI; COMPORTAMENTO VOLTADO A ENGAJAMENTO COM PERFIS DE NEGÓCIOS E INFLUENCIADORES DE GESTÃO",2025_6_BR_REELS_VIC CERIDONO REELS_ACAO_SBRAE_2025_PSMN0290,Tráfego,Mato Grosso,852,"5,03",24,0,"2025-06-12-PSMN-852-5,03-24",50440,2.5,20176
2025-06-12,Sebrae Nacional - DEBRITO,1,facebook,sbrae_2025_psmn,psmn,"2025_6_BR_TRAF_CPC_MULHERES DE 25 A 45 ANOS; INTERESSES EM EMPREENDEDORISMO, PEQUENOS NEGÓCIOS E MEI; COMPORTAMENTO VOLTADO A ENGAJAMENTO COM PERFIS DE NEGÓCIOS E INFLUENCIADORES DE GESTÃO",2025_6_BR_STORIES_GABRIELA BAILAS STORIES_ACAO_SBRAE_2025_PSMN0292,Tráfego,Mato Grosso,2370,"24,82",124,0,"2025-06-12-PSMN-2370-24,82-124",50440,2.5,20176
2025-06-12,Sebrae Nacional - DEBRITO,1,facebook,sbrae_2025_psmn,psmn,"2025_6_BR_TRAF_CPC_MULHERES DE 25 A 45 ANOS; INTERESSES EM EMPREENDEDORISMO, PEQUENOS NEGÓCIOS E MEI; COMPORTAMENTO VOLTADO A ENGAJAMENTO COM PERFIS DE NEGÓCIOS E INFLUENCIADORES DE GESTÃO",2025_6_BR_STORIES_VIC CERIDONO STORIES_ACAO_SBRAE_2025_PSMN0291,Tráfego,Mato Grosso,6277,"42,05",204,0,"2025-06-12-PSMN-6277-42,05-204",50440,2.5,20176
2025-06-12,Sebrae Nacional - DEBRITO,1,facebook,sbrae_2025_psmn,psmn,"2025_6_BR_TRAF_CPC_MULHERES DE 25 A 45 ANOS; INTERESSES EM EMPREENDEDORISMO, PEQUENOS NEGÓCIOS E MEI; COMPORTAMENTO VOLTADO A ENGAJAMENTO COM PERFIS DE NEGÓCIOS E INFLUENCIADORES DE GESTÃO",2025_6_BR_CARD_KV_ACAO_SBRAE_2025_PSMN0293,Tráfego,Mato Grosso do Sul,252,"0,78",6,0,"2025-06-12-PSMN-252-0,78-6",50440,2.5,20176
2025-06-12,Sebrae Nacional - DEBRITO,1,facebook,sbrae_2025_psmn,psmn,"2025_6_BR_TRAF_CPC_MULHERES DE 25 A 45 ANOS; INTERESSES EM EMPREENDEDORISMO, PEQUENOS NEGÓCIOS E MEI; COMPORTAMENTO VOLTADO A ENGAJAMENTO COM PERFIS DE NEGÓCIOS E INFLUENCIADORES DE GESTÃO",2025_6_BR_REELS_GABRIELA BAILAS REELS_ACAO_SBRAE_2025_PSMN0289,Tráfego,Mato Grosso do Sul,11,"0,13",0,0,"2025-06-12-PSMN-11-0,13-0",50440,2.5,20176
2025-06-12,Sebrae Nacional - DEBRITO,1,facebook,sbrae_2025_psmn,psmn,"2025_6_BR_TRAF_CPC_MULHERES DE 25 A 45 ANOS; INTERESSES EM EMPREENDEDORISMO, PEQUENOS NEGÓCIOS E MEI; COMPORTAMENTO VOLTADO A ENGAJAMENTO COM PERFIS DE NEGÓCIOS E INFLUENCIADORES DE GESTÃO",2025_6_BR_REELS_VIC CERIDONO REELS_ACAO_SBRAE_2025_PSMN0290,Tráfego,Mato Grosso do Sul,911,"5,54",16,0,"2025-06-12-PSMN-911-5,54-16",50440,2.5,20176
2025-06-12,Sebrae Nacional - DEBRITO,1,facebook,sbrae_2025_psmn,psmn,"2025_6_BR_TRAF_CPC_MULHERES DE 25 A 45 ANOS; INTERESSES EM EMPREENDEDORISMO, PEQUENOS NEGÓCIOS E MEI; COMPORTAMENTO VOLTADO A ENGAJAMENTO COM PERFIS DE NEGÓCIOS E INFLUENCIADORES DE GESTÃO",2025_6_BR_STORIES_GABRIELA BAILAS STORIES_ACAO_SBRAE_2025_PSMN0292,Tráfego,Mato Grosso do Sul,2331,"24,95",128,0,"2025-06-12-PSMN-2331-24,95-128",50440,2.5,20176
2025-06-12,Sebrae Nacional - DEBRITO,1,facebook,sbrae_2025_psmn,psmn,"2025_6_BR_TRAF_CPC_MULHERES DE 25 A 45 ANOS; INTERESSES EM EMPREENDEDORISMO, PEQUENOS NEGÓCIOS E MEI; COMPORTAMENTO VOLTADO A ENGAJAMENTO COM PERFIS DE NEGÓCIOS E INFLUENCIADORES DE GESTÃO",2025_6_BR_STORIES_VIC CERIDONO STORIES_ACAO_SBRAE_2025_PSMN0291,Tráfego,Mato Grosso do Sul,5585,"38,25",178,0,"2025-06-12-PSMN-5585-38,25-178",50440,2.5,20176
2025-06-12,Sebrae Nacional - DEBRITO,1,facebook,sbrae_2025_psmn,psmn,"2025_6_BR_TRAF_CPC_MULHERES DE 25 A 45 ANOS; INTERESSES EM EMPREENDEDORISMO, PEQUENOS NEGÓCIOS E MEI; COMPORTAMENTO VOLTADO A ENGAJAMENTO COM PERFIS DE NEGÓCIOS E INFLUENCIADORES DE GESTÃO",2025_6_BR_CARD_KV_ACAO_SBRAE_2025_PSMN0293,Tráfego,Minas Gerais,1399,"5,19",13,0,"2025-06-12-PSMN-1399-5,19-13",50440,2.5,20176
2025-06-12,Sebrae Nacional - DEBRITO,1,facebook,sbrae_2025_psmn,psmn,"2025_6_BR_TRAF_CPC_MULHERES DE 25 A 45 ANOS; INTERESSES EM EMPREENDEDORISMO, PEQUENOS NEGÓCIOS E MEI; COMPORTAMENTO VOLTADO A ENGAJAMENTO COM PERFIS DE NEGÓCIOS E INFLUENCIADORES DE GESTÃO",2025_6_BR_REELS_GABRIELA BAILAS REELS_ACAO_SBRAE_2025_PSMN0289,Tráfego,Minas Gerais,76,"0,69",1,0,"2025-06-12-PSMN-76-0,69-1",50440,2.5,20176
2025-06-12,Sebrae Nacional - DEBRITO,1,facebook,sbrae_2025_psmn,psmn,"2025_6_BR_TRAF_CPC_MULHERES DE 25 A 45 ANOS; INTERESSES EM EMPREENDEDORISMO, PEQUENOS NEGÓCIOS E MEI; COMPORTAMENTO VOLTADO A ENGAJAMENTO COM PERFIS DE NEGÓCIOS E INFLUENCIADORES DE GESTÃO",2025_6_BR_REELS_VIC CERIDONO REELS_ACAO_SBRAE_2025_PSMN0290,Tráfego,Minas Gerais,5138,"33,8",134,0,"2025-06-12-PSMN-5138-33,8-134",50440,2.5,20176
2025-06-12,Sebrae Nacional - DEBRITO,1,facebook,sbrae_2025_psmn,psmn,"2025_6_BR_TRAF_CPC_MULHERES DE 25 A 45 ANOS; INTERESSES EM EMPREENDEDORISMO, PEQUENOS NEGÓCIOS E MEI; COMPORTAMENTO VOLTADO A ENGAJAMENTO COM PERFIS DE NEGÓCIOS E INFLUENCIADORES DE GESTÃO",2025_6_BR_STORIES_GABRIELA BAILAS STORIES_ACAO_SBRAE_2025_PSMN0292,Tráfego,Minas Gerais,17784,"198,23",962,0,"2025-06-12-PSMN-17784-198,23-962",50440,2.5,20176
2025-06-12,Sebrae Nacional - DEBRITO,1,facebook,sbrae_2025_psmn,psmn,"2025_6_BR_TRAF_CPC_MULHERES DE 25 A 45 ANOS; INTERESSES EM EMPREENDEDORISMO, PEQUENOS NEGÓCIOS E MEI; COMPORTAMENTO VOLTADO A ENGAJAMENTO COM PERFIS DE NEGÓCIOS E INFLUENCIADORES DE GESTÃO",2025_6_BR_STORIES_VIC CERIDONO STORIES_ACAO_SBRAE_2025_PSMN0291,Tráfego,Minas Gerais,35837,"266,32",1186,0,"2025-06-12-PSMN-35837-266,32-1186",50440,2.5,20176
2025-06-12,Sebrae Nacional - DEBRITO,1,facebook,sbrae_2025_psmn,psmn,"2025_6_BR_TRAF_CPC_MULHERES DE 25 A 45 ANOS; INTERESSES EM EMPREENDEDORISMO, PEQUENOS NEGÓCIOS E MEI; COMPORTAMENTO VOLTADO A ENGAJAMENTO COM PERFIS DE NEGÓCIOS E INFLUENCIADORES DE GESTÃO",2025_6_BR_CARD_KV_ACAO_SBRAE_2025_PSMN0293,Tráfego,Paraná,434,"1,46",8,0,"2025-06-12-PSMN-434-1,46-8",50440,2.5,20176
2025-06-12,Sebrae Nacional - DEBRITO,1,facebook,sbrae_2025_psmn,psmn,"2025_6_BR_TRAF_CPC_MULHERES DE 25 A 45 ANOS; INTERESSES EM EMPREENDEDORISMO, PEQUENOS NEGÓCIOS E MEI; COMPORTAMENTO VOLTADO A ENGAJAMENTO COM PERFIS DE NEGÓCIOS E INFLUENCIADORES DE GESTÃO",2025_6_BR_REELS_GABRIELA BAILAS REELS_ACAO_SBRAE_2025_PSMN0289,Tráfego,Paraná,35,"0,34",2,0,"2025-06-12-PSMN-35-0,34-2",50440,2.5,20176
2025-06-12,Sebrae Nacional - DEBRITO,1,facebook,sbrae_2025_psmn,psmn,"2025_6_BR_TRAF_CPC_MULHERES DE 25 A 45 ANOS; INTERESSES EM EMPREENDEDORISMO, PEQUENOS NEGÓCIOS E MEI; COMPORTAMENTO VOLTADO A ENGAJAMENTO COM PERFIS DE NEGÓCIOS E INFLUENCIADORES DE GESTÃO",2025_6_BR_REELS_VIC CERIDONO REELS_ACAO_SBRAE_2025_PSMN0290,Tráfego,Paraná,1995,"11,64",50,0,"2025-06-12-PSMN-1995-11,64-50",50440,2.5,20176
2025-06-12,Sebrae Nacional - DEBRITO,1,facebook,sbrae_2025_psmn,psmn,"2025_6_BR_TRAF_CPC_MULHERES DE 25 A 45 ANOS; INTERESSES EM EMPREENDEDORISMO, PEQUENOS NEGÓCIOS E MEI; COMPORTAMENTO VOLTADO A ENGAJAMENTO COM PERFIS DE NEGÓCIOS E INFLUENCIADORES DE GESTÃO",2025_6_BR_STORIES_GABRIELA BAILAS STORIES_ACAO_SBRAE_2025_PSMN0292,Tráfego,Paraná,8206,"86,67",459,0,"2025-06-12-PSMN-8206-86,67-459",50440,2.5,20176
2025-06-12,Sebrae Nacional - DEBRITO,1,facebook,sbrae_2025_psmn,psmn,"2025_6_BR_TRAF_CPC_MULHERES DE 25 A 45 ANOS; INTERESSES EM EMPREENDEDORISMO, PEQUENOS NEGÓCIOS E MEI; COMPORTAMENTO VOLTADO A ENGAJAMENTO COM PERFIS DE NEGÓCIOS E INFLUENCIADORES DE GESTÃO",2025_6_BR_STORIES_VIC CERIDONO STORIES_ACAO_SBRAE_2025_PSMN0291,Tráfego,Paraná,15561,"114,02",513,0,"2025-06-12-PSMN-15561-114,02-513",50440,2.5,20176
2025-06-12,Sebrae Nacional - DEBRITO,1,facebook,sbrae_2025_psmn,psmn,"2025_6_BR_TRAF_CPC_MULHERES DE 25 A 45 ANOS; INTERESSES EM EMPREENDEDORISMO, PEQUENOS NEGÓCIOS E MEI; COMPORTAMENTO VOLTADO A ENGAJAMENTO COM PERFIS DE NEGÓCIOS E INFLUENCIADORES DE GESTÃO",2025_6_BR_CARD_KV_ACAO_SBRAE_2025_PSMN0293,Tráfego,Paraíba,1120,"3,81",15,0,"2025-06-12-PSMN-1120-3,81-15",50440,2.5,20176
2025-06-12,Sebrae Nacional - DEBRITO,1,facebook,sbrae_2025_psmn,psmn,"2025_6_BR_TRAF_CPC_MULHERES DE 25 A 45 ANOS; INTERESSES EM EMPREENDEDORISMO, PEQUENOS NEGÓCIOS E MEI; COMPORTAMENTO VOLTADO A ENGAJAMENTO COM PERFIS DE NEGÓCIOS E INFLUENCIADORES DE GESTÃO",2025_6_BR_REELS_GABRIELA BAILAS REELS_ACAO_SBRAE_2025_PSMN0289,Tráfego,Paraíba,50,"0,38",0,0,"2025-06-12-PSMN-50-0,38-0",50440,2.5,20176
2025-06-12,Sebrae Nacional - DEBRITO,1,facebook,sbrae_2025_psmn,psmn,"2025_6_BR_TRAF_CPC_MULHERES DE 25 A 45 ANOS; INTERESSES EM EMPREENDEDORISMO, PEQUENOS NEGÓCIOS E MEI; COMPORTAMENTO VOLTADO A ENGAJAMENTO COM PERFIS DE NEGÓCIOS E INFLUENCIADORES DE GESTÃO",2025_6_BR_REELS_VIC CERIDONO REELS_ACAO_SBRAE_2025_PSMN0290,Tráfego,Paraíba,3027,"19,18",67,0,"2025-06-12-PSMN-3027-19,18-67",50440,2.5,20176
2025-06-12,Sebrae Nacional - DEBRITO,1,facebook,sbrae_2025_psmn,psmn,"2025_6_BR_TRAF_CPC_MULHERES DE 25 A 45 ANOS; INTERESSES EM EMPREENDEDORISMO, PEQUENOS NEGÓCIOS E MEI; COMPORTAMENTO VOLTADO A ENGAJAMENTO COM PERFIS DE NEGÓCIOS E INFLUENCIADORES DE GESTÃO",2025_6_BR_STORIES_GABRIELA BAILAS STORIES_ACAO_SBRAE_2025_PSMN0292,Tráfego,Paraíba,9725,"89,53",416,0,"2025-06-12-PSMN-9725-89,53-416",50440,2.5,20176
2025-06-12,Sebrae Nacional - DEBRITO,1,facebook,sbrae_2025_psmn,psmn,"2025_6_BR_TRAF_CPC_MULHERES DE 25 A 45 ANOS; INTERESSES EM EMPREENDEDORISMO, PEQUENOS NEGÓCIOS E MEI; COMPORTAMENTO VOLTADO A ENGAJAMENTO COM PERFIS DE NEGÓCIOS E INFLUENCIADORES DE GESTÃO",2025_6_BR_STORIES_VIC CERIDONO STORIES_ACAO_SBRAE_2025_PSMN0291,Tráfego,Paraíba,13201,"89,74",361,0,"2025-06-12-PSMN-13201-89,74-361",50440,2.5,20176
2025-06-12,Sebrae Nacional - DEBRITO,1,facebook,sbrae_2025_psmn,psmn,"2025_6_BR_TRAF_CPC_MULHERES DE 25 A 45 ANOS; INTERESSES EM EMPREENDEDORISMO, PEQUENOS NEGÓCIOS E MEI; COMPORTAMENTO VOLTADO A ENGAJAMENTO COM PERFIS DE NEGÓCIOS E INFLUENCIADORES DE GESTÃO",2025_6_BR_CARD_KV_ACAO_SBRAE_2025_PSMN0293,Tráfego,Pará,993,"3,42",14,0,"2025-06-12-PSMN-993-3,42-14",50440,2.5,20176
2025-06-12,Sebrae Nacional - DEBRITO,1,facebook,sbrae_2025_psmn,psmn,"2025_6_BR_TRAF_CPC_MULHERES DE 25 A 45 ANOS; INTERESSES EM EMPREENDEDORISMO, PEQUENOS NEGÓCIOS E MEI; COMPORTAMENTO VOLTADO A ENGAJAMENTO COM PERFIS DE NEGÓCIOS E INFLUENCIADORES DE GESTÃO",2025_6_BR_REELS_GABRIELA BAILAS REELS_ACAO_SBRAE_2025_PSMN0289,Tráfego,Pará,31,"0,2",0,0,"2025-06-12-PSMN-31-0,2-0",50440,2.5,20176
2025-06-12,Sebrae Nacional - DEBRITO,1,facebook,sbrae_2025_psmn,psmn,"2025_6_BR_TRAF_CPC_MULHERES DE 25 A 45 ANOS; INTERESSES EM EMPREENDEDORISMO, PEQUENOS NEGÓCIOS E MEI; COMPORTAMENTO VOLTADO A ENGAJAMENTO COM PERFIS DE NEGÓCIOS E INFLUENCIADORES DE GESTÃO",2025_6_BR_REELS_VIC CERIDONO REELS_ACAO_SBRAE_2025_PSMN0290,Tráfego,Pará,2627,"15,73",63,0,"2025-06-12-PSMN-2627-15,73-63",50440,2.5,20176
2025-06-12,Sebrae Nacional - DEBRITO,1,facebook,sbrae_2025_psmn,psmn,"2025_6_BR_TRAF_CPC_MULHERES DE 25 A 45 ANOS; INTERESSES EM EMPREENDEDORISMO, PEQUENOS NEGÓCIOS E MEI; COMPORTAMENTO VOLTADO A ENGAJAMENTO COM PERFIS DE NEGÓCIOS E INFLUENCIADORES DE GESTÃO",2025_6_BR_STORIES_GABRIELA BAILAS STORIES_ACAO_SBRAE_2025_PSMN0292,Tráfego,Pará,7073,"70,3",338,0,"2025-06-12-PSMN-7073-70,3-338",50440,2.5,20176
2025-06-12,Sebrae Nacional - DEBRITO,1,facebook,sbrae_2025_psmn,psmn,"2025_6_BR_TRAF_CPC_MULHERES DE 25 A 45 ANOS; INTERESSES EM EMPREENDEDORISMO, PEQUENOS NEGÓCIOS E MEI; COMPORTAMENTO VOLTADO A ENGAJAMENTO COM PERFIS DE NEGÓCIOS E INFLUENCIADORES DE GESTÃO",2025_6_BR_STORIES_VIC CERIDONO STORIES_ACAO_SBRAE_2025_PSMN0291,Tráfego,Pará,16126,"102,79",453,0,"2025-06-12-PSMN-16126-102,79-453",50440,2.5,20176
2025-06-12,Sebrae Nacional - DEBRITO,1,facebook,sbrae_2025_psmn,psmn,"2025_6_BR_TRAF_CPC_MULHERES DE 25 A 45 ANOS; INTERESSES EM EMPREENDEDORISMO, PEQUENOS NEGÓCIOS E MEI; COMPORTAMENTO VOLTADO A ENGAJAMENTO COM PERFIS DE NEGÓCIOS E INFLUENCIADORES DE GESTÃO",2025_6_BR_CARD_KV_ACAO_SBRAE_2025_PSMN0293,Tráfego,Pernambuco,2119,"6,67",20,0,"2025-06-12-PSMN-2119-6,67-20",50440,2.5,20176
2025-06-12,Sebrae Nacional - DEBRITO,1,facebook,sbrae_2025_psmn,psmn,"2025_6_BR_TRAF_CPC_MULHERES DE 25 A 45 ANOS; INTERESSES EM EMPREENDEDORISMO, PEQUENOS NEGÓCIOS E MEI; COMPORTAMENTO VOLTADO A ENGAJAMENTO COM PERFIS DE NEGÓCIOS E INFLUENCIADORES DE GESTÃO",2025_6_BR_REELS_GABRIELA BAILAS REELS_ACAO_SBRAE_2025_PSMN0289,Tráfego,Pernambuco,93,"0,84",2,0,"2025-06-12-PSMN-93-0,84-2",50440,2.5,20176
2025-06-12,Sebrae Nacional - DEBRITO,1,facebook,sbrae_2025_psmn,psmn,"2025_6_BR_TRAF_CPC_MULHERES DE 25 A 45 ANOS; INTERESSES EM EMPREENDEDORISMO, PEQUENOS NEGÓCIOS E MEI; COMPORTAMENTO VOLTADO A ENGAJAMENTO COM PERFIS DE NEGÓCIOS E INFLUENCIADORES DE GESTÃO",2025_6_BR_REELS_VIC CERIDONO REELS_ACAO_SBRAE_2025_PSMN0290,Tráfego,Pernambuco,4722,"29,71",103,0,"2025-06-12-PSMN-4722-29,71-103",50440,2.5,20176
2025-06-12,Sebrae Nacional - DEBRITO,1,facebook,sbrae_2025_psmn,psmn,"2025_6_BR_TRAF_CPC_MULHERES DE 25 A 45 ANOS; INTERESSES EM EMPREENDEDORISMO, PEQUENOS NEGÓCIOS E MEI; COMPORTAMENTO VOLTADO A ENGAJAMENTO COM PERFIS DE NEGÓCIOS E INFLUENCIADORES DE GESTÃO",2025_6_BR_STORIES_GABRIELA BAILAS STORIES_ACAO_SBRAE_2025_PSMN0292,Tráfego,Pernambuco,15630,"151,76",759,0,"2025-06-12-PSMN-15630-151,76-759",50440,2.5,20176
2025-06-12,Sebrae Nacional - DEBRITO,1,facebook,sbrae_2025_psmn,psmn,"2025_6_BR_TRAF_CPC_MULHERES DE 25 A 45 ANOS; INTERESSES EM EMPREENDEDORISMO, PEQUENOS NEGÓCIOS E MEI; COMPORTAMENTO VOLTADO A ENGAJAMENTO COM PERFIS DE NEGÓCIOS E INFLUENCIADORES DE GESTÃO",2025_6_BR_STORIES_VIC CERIDONO STORIES_ACAO_SBRAE_2025_PSMN0291,Tráfego,Pernambuco,24342,"169,5",675,0,"2025-06-12-PSMN-24342-169,5-675",50440,2.5,20176
2025-06-12,Sebrae Nacional - DEBRITO,1,facebook,sbrae_2025_psmn,psmn,"2025_6_BR_TRAF_CPC_MULHERES DE 25 A 45 ANOS; INTERESSES EM EMPREENDEDORISMO, PEQUENOS NEGÓCIOS E MEI; COMPORTAMENTO VOLTADO A ENGAJAMENTO COM PERFIS DE NEGÓCIOS E INFLUENCIADORES DE GESTÃO",2025_6_BR_CARD_KV_ACAO_SBRAE_2025_PSMN0293,Tráfego,Piauí,707,"2,04",5,0,"2025-06-12-PSMN-707-2,04-5",50440,2.5,20176
2025-06-12,Sebrae Nacional - DEBRITO,1,facebook,sbrae_2025_psmn,psmn,"2025_6_BR_TRAF_CPC_MULHERES DE 25 A 45 ANOS; INTERESSES EM EMPREENDEDORISMO, PEQUENOS NEGÓCIOS E MEI; COMPORTAMENTO VOLTADO A ENGAJAMENTO COM PERFIS DE NEGÓCIOS E INFLUENCIADORES DE GESTÃO",2025_6_BR_REELS_GABRIELA BAILAS REELS_ACAO_SBRAE_2025_PSMN0289,Tráfego,Piauí,28,"0,13",0,0,"2025-06-12-PSMN-28-0,13-0",50440,2.5,20176
2025-06-12,Sebrae Nacional - DEBRITO,1,facebook,sbrae_2025_psmn,psmn,"2025_6_BR_TRAF_CPC_MULHERES DE 25 A 45 ANOS; INTERESSES EM EMPREENDEDORISMO, PEQUENOS NEGÓCIOS E MEI; COMPORTAMENTO VOLTADO A ENGAJAMENTO COM PERFIS DE NEGÓCIOS E INFLUENCIADORES DE GESTÃO",2025_6_BR_REELS_VIC CERIDONO REELS_ACAO_SBRAE_2025_PSMN0290,Tráfego,Piauí,1561,"9,77",49,0,"2025-06-12-PSMN-1561-9,77-49",50440,2.5,20176
2025-06-12,Sebrae Nacional - DEBRITO,1,facebook,sbrae_2025_psmn,psmn,"2025_6_BR_TRAF_CPC_MULHERES DE 25 A 45 ANOS; INTERESSES EM EMPREENDEDORISMO, PEQUENOS NEGÓCIOS E MEI; COMPORTAMENTO VOLTADO A ENGAJAMENTO COM PERFIS DE NEGÓCIOS E INFLUENCIADORES DE GESTÃO",2025_6_BR_STORIES_GABRIELA BAILAS STORIES_ACAO_SBRAE_2025_PSMN0292,Tráfego,Piauí,5811,"57,12",319,0,"2025-06-12-PSMN-5811-57,12-319",50440,2.5,20176
2025-06-12,Sebrae Nacional - DEBRITO,1,facebook,sbrae_2025_psmn,psmn,"2025_6_BR_TRAF_CPC_MULHERES DE 25 A 45 ANOS; INTERESSES EM EMPREENDEDORISMO, PEQUENOS NEGÓCIOS E MEI; COMPORTAMENTO VOLTADO A ENGAJAMENTO COM PERFIS DE NEGÓCIOS E INFLUENCIADORES DE GESTÃO",2025_6_BR_STORIES_VIC CERIDONO STORIES_ACAO_SBRAE_2025_PSMN0291,Tráfego,Piauí,8773,"61,08",268,0,"2025-06-12-PSMN-8773-61,08-268",50440,2.5,20176
2025-06-12,Sebrae Nacional - DEBRITO,1,facebook,sbrae_2025_psmn,psmn,"2025_6_BR_TRAF_CPC_MULHERES DE 25 A 45 ANOS; INTERESSES EM EMPREENDEDORISMO, PEQUENOS NEGÓCIOS E MEI; COMPORTAMENTO VOLTADO A ENGAJAMENTO COM PERFIS DE NEGÓCIOS E INFLUENCIADORES DE GESTÃO",2025_6_BR_CARD_KV_ACAO_SBRAE_2025_PSMN0293,Tráfego,Rio Grande do Norte,945,"2,75",10,0,"2025-06-12-PSMN-945-2,75-10",50440,2.5,20176
2025-06-12,Sebrae Nacional - DEBRITO,1,facebook,sbrae_2025_psmn,psmn,"2025_6_BR_TRAF_CPC_MULHERES DE 25 A 45 ANOS; INTERESSES EM EMPREENDEDORISMO, PEQUENOS NEGÓCIOS E MEI; COMPORTAMENTO VOLTADO A ENGAJAMENTO COM PERFIS DE NEGÓCIOS E INFLUENCIADORES DE GESTÃO",2025_6_BR_REELS_GABRIELA BAILAS REELS_ACAO_SBRAE_2025_PSMN0289,Tráfego,Rio Grande do Norte,51,"0,44",5,0,"2025-06-12-PSMN-51-0,44-5",50440,2.5,20176
2025-06-12,Sebrae Nacional - DEBRITO,1,facebook,sbrae_2025_psmn,psmn,"2025_6_BR_TRAF_CPC_MULHERES DE 25 A 45 ANOS; INTERESSES EM EMPREENDEDORISMO, PEQUENOS NEGÓCIOS E MEI; COMPORTAMENTO VOLTADO A ENGAJAMENTO COM PERFIS DE NEGÓCIOS E INFLUENCIADORES DE GESTÃO",2025_6_BR_REELS_VIC CERIDONO REELS_ACAO_SBRAE_2025_PSMN0290,Tráfego,Rio Grande do Norte,2477,"16,79",66,0,"2025-06-12-PSMN-2477-16,79-66",50440,2.5,20176
2025-06-12,Sebrae Nacional - DEBRITO,1,facebook,sbrae_2025_psmn,psmn,"2025_6_BR_TRAF_CPC_MULHERES DE 25 A 45 ANOS; INTERESSES EM EMPREENDEDORISMO, PEQUENOS NEGÓCIOS E MEI; COMPORTAMENTO VOLTADO A ENGAJAMENTO COM PERFIS DE NEGÓCIOS E INFLUENCIADORES DE GESTÃO",2025_6_BR_STORIES_GABRIELA BAILAS STORIES_ACAO_SBRAE_2025_PSMN0292,Tráfego,Rio Grande do Norte,7694,"70,67",334,0,"2025-06-12-PSMN-7694-70,67-334",50440,2.5,20176
2025-06-12,Sebrae Nacional - DEBRITO,1,facebook,sbrae_2025_psmn,psmn,"2025_6_BR_TRAF_CPC_MULHERES DE 25 A 45 ANOS; INTERESSES EM EMPREENDEDORISMO, PEQUENOS NEGÓCIOS E MEI; COMPORTAMENTO VOLTADO A ENGAJAMENTO COM PERFIS DE NEGÓCIOS E INFLUENCIADORES DE GESTÃO",2025_6_BR_STORIES_VIC CERIDONO STORIES_ACAO_SBRAE_2025_PSMN0291,Tráfego,Rio Grande do Norte,11303,"78,57",364,0,"2025-06-12-PSMN-11303-78,57-364",50440,2.5,20176
2025-06-12,Sebrae Nacional - DEBRITO,1,facebook,sbrae_2025_psmn,psmn,"2025_6_BR_TRAF_CPC_MULHERES DE 25 A 45 ANOS; INTERESSES EM EMPREENDEDORISMO, PEQUENOS NEGÓCIOS E MEI; COMPORTAMENTO VOLTADO A ENGAJAMENTO COM PERFIS DE NEGÓCIOS E INFLUENCIADORES DE GESTÃO",2025_6_BR_CARD_KV_ACAO_SBRAE_2025_PSMN0293,Tráfego,Rio Grande do Sul,690,"2,08",12,0,"2025-06-12-PSMN-690-2,08-12",50440,2.5,20176
2025-06-12,Sebrae Nacional - DEBRITO,1,facebook,sbrae_2025_psmn,psmn,"2025_6_BR_TRAF_CPC_MULHERES DE 25 A 45 ANOS; INTERESSES EM EMPREENDEDORISMO, PEQUENOS NEGÓCIOS E MEI; COMPORTAMENTO VOLTADO A ENGAJAMENTO COM PERFIS DE NEGÓCIOS E INFLUENCIADORES DE GESTÃO",2025_6_BR_REELS_GABRIELA BAILAS REELS_ACAO_SBRAE_2025_PSMN0289,Tráfego,Rio Grande do Sul,70,"0,76",4,0,"2025-06-12-PSMN-70-0,76-4",50440,2.5,20176
2025-06-12,Sebrae Nacional - DEBRITO,1,facebook,sbrae_2025_psmn,psmn,"2025_6_BR_TRAF_CPC_MULHERES DE 25 A 45 ANOS; INTERESSES EM EMPREENDEDORISMO, PEQUENOS NEGÓCIOS E MEI; COMPORTAMENTO VOLTADO A ENGAJAMENTO COM PERFIS DE NEGÓCIOS E INFLUENCIADORES DE GESTÃO",2025_6_BR_REELS_VIC CERIDONO REELS_ACAO_SBRAE_2025_PSMN0290,Tráfego,Rio Grande do Sul,4076,"27,39",87,0,"2025-06-12-PSMN-4076-27,39-87",50440,2.5,20176
2025-06-12,Sebrae Nacional - DEBRITO,1,facebook,sbrae_2025_psmn,psmn,"2025_6_BR_TRAF_CPC_MULHERES DE 25 A 45 ANOS; INTERESSES EM EMPREENDEDORISMO, PEQUENOS NEGÓCIOS E MEI; COMPORTAMENTO VOLTADO A ENGAJAMENTO COM PERFIS DE NEGÓCIOS E INFLUENCIADORES DE GESTÃO",2025_6_BR_STORIES_GABRIELA BAILAS STORIES_ACAO_SBRAE_2025_PSMN0292,Tráfego,Rio Grande do Sul,15890,"148,71",792,0,"2025-06-12-PSMN-15890-148,71-792",50440,2.5,20176
2025-06-12,Sebrae Nacional - DEBRITO,1,facebook,sbrae_2025_psmn,psmn,"2025_6_BR_TRAF_CPC_MULHERES DE 25 A 45 ANOS; INTERESSES EM EMPREENDEDORISMO, PEQUENOS NEGÓCIOS E MEI; COMPORTAMENTO VOLTADO A ENGAJAMENTO COM PERFIS DE NEGÓCIOS E INFLUENCIADORES DE GESTÃO",2025_6_BR_STORIES_VIC CERIDONO STORIES_ACAO_SBRAE_2025_PSMN0291,Tráfego,Rio Grande do Sul,20862,"151,18",711,0,"2025-06-12-PSMN-20862-151,18-711",50440,2.5,20176
2025-06-12,Sebrae Nacional - DEBRITO,1,facebook,sbrae_2025_psmn,psmn,"2025_6_BR_TRAF_CPC_MULHERES DE 25 A 45 ANOS; INTERESSES EM EMPREENDEDORISMO, PEQUENOS NEGÓCIOS E MEI; COMPORTAMENTO VOLTADO A ENGAJAMENTO COM PERFIS DE NEGÓCIOS E INFLUENCIADORES DE GESTÃO",2025_6_BR_CARD_KV_ACAO_SBRAE_2025_PSMN0293,Tráfego,Rio de Janeiro,972,"3,67",15,0,"2025-06-12-PSMN-972-3,67-15",50440,2.5,20176
2025-06-12,Sebrae Nacional - DEBRITO,1,facebook,sbrae_2025_psmn,psmn,"2025_6_BR_TRAF_CPC_MULHERES DE 25 A 45 ANOS; INTERESSES EM EMPREENDEDORISMO, PEQUENOS NEGÓCIOS E MEI; COMPORTAMENTO VOLTADO A ENGAJAMENTO COM PERFIS DE NEGÓCIOS E INFLUENCIADORES DE GESTÃO",2025_6_BR_REELS_GABRIELA BAILAS REELS_ACAO_SBRAE_2025_PSMN0289,Tráfego,Rio de Janeiro,52,"0,64",4,0,"2025-06-12-PSMN-52-0,64-4",50440,2.5,20176
2025-06-12,Sebrae Nacional - DEBRITO,1,facebook,sbrae_2025_psmn,psmn,"2025_6_BR_TRAF_CPC_MULHERES DE 25 A 45 ANOS; INTERESSES EM EMPREENDEDORISMO, PEQUENOS NEGÓCIOS E MEI; COMPORTAMENTO VOLTADO A ENGAJAMENTO COM PERFIS DE NEGÓCIOS E INFLUENCIADORES DE GESTÃO",2025_6_BR_REELS_VIC CERIDONO REELS_ACAO_SBRAE_2025_PSMN0290,Tráfego,Rio de Janeiro,4666,"34,21",116,0,"2025-06-12-PSMN-4666-34,21-116",50440,2.5,20176
2025-06-12,Sebrae Nacional - DEBRITO,1,facebook,sbrae_2025_psmn,psmn,"2025_6_BR_TRAF_CPC_MULHERES DE 25 A 45 ANOS; INTERESSES EM EMPREENDEDORISMO, PEQUENOS NEGÓCIOS E MEI; COMPORTAMENTO VOLTADO A ENGAJAMENTO COM PERFIS DE NEGÓCIOS E INFLUENCIADORES DE GESTÃO",2025_6_BR_STORIES_GABRIELA BAILAS STORIES_ACAO_SBRAE_2025_PSMN0292,Tráfego,Rio de Janeiro,9721,"114,1",539,0,"2025-06-12-PSMN-9721-114,1-539",50440,2.5,20176
2025-06-12,Sebrae Nacional - DEBRITO,1,facebook,sbrae_2025_psmn,psmn,"2025_6_BR_TRAF_CPC_MULHERES DE 25 A 45 ANOS; INTERESSES EM EMPREENDEDORISMO, PEQUENOS NEGÓCIOS E MEI; COMPORTAMENTO VOLTADO A ENGAJAMENTO COM PERFIS DE NEGÓCIOS E INFLUENCIADORES DE GESTÃO",2025_6_BR_STORIES_VIC CERIDONO STORIES_ACAO_SBRAE_2025_PSMN0291,Tráfego,Rio de Janeiro,24970,"192,13",809,0,"2025-06-12-PSMN-24970-192,13-809",50440,2.5,20176
2025-06-12,Sebrae Nacional - DEBRITO,1,facebook,sbrae_2025_psmn,psmn,"2025_6_BR_TRAF_CPC_MULHERES DE 25 A 45 ANOS; INTERESSES EM EMPREENDEDORISMO, PEQUENOS NEGÓCIOS E MEI; COMPORTAMENTO VOLTADO A ENGAJAMENTO COM PERFIS DE NEGÓCIOS E INFLUENCIADORES DE GESTÃO",2025_6_BR_CARD_KV_ACAO_SBRAE_2025_PSMN0293,Tráfego,Rondônia,143,"0,59",0,0,"2025-06-12-PSMN-143-0,59-0",50440,2.5,20176
2025-06-12,Sebrae Nacional - DEBRITO,1,facebook,sbrae_2025_psmn,psmn,"2025_6_BR_TRAF_CPC_MULHERES DE 25 A 45 ANOS; INTERESSES EM EMPREENDEDORISMO, PEQUENOS NEGÓCIOS E MEI; COMPORTAMENTO VOLTADO A ENGAJAMENTO COM PERFIS DE NEGÓCIOS E INFLUENCIADORES DE GESTÃO",2025_6_BR_REELS_GABRIELA BAILAS REELS_ACAO_SBRAE_2025_PSMN0289,Tráfego,Rondônia,6,"0,06",0,0,"2025-06-12-PSMN-6-0,06-0",50440,2.5,20176
2025-06-12,Sebrae Nacional - DEBRITO,1,facebook,sbrae_2025_psmn,psmn,"2025_6_BR_TRAF_CPC_MULHERES DE 25 A 45 ANOS; INTERESSES EM EMPREENDEDORISMO, PEQUENOS NEGÓCIOS E MEI; COMPORTAMENTO VOLTADO A ENGAJAMENTO COM PERFIS DE NEGÓCIOS E INFLUENCIADORES DE GESTÃO",2025_6_BR_REELS_VIC CERIDONO REELS_ACAO_SBRAE_2025_PSMN0290,Tráfego,Rondônia,514,"3,58",9,0,"2025-06-12-PSMN-514-3,58-9",50440,2.5,20176
2025-06-12,Sebrae Nacional - DEBRITO,1,facebook,sbrae_2025_psmn,psmn,"2025_6_BR_TRAF_CPC_MULHERES DE 25 A 45 ANOS; INTERESSES EM EMPREENDEDORISMO, PEQUENOS NEGÓCIOS E MEI; COMPORTAMENTO VOLTADO A ENGAJAMENTO COM PERFIS DE NEGÓCIOS E INFLUENCIADORES DE GESTÃO",2025_6_BR_STORIES_GABRIELA BAILAS STORIES_ACAO_SBRAE_2025_PSMN0292,Tráfego,Rondônia,1296,"13,64",68,0,"2025-06-12-PSMN-1296-13,64-68",50440,2.5,20176
2025-06-12,Sebrae Nacional - DEBRITO,1,facebook,sbrae_2025_psmn,psmn,"2025_6_BR_TRAF_CPC_MULHERES DE 25 A 45 ANOS; INTERESSES EM EMPREENDEDORISMO, PEQUENOS NEGÓCIOS E MEI; COMPORTAMENTO VOLTADO A ENGAJAMENTO COM PERFIS DE NEGÓCIOS E INFLUENCIADORES DE GESTÃO",2025_6_BR_STORIES_VIC CERIDONO STORIES_ACAO_SBRAE_2025_PSMN0291,Tráfego,Rondônia,3270,"20,84",102,0,"2025-06-12-PSMN-3270-20,84-102",50440,2.5,20176
2025-06-12,Sebrae Nacional - DEBRITO,1,facebook,sbrae_2025_psmn,psmn,"2025_6_BR_TRAF_CPC_MULHERES DE 25 A 45 ANOS; INTERESSES EM EMPREENDEDORISMO, PEQUENOS NEGÓCIOS E MEI; COMPORTAMENTO VOLTADO A ENGAJAMENTO COM PERFIS DE NEGÓCIOS E INFLUENCIADORES DE GESTÃO",2025_6_BR_CARD_KV_ACAO_SBRAE_2025_PSMN0293,Tráfego,Roraima,56,"0,31",0,0,"2025-06-12-PSMN-56-0,31-0",50440,2.5,20176
2025-06-12,Sebrae Nacional - DEBRITO,1,facebook,sbrae_2025_psmn,psmn,"2025_6_BR_TRAF_CPC_MULHERES DE 25 A 45 ANOS; INTERESSES EM EMPREENDEDORISMO, PEQUENOS NEGÓCIOS E MEI; COMPORTAMENTO VOLTADO A ENGAJAMENTO COM PERFIS DE NEGÓCIOS E INFLUENCIADORES DE GESTÃO",2025_6_BR_REELS_GABRIELA BAILAS REELS_ACAO_SBRAE_2025_PSMN0289,Tráfego,Roraima,1,0,0,0,2025-06-12-PSMN-1-0-0,50440,2.5,20176
2025-06-12,Sebrae Nacional - DEBRITO,1,facebook,sbrae_2025_psmn,psmn,"2025_6_BR_TRAF_CPC_MULHERES DE 25 A 45 ANOS; INTERESSES EM EMPREENDEDORISMO, PEQUENOS NEGÓCIOS E MEI; COMPORTAMENTO VOLTADO A ENGAJAMENTO COM PERFIS DE NEGÓCIOS E INFLUENCIADORES DE GESTÃO",2025_6_BR_REELS_VIC CERIDONO REELS_ACAO_SBRAE_2025_PSMN0290,Tráfego,Roraima,186,"1,38",4,0,"2025-06-12-PSMN-186-1,38-4",50440,2.5,20176
2025-06-12,Sebrae Nacional - DEBRITO,1,facebook,sbrae_2025_psmn,psmn,"2025_6_BR_TRAF_CPC_MULHERES DE 25 A 45 ANOS; INTERESSES EM EMPREENDEDORISMO, PEQUENOS NEGÓCIOS E MEI; COMPORTAMENTO VOLTADO A ENGAJAMENTO COM PERFIS DE NEGÓCIOS E INFLUENCIADORES DE GESTÃO",2025_6_BR_STORIES_GABRIELA BAILAS STORIES_ACAO_SBRAE_2025_PSMN0292,Tráfego,Roraima,424,"5,01",19,0,"2025-06-12-PSMN-424-5,01-19",50440,2.5,20176
2025-06-12,Sebrae Nacional - DEBRITO,1,facebook,sbrae_2025_psmn,psmn,"2025_6_BR_TRAF_CPC_MULHERES DE 25 A 45 ANOS; INTERESSES EM EMPREENDEDORISMO, PEQUENOS NEGÓCIOS E MEI; COMPORTAMENTO VOLTADO A ENGAJAMENTO COM PERFIS DE NEGÓCIOS E INFLUENCIADORES DE GESTÃO",2025_6_BR_STORIES_VIC CERIDONO STORIES_ACAO_SBRAE_2025_PSMN0291,Tráfego,Roraima,1224,"8,72",42,0,"2025-06-12-PSMN-1224-8,72-42",50440,2.5,20176
2025-06-12,Sebrae Nacional - DEBRITO,1,facebook,sbrae_2025_psmn,psmn,"2025_6_BR_TRAF_CPC_MULHERES DE 25 A 45 ANOS; INTERESSES EM EMPREENDEDORISMO, PEQUENOS NEGÓCIOS E MEI; COMPORTAMENTO VOLTADO A ENGAJAMENTO COM PERFIS DE NEGÓCIOS E INFLUENCIADORES DE GESTÃO",2025_6_BR_CARD_KV_ACAO_SBRAE_2025_PSMN0293,Tráfego,Santa Catarina,265,"0,84",4,0,"2025-06-12-PSMN-265-0,84-4",50440,2.5,20176
2025-06-12,Sebrae Nacional - DEBRITO,1,facebook,sbrae_2025_psmn,psmn,"2025_6_BR_TRAF_CPC_MULHERES DE 25 A 45 ANOS; INTERESSES EM EMPREENDEDORISMO, PEQUENOS NEGÓCIOS E MEI; COMPORTAMENTO VOLTADO A ENGAJAMENTO COM PERFIS DE NEGÓCIOS E INFLUENCIADORES DE GESTÃO",2025_6_BR_REELS_GABRIELA BAILAS REELS_ACAO_SBRAE_2025_PSMN0289,Tráfego,Santa Catarina,16,"0,2",0,0,"2025-06-12-PSMN-16-0,2-0",50440,2.5,20176
2025-06-12,Sebrae Nacional - DEBRITO,1,facebook,sbrae_2025_psmn,psmn,"2025_6_BR_TRAF_CPC_MULHERES DE 25 A 45 ANOS; INTERESSES EM EMPREENDEDORISMO, PEQUENOS NEGÓCIOS E MEI; COMPORTAMENTO VOLTADO A ENGAJAMENTO COM PERFIS DE NEGÓCIOS E INFLUENCIADORES DE GESTÃO",2025_6_BR_REELS_VIC CERIDONO REELS_ACAO_SBRAE_2025_PSMN0290,Tráfego,Santa Catarina,1833,"11,03",36,0,"2025-06-12-PSMN-1833-11,03-36",50440,2.5,20176
2025-06-12,Sebrae Nacional - DEBRITO,1,facebook,sbrae_2025_psmn,psmn,"2025_6_BR_TRAF_CPC_MULHERES DE 25 A 45 ANOS; INTERESSES EM EMPREENDEDORISMO, PEQUENOS NEGÓCIOS E MEI; COMPORTAMENTO VOLTADO A ENGAJAMENTO COM PERFIS DE NEGÓCIOS E INFLUENCIADORES DE GESTÃO",2025_6_BR_STORIES_GABRIELA BAILAS STORIES_ACAO_SBRAE_2025_PSMN0292,Tráfego,Santa Catarina,6975,"70,34",317,0,"2025-06-12-PSMN-6975-70,34-317",50440,2.5,20176
2025-06-12,Sebrae Nacional - DEBRITO,1,facebook,sbrae_2025_psmn,psmn,"2025_6_BR_TRAF_CPC_MULHERES DE 25 A 45 ANOS; INTERESSES EM EMPREENDEDORISMO, PEQUENOS NEGÓCIOS E MEI; COMPORTAMENTO VOLTADO A ENGAJAMENTO COM PERFIS DE NEGÓCIOS E INFLUENCIADORES DE GESTÃO",2025_6_BR_STORIES_VIC CERIDONO STORIES_ACAO_SBRAE_2025_PSMN0291,Tráfego,Santa Catarina,11660,"85,16",382,0,"2025-06-12-PSMN-11660-85,16-382",50440,2.5,20176
2025-06-12,Sebrae Nacional - DEBRITO,1,facebook,sbrae_2025_psmn,psmn,"2025_6_BR_TRAF_CPC_MULHERES DE 25 A 45 ANOS; INTERESSES EM EMPREENDEDORISMO, PEQUENOS NEGÓCIOS E MEI; COMPORTAMENTO VOLTADO A ENGAJAMENTO COM PERFIS DE NEGÓCIOS E INFLUENCIADORES DE GESTÃO",2025_6_BR_CARD_KV_ACAO_SBRAE_2025_PSMN0293,Tráfego,Sergipe,690,"2,07",5,0,"2025-06-12-PSMN-690-2,07-5",50440,2.5,20176
2025-06-12,Sebrae Nacional - DEBRITO,1,facebook,sbrae_2025_psmn,psmn,"2025_6_BR_TRAF_CPC_MULHERES DE 25 A 45 ANOS; INTERESSES EM EMPREENDEDORISMO, PEQUENOS NEGÓCIOS E MEI; COMPORTAMENTO VOLTADO A ENGAJAMENTO COM PERFIS DE NEGÓCIOS E INFLUENCIADORES DE GESTÃO",2025_6_BR_REELS_GABRIELA BAILAS REELS_ACAO_SBRAE_2025_PSMN0289,Tráfego,Sergipe,26,"0,29",0,0,"2025-06-12-PSMN-26-0,29-0",50440,2.5,20176
2025-06-12,Sebrae Nacional - DEBRITO,1,facebook,sbrae_2025_psmn,psmn,"2025_6_BR_TRAF_CPC_MULHERES DE 25 A 45 ANOS; INTERESSES EM EMPREENDEDORISMO, PEQUENOS NEGÓCIOS E MEI; COMPORTAMENTO VOLTADO A ENGAJAMENTO COM PERFIS DE NEGÓCIOS E INFLUENCIADORES DE GESTÃO",2025_6_BR_REELS_VIC CERIDONO REELS_ACAO_SBRAE_2025_PSMN0290,Tráfego,Sergipe,781,"4,79",17,0,"2025-06-12-PSMN-781-4,79-17",50440,2.5,20176
2025-06-12,Sebrae Nacional - DEBRITO,1,facebook,sbrae_2025_psmn,psmn,"2025_6_BR_TRAF_CPC_MULHERES DE 25 A 45 ANOS; INTERESSES EM EMPREENDEDORISMO, PEQUENOS NEGÓCIOS E MEI; COMPORTAMENTO VOLTADO A ENGAJAMENTO COM PERFIS DE NEGÓCIOS E INFLUENCIADORES DE GESTÃO",2025_6_BR_STORIES_GABRIELA BAILAS STORIES_ACAO_SBRAE_2025_PSMN0292,Tráfego,Sergipe,2420,"23,94",105,0,"2025-06-12-PSMN-2420-23,94-105",50440,2.5,20176
2025-06-12,Sebrae Nacional - DEBRITO,1,facebook,sbrae_2025_psmn,psmn,"2025_6_BR_TRAF_CPC_MULHERES DE 25 A 45 ANOS; INTERESSES EM EMPREENDEDORISMO, PEQUENOS NEGÓCIOS E MEI; COMPORTAMENTO VOLTADO A ENGAJAMENTO COM PERFIS DE NEGÓCIOS E INFLUENCIADORES DE GESTÃO",2025_6_BR_STORIES_VIC CERIDONO STORIES_ACAO_SBRAE_2025_PSMN0291,Tráfego,Sergipe,4613,"32,17",128,0,"2025-06-12-PSMN-4613-32,17-128",50440,2.5,20176
2025-06-12,Sebrae Nacional - DEBRITO,1,facebook,sbrae_2025_psmn,psmn,"2025_6_BR_TRAF_CPC_MULHERES DE 25 A 45 ANOS; INTERESSES EM EMPREENDEDORISMO, PEQUENOS NEGÓCIOS E MEI; COMPORTAMENTO VOLTADO A ENGAJAMENTO COM PERFIS DE NEGÓCIOS E INFLUENCIADORES DE GESTÃO",2025_6_BR_CARD_KV_ACAO_SBRAE_2025_PSMN0293,Tráfego,São Paulo,1422,"5,37",21,0,"2025-06-12-PSMN-1422-5,37-21",50440,2.5,20176
2025-06-12,Sebrae Nacional - DEBRITO,1,facebook,sbrae_2025_psmn,psmn,"2025_6_BR_TRAF_CPC_MULHERES DE 25 A 45 ANOS; INTERESSES EM EMPREENDEDORISMO, PEQUENOS NEGÓCIOS E MEI; COMPORTAMENTO VOLTADO A ENGAJAMENTO COM PERFIS DE NEGÓCIOS E INFLUENCIADORES DE GESTÃO",2025_6_BR_REELS_GABRIELA BAILAS REELS_ACAO_SBRAE_2025_PSMN0289,Tráfego,São Paulo,129,"1,23",4,0,"2025-06-12-PSMN-129-1,23-4",50440,2.5,20176
2025-06-12,Sebrae Nacional - DEBRITO,1,facebook,sbrae_2025_psmn,psmn,"2025_6_BR_TRAF_CPC_MULHERES DE 25 A 45 ANOS; INTERESSES EM EMPREENDEDORISMO, PEQUENOS NEGÓCIOS E MEI; COMPORTAMENTO VOLTADO A ENGAJAMENTO COM PERFIS DE NEGÓCIOS E INFLUENCIADORES DE GESTÃO",2025_6_BR_REELS_VIC CERIDONO REELS_ACAO_SBRAE_2025_PSMN0290,Tráfego,São Paulo,6802,"44,42",169,0,"2025-06-12-PSMN-6802-44,42-169",50440,2.5,20176
2025-06-12,Sebrae Nacional - DEBRITO,1,facebook,sbrae_2025_psmn,psmn,"2025_6_BR_TRAF_CPC_MULHERES DE 25 A 45 ANOS; INTERESSES EM EMPREENDEDORISMO, PEQUENOS NEGÓCIOS E MEI; COMPORTAMENTO VOLTADO A ENGAJAMENTO COM PERFIS DE NEGÓCIOS E INFLUENCIADORES DE GESTÃO",2025_6_BR_STORIES_GABRIELA BAILAS STORIES_ACAO_SBRAE_2025_PSMN0292,Tráfego,São Paulo,21801,"250,23",1175,0,"2025-06-12-PSMN-21801-250,23-1175",50440,2.5,20176
2025-06-12,Sebrae Nacional - DEBRITO,1,facebook,sbrae_2025_psmn,psmn,"2025_6_BR_TRAF_CPC_MULHERES DE 25 A 45 ANOS; INTERESSES EM EMPREENDEDORISMO, PEQUENOS NEGÓCIOS E MEI; COMPORTAMENTO VOLTADO A ENGAJAMENTO COM PERFIS DE NEGÓCIOS E INFLUENCIADORES DE GESTÃO",2025_6_BR_STORIES_VIC CERIDONO STORIES_ACAO_SBRAE_2025_PSMN0291,Tráfego,São Paulo,56456,"435,13",1839,0,"2025-06-12-PSMN-56456-435,13-1839",50440,2.5,20176
2025-06-12,Sebrae Nacional - DEBRITO,1,facebook,sbrae_2025_psmn,psmn,"2025_6_BR_TRAF_CPC_MULHERES DE 25 A 45 ANOS; INTERESSES EM EMPREENDEDORISMO, PEQUENOS NEGÓCIOS E MEI; COMPORTAMENTO VOLTADO A ENGAJAMENTO COM PERFIS DE NEGÓCIOS E INFLUENCIADORES DE GESTÃO",2025_6_BR_CARD_KV_ACAO_SBRAE_2025_PSMN0293,Tráfego,Tocantins,205,"0,67",4,0,"2025-06-12-PSMN-205-0,67-4",50440,2.5,20176
2025-06-12,Sebrae Nacional - DEBRITO,1,facebook,sbrae_2025_psmn,psmn,"2025_6_BR_TRAF_CPC_MULHERES DE 25 A 45 ANOS; INTERESSES EM EMPREENDEDORISMO, PEQUENOS NEGÓCIOS E MEI; COMPORTAMENTO VOLTADO A ENGAJAMENTO COM PERFIS DE NEGÓCIOS E INFLUENCIADORES DE GESTÃO",2025_6_BR_REELS_GABRIELA BAILAS REELS_ACAO_SBRAE_2025_PSMN0289,Tráfego,Tocantins,4,"0,03",0,0,"2025-06-12-PSMN-4-0,03-0",50440,2.5,20176
2025-06-12,Sebrae Nacional - DEBRITO,1,facebook,sbrae_2025_psmn,psmn,"2025_6_BR_TRAF_CPC_MULHERES DE 25 A 45 ANOS; INTERESSES EM EMPREENDEDORISMO, PEQUENOS NEGÓCIOS E MEI; COMPORTAMENTO VOLTADO A ENGAJAMENTO COM PERFIS DE NEGÓCIOS E INFLUENCIADORES DE GESTÃO",2025_6_BR_REELS_VIC CERIDONO REELS_ACAO_SBRAE_2025_PSMN0290,Tráfego,Tocantins,379,"2,36",10,0,"2025-06-12-PSMN-379-2,36-10",50440,2.5,20176
2025-06-12,Sebrae Nacional - DEBRITO,1,facebook,sbrae_2025_psmn,psmn,"2025_6_BR_TRAF_CPC_MULHERES DE 25 A 45 ANOS; INTERESSES EM EMPREENDEDORISMO, PEQUENOS NEGÓCIOS E MEI; COMPORTAMENTO VOLTADO A ENGAJAMENTO COM PERFIS DE NEGÓCIOS E INFLUENCIADORES DE GESTÃO",2025_6_BR_STORIES_GABRIELA BAILAS STORIES_ACAO_SBRAE_2025_PSMN0292,Tráfego,Tocantins,898,"10,09",52,0,"2025-06-12-PSMN-898-10,09-52",50440,2.5,20176
2025-06-12,Sebrae Nacional - DEBRITO,1,facebook,sbrae_2025_psmn,psmn,"2025_6_BR_TRAF_CPC_MULHERES DE 25 A 45 ANOS; INTERESSES EM EMPREENDEDORISMO, PEQUENOS NEGÓCIOS E MEI; COMPORTAMENTO VOLTADO A ENGAJAMENTO COM PERFIS DE NEGÓCIOS E INFLUENCIADORES DE GESTÃO",2025_6_BR_STORIES_VIC CERIDONO STORIES_ACAO_SBRAE_2025_PSMN0291,Tráfego,Tocantins,2505,"16,2",73,0,"2025-06-12-PSMN-2505-16,2-73",50440,2.5,20176
2025-06-12,Sebrae Nacional - DEBRITO,1,facebook,sbrae_2025_psmn,psmn,"2025_6_BR_TRAF_CPC_MULHERES DE 25 A 45 ANOS; INTERESSES EM EMPREENDEDORISMO, PEQUENOS NEGÓCIOS E MEI; COMPORTAMENTO VOLTADO A ENGAJAMENTO COM PERFIS DE NEGÓCIOS E INFLUENCIADORES DE GESTÃO",2025_6_BR_CARD_KV_ACAO_SBRAE_2025_PSMN0293,Tráfego,Não identificado,11,"0,08",0,0,"2025-06-12-PSMN-11-0,08-0",50440,2.5,20176
2025-06-12,Sebrae Nacional - DEBRITO,1,facebook,sbrae_2025_psmn,psmn,"2025_6_BR_TRAF_CPC_MULHERES DE 25 A 45 ANOS; INTERESSES EM EMPREENDEDORISMO, PEQUENOS NEGÓCIOS E MEI; COMPORTAMENTO VOLTADO A ENGAJAMENTO COM PERFIS DE NEGÓCIOS E INFLUENCIADORES DE GESTÃO",2025_6_BR_REELS_VIC CERIDONO REELS_ACAO_SBRAE_2025_PSMN0290,Tráfego,Não identificado,209,"1,41",3,0,"2025-06-12-PSMN-209-1,41-3",50440,2.5,20176
2025-06-12,Sebrae Nacional - DEBRITO,1,facebook,sbrae_2025_psmn,psmn,"2025_6_BR_TRAF_CPC_MULHERES DE 25 A 45 ANOS; INTERESSES EM EMPREENDEDORISMO, PEQUENOS NEGÓCIOS E MEI; COMPORTAMENTO VOLTADO A ENGAJAMENTO COM PERFIS DE NEGÓCIOS E INFLUENCIADORES DE GESTÃO",2025_6_BR_STORIES_GABRIELA BAILAS STORIES_ACAO_SBRAE_2025_PSMN0292,Tráfego,Não identificado,618,"6,67",41,0,"2025-06-12-PSMN-618-6,67-41",50440,2.5,20176
2025-06-12,Sebrae Nacional - DEBRITO,1,facebook,sbrae_2025_psmn,psmn,"2025_6_BR_TRAF_CPC_MULHERES DE 25 A 45 ANOS; INTERESSES EM EMPREENDEDORISMO, PEQUENOS NEGÓCIOS E MEI; COMPORTAMENTO VOLTADO A ENGAJAMENTO COM PERFIS DE NEGÓCIOS E INFLUENCIADORES DE GESTÃO",2025_6_BR_STORIES_VIC CERIDONO STORIES_ACAO_SBRAE_2025_PSMN0291,Tráfego,Não identificado,1181,"8,34",30,0,"2025-06-12-PSMN-1181-8,34-30",50440,2.5,20176
2025-06-13,Sebrae Nacional - DEBRITO,1,facebook,sbrae_2025_psmn,psmn,"2025_6_BR_TRAF_CPC_MULHERES DE 25 A 45 ANOS; INTERESSES EM EMPREENDEDORISMO, PEQUENOS NEGÓCIOS E MEI; COMPORTAMENTO VOLTADO A ENGAJAMENTO COM PERFIS DE NEGÓCIOS E INFLUENCIADORES DE GESTÃO",2025_6_BR_CARD_KV_ACAO_SBRAE_2025_PSMN0293,Tráfego,Acre,588,"1,57",2,0,"2025-06-13-PSMN-588-1,57-2",50440,2.5,20176
2025-06-13,Sebrae Nacional - DEBRITO,1,facebook,sbrae_2025_psmn,psmn,"2025_6_BR_TRAF_CPC_MULHERES DE 25 A 45 ANOS; INTERESSES EM EMPREENDEDORISMO, PEQUENOS NEGÓCIOS E MEI; COMPORTAMENTO VOLTADO A ENGAJAMENTO COM PERFIS DE NEGÓCIOS E INFLUENCIADORES DE GESTÃO",2025_6_BR_REELS_GABRIELA BAILAS REELS_ACAO_SBRAE_2025_PSMN0289,Tráfego,Acre,25,"0,27",2,0,"2025-06-13-PSMN-25-0,27-2",50440,2.5,20176
2025-06-13,Sebrae Nacional - DEBRITO,1,facebook,sbrae_2025_psmn,psmn,"2025_6_BR_TRAF_CPC_MULHERES DE 25 A 45 ANOS; INTERESSES EM EMPREENDEDORISMO, PEQUENOS NEGÓCIOS E MEI; COMPORTAMENTO VOLTADO A ENGAJAMENTO COM PERFIS DE NEGÓCIOS E INFLUENCIADORES DE GESTÃO",2025_6_BR_REELS_VIC CERIDONO REELS_ACAO_SBRAE_2025_PSMN0290,Tráfego,Acre,410,"1,88",6,0,"2025-06-13-PSMN-410-1,88-6",50440,2.5,20176
2025-06-13,Sebrae Nacional - DEBRITO,1,facebook,sbrae_2025_psmn,psmn,"2025_6_BR_TRAF_CPC_MULHERES DE 25 A 45 ANOS; INTERESSES EM EMPREENDEDORISMO, PEQUENOS NEGÓCIOS E MEI; COMPORTAMENTO VOLTADO A ENGAJAMENTO COM PERFIS DE NEGÓCIOS E INFLUENCIADORES DE GESTÃO",2025_6_BR_STORIES_GABRIELA BAILAS STORIES_ACAO_SBRAE_2025_PSMN0292,Tráfego,Acre,539,"5,11",18,0,"2025-06-13-PSMN-539-5,11-18",50440,2.5,20176
2025-06-13,Sebrae Nacional - DEBRITO,1,facebook,sbrae_2025_psmn,psmn,"2025_6_BR_TRAF_CPC_MULHERES DE 25 A 45 ANOS; INTERESSES EM EMPREENDEDORISMO, PEQUENOS NEGÓCIOS E MEI; COMPORTAMENTO VOLTADO A ENGAJAMENTO COM PERFIS DE NEGÓCIOS E INFLUENCIADORES DE GESTÃO",2025_6_BR_STORIES_VIC CERIDONO STORIES_ACAO_SBRAE_2025_PSMN0291,Tráfego,Acre,1499,"9,28",35,0,"2025-06-13-PSMN-1499-9,28-35",50440,2.5,20176
2025-06-13,Sebrae Nacional - DEBRITO,1,facebook,sbrae_2025_psmn,psmn,"2025_6_BR_TRAF_CPC_MULHERES DE 25 A 45 ANOS; INTERESSES EM EMPREENDEDORISMO, PEQUENOS NEGÓCIOS E MEI; COMPORTAMENTO VOLTADO A ENGAJAMENTO COM PERFIS DE NEGÓCIOS E INFLUENCIADORES DE GESTÃO",2025_6_BR_CARD_KV_ACAO_SBRAE_2025_PSMN0293,Tráfego,Alagoas,4472,"12,89",55,0,"2025-06-13-PSMN-4472-12,89-55",50440,2.5,20176
2025-06-13,Sebrae Nacional - DEBRITO,1,facebook,sbrae_2025_psmn,psmn,"2025_6_BR_TRAF_CPC_MULHERES DE 25 A 45 ANOS; INTERESSES EM EMPREENDEDORISMO, PEQUENOS NEGÓCIOS E MEI; COMPORTAMENTO VOLTADO A ENGAJAMENTO COM PERFIS DE NEGÓCIOS E INFLUENCIADORES DE GESTÃO",2025_6_BR_REELS_GABRIELA BAILAS REELS_ACAO_SBRAE_2025_PSMN0289,Tráfego,Alagoas,268,"1,64",4,0,"2025-06-13-PSMN-268-1,64-4",50440,2.5,20176
2025-06-13,Sebrae Nacional - DEBRITO,1,facebook,sbrae_2025_psmn,psmn,"2025_6_BR_TRAF_CPC_MULHERES DE 25 A 45 ANOS; INTERESSES EM EMPREENDEDORISMO, PEQUENOS NEGÓCIOS E MEI; COMPORTAMENTO VOLTADO A ENGAJAMENTO COM PERFIS DE NEGÓCIOS E INFLUENCIADORES DE GESTÃO",2025_6_BR_REELS_VIC CERIDONO REELS_ACAO_SBRAE_2025_PSMN0290,Tráfego,Alagoas,2032,"10,79",45,0,"2025-06-13-PSMN-2032-10,79-45",50440,2.5,20176
2025-06-13,Sebrae Nacional - DEBRITO,1,facebook,sbrae_2025_psmn,psmn,"2025_6_BR_TRAF_CPC_MULHERES DE 25 A 45 ANOS; INTERESSES EM EMPREENDEDORISMO, PEQUENOS NEGÓCIOS E MEI; COMPORTAMENTO VOLTADO A ENGAJAMENTO COM PERFIS DE NEGÓCIOS E INFLUENCIADORES DE GESTÃO",2025_6_BR_STORIES_GABRIELA BAILAS STORIES_ACAO_SBRAE_2025_PSMN0292,Tráfego,Alagoas,4482,"42,43",193,0,"2025-06-13-PSMN-4482-42,43-193",50440,2.5,20176
2025-06-13,Sebrae Nacional - DEBRITO,1,facebook,sbrae_2025_psmn,psmn,"2025_6_BR_TRAF_CPC_MULHERES DE 25 A 45 ANOS; INTERESSES EM EMPREENDEDORISMO, PEQUENOS NEGÓCIOS E MEI; COMPORTAMENTO VOLTADO A ENGAJAMENTO COM PERFIS DE NEGÓCIOS E INFLUENCIADORES DE GESTÃO",2025_6_BR_STORIES_VIC CERIDONO STORIES_ACAO_SBRAE_2025_PSMN0291,Tráfego,Alagoas,7420,"51,25",217,0,"2025-06-13-PSMN-7420-51,25-217",50440,2.5,20176
2025-06-13,Sebrae Nacional - DEBRITO,1,facebook,sbrae_2025_psmn,psmn,"2025_6_BR_TRAF_CPC_MULHERES DE 25 A 45 ANOS; INTERESSES EM EMPREENDEDORISMO, PEQUENOS NEGÓCIOS E MEI; COMPORTAMENTO VOLTADO A ENGAJAMENTO COM PERFIS DE NEGÓCIOS E INFLUENCIADORES DE GESTÃO",2025_6_BR_CARD_KV_ACAO_SBRAE_2025_PSMN0293,Tráfego,Amapá,455,"1,2",3,0,"2025-06-13-PSMN-455-1,2-3",50440,2.5,20176
2025-06-13,Sebrae Nacional - DEBRITO,1,facebook,sbrae_2025_psmn,psmn,"2025_6_BR_TRAF_CPC_MULHERES DE 25 A 45 ANOS; INTERESSES EM EMPREENDEDORISMO, PEQUENOS NEGÓCIOS E MEI; COMPORTAMENTO VOLTADO A ENGAJAMENTO COM PERFIS DE NEGÓCIOS E INFLUENCIADORES DE GESTÃO",2025_6_BR_REELS_GABRIELA BAILAS REELS_ACAO_SBRAE_2025_PSMN0289,Tráfego,Amapá,24,"0,2",0,0,"2025-06-13-PSMN-24-0,2-0",50440,2.5,20176
2025-06-13,Sebrae Nacional - DEBRITO,1,facebook,sbrae_2025_psmn,psmn,"2025_6_BR_TRAF_CPC_MULHERES DE 25 A 45 ANOS; INTERESSES EM EMPREENDEDORISMO, PEQUENOS NEGÓCIOS E MEI; COMPORTAMENTO VOLTADO A ENGAJAMENTO COM PERFIS DE NEGÓCIOS E INFLUENCIADORES DE GESTÃO",2025_6_BR_REELS_VIC CERIDONO REELS_ACAO_SBRAE_2025_PSMN0290,Tráfego,Amapá,403,"1,63",3,0,"2025-06-13-PSMN-403-1,63-3",50440,2.5,20176
2025-06-13,Sebrae Nacional - DEBRITO,1,facebook,sbrae_2025_psmn,psmn,"2025_6_BR_TRAF_CPC_MULHERES DE 25 A 45 ANOS; INTERESSES EM EMPREENDEDORISMO, PEQUENOS NEGÓCIOS E MEI; COMPORTAMENTO VOLTADO A ENGAJAMENTO COM PERFIS DE NEGÓCIOS E INFLUENCIADORES DE GESTÃO",2025_6_BR_STORIES_GABRIELA BAILAS STORIES_ACAO_SBRAE_2025_PSMN0292,Tráfego,Amapá,643,"6,4",37,0,"2025-06-13-PSMN-643-6,4-37",50440,2.5,20176
2025-06-13,Sebrae Nacional - DEBRITO,1,facebook,sbrae_2025_psmn,psmn,"2025_6_BR_TRAF_CPC_MULHERES DE 25 A 45 ANOS; INTERESSES EM EMPREENDEDORISMO, PEQUENOS NEGÓCIOS E MEI; COMPORTAMENTO VOLTADO A ENGAJAMENTO COM PERFIS DE NEGÓCIOS E INFLUENCIADORES DE GESTÃO",2025_6_BR_STORIES_VIC CERIDONO STORIES_ACAO_SBRAE_2025_PSMN0291,Tráfego,Amapá,1516,"8,98",56,0,"2025-06-13-PSMN-1516-8,98-56",50440,2.5,20176
2025-06-13,Sebrae Nacional - DEBRITO,1,facebook,sbrae_2025_psmn,psmn,"2025_6_BR_TRAF_CPC_MULHERES DE 25 A 45 ANOS; INTERESSES EM EMPREENDEDORISMO, PEQUENOS NEGÓCIOS E MEI; COMPORTAMENTO VOLTADO A ENGAJAMENTO COM PERFIS DE NEGÓCIOS E INFLUENCIADORES DE GESTÃO",2025_6_BR_CARD_KV_ACAO_SBRAE_2025_PSMN0293,Tráfego,Amazonas,1237,"3,96",8,0,"2025-06-13-PSMN-1237-3,96-8",50440,2.5,20176
2025-06-13,Sebrae Nacional - DEBRITO,1,facebook,sbrae_2025_psmn,psmn,"2025_6_BR_TRAF_CPC_MULHERES DE 25 A 45 ANOS; INTERESSES EM EMPREENDEDORISMO, PEQUENOS NEGÓCIOS E MEI; COMPORTAMENTO VOLTADO A ENGAJAMENTO COM PERFIS DE NEGÓCIOS E INFLUENCIADORES DE GESTÃO",2025_6_BR_REELS_GABRIELA BAILAS REELS_ACAO_SBRAE_2025_PSMN0289,Tráfego,Amazonas,85,"0,81",5,0,"2025-06-13-PSMN-85-0,81-5",50440,2.5,20176
2025-06-13,Sebrae Nacional - DEBRITO,1,facebook,sbrae_2025_psmn,psmn,"2025_6_BR_TRAF_CPC_MULHERES DE 25 A 45 ANOS; INTERESSES EM EMPREENDEDORISMO, PEQUENOS NEGÓCIOS E MEI; COMPORTAMENTO VOLTADO A ENGAJAMENTO COM PERFIS DE NEGÓCIOS E INFLUENCIADORES DE GESTÃO",2025_6_BR_REELS_VIC CERIDONO REELS_ACAO_SBRAE_2025_PSMN0290,Tráfego,Amazonas,1660,"8,06",31,0,"2025-06-13-PSMN-1660-8,06-31",50440,2.5,20176
2025-06-13,Sebrae Nacional - DEBRITO,1,facebook,sbrae_2025_psmn,psmn,"2025_6_BR_TRAF_CPC_MULHERES DE 25 A 45 ANOS; INTERESSES EM EMPREENDEDORISMO, PEQUENOS NEGÓCIOS E MEI; COMPORTAMENTO VOLTADO A ENGAJAMENTO COM PERFIS DE NEGÓCIOS E INFLUENCIADORES DE GESTÃO",2025_6_BR_STORIES_GABRIELA BAILAS STORIES_ACAO_SBRAE_2025_PSMN0292,Tráfego,Amazonas,2190,"21,4",106,0,"2025-06-13-PSMN-2190-21,4-106",50440,2.5,20176
2025-06-13,Sebrae Nacional - DEBRITO,1,facebook,sbrae_2025_psmn,psmn,"2025_6_BR_TRAF_CPC_MULHERES DE 25 A 45 ANOS; INTERESSES EM EMPREENDEDORISMO, PEQUENOS NEGÓCIOS E MEI; COMPORTAMENTO VOLTADO A ENGAJAMENTO COM PERFIS DE NEGÓCIOS E INFLUENCIADORES DE GESTÃO",2025_6_BR_STORIES_VIC CERIDONO STORIES_ACAO_SBRAE_2025_PSMN0291,Tráfego,Amazonas,6506,"41,4",157,0,"2025-06-13-PSMN-6506-41,4-157",50440,2.5,20176
2025-06-13,Sebrae Nacional - DEBRITO,1,facebook,sbrae_2025_psmn,psmn,"2025_6_BR_TRAF_CPC_MULHERES DE 25 A 45 ANOS; INTERESSES EM EMPREENDEDORISMO, PEQUENOS NEGÓCIOS E MEI; COMPORTAMENTO VOLTADO A ENGAJAMENTO COM PERFIS DE NEGÓCIOS E INFLUENCIADORES DE GESTÃO",2025_6_BR_CARD_KV_ACAO_SBRAE_2025_PSMN0293,Tráfego,Bahia,16401,"49,68",170,0,"2025-06-13-PSMN-16401-49,68-170",50440,2.5,20176
2025-06-13,Sebrae Nacional - DEBRITO,1,facebook,sbrae_2025_psmn,psmn,"2025_6_BR_TRAF_CPC_MULHERES DE 25 A 45 ANOS; INTERESSES EM EMPREENDEDORISMO, PEQUENOS NEGÓCIOS E MEI; COMPORTAMENTO VOLTADO A ENGAJAMENTO COM PERFIS DE NEGÓCIOS E INFLUENCIADORES DE GESTÃO",2025_6_BR_REELS_GABRIELA BAILAS REELS_ACAO_SBRAE_2025_PSMN0289,Tráfego,Bahia,759,"5,41",18,0,"2025-06-13-PSMN-759-5,41-18",50440,2.5,20176
2025-06-13,Sebrae Nacional - DEBRITO,1,facebook,sbrae_2025_psmn,psmn,"2025_6_BR_TRAF_CPC_MULHERES DE 25 A 45 ANOS; INTERESSES EM EMPREENDEDORISMO, PEQUENOS NEGÓCIOS E MEI; COMPORTAMENTO VOLTADO A ENGAJAMENTO COM PERFIS DE NEGÓCIOS E INFLUENCIADORES DE GESTÃO",2025_6_BR_REELS_VIC CERIDONO REELS_ACAO_SBRAE_2025_PSMN0290,Tráfego,Bahia,7212,"37,7",141,0,"2025-06-13-PSMN-7212-37,7-141",50440,2.5,20176
2025-06-13,Sebrae Nacional - DEBRITO,1,facebook,sbrae_2025_psmn,psmn,"2025_6_BR_TRAF_CPC_MULHERES DE 25 A 45 ANOS; INTERESSES EM EMPREENDEDORISMO, PEQUENOS NEGÓCIOS E MEI; COMPORTAMENTO VOLTADO A ENGAJAMENTO COM PERFIS DE NEGÓCIOS E INFLUENCIADORES DE GESTÃO",2025_6_BR_STORIES_GABRIELA BAILAS STORIES_ACAO_SBRAE_2025_PSMN0292,Tráfego,Bahia,17108,"175,01",888,0,"2025-06-13-PSMN-17108-175,01-888",50440,2.5,20176
2025-06-13,Sebrae Nacional - DEBRITO,1,facebook,sbrae_2025_psmn,psmn,"2025_6_BR_TRAF_CPC_MULHERES DE 25 A 45 ANOS; INTERESSES EM EMPREENDEDORISMO, PEQUENOS NEGÓCIOS E MEI; COMPORTAMENTO VOLTADO A ENGAJAMENTO COM PERFIS DE NEGÓCIOS E INFLUENCIADORES DE GESTÃO",2025_6_BR_STORIES_VIC CERIDONO STORIES_ACAO_SBRAE_2025_PSMN0291,Tráfego,Bahia,29543,"203,32",819,0,"2025-06-13-PSMN-29543-203,32-819",50440,2.5,20176
2025-06-13,Sebrae Nacional - DEBRITO,1,facebook,sbrae_2025_psmn,psmn,"2025_6_BR_TRAF_CPC_MULHERES DE 25 A 45 ANOS; INTERESSES EM EMPREENDEDORISMO, PEQUENOS NEGÓCIOS E MEI; COMPORTAMENTO VOLTADO A ENGAJAMENTO COM PERFIS DE NEGÓCIOS E INFLUENCIADORES DE GESTÃO",2025_6_BR_CARD_KV_ACAO_SBRAE_2025_PSMN0293,Tráfego,Ceará,12129,"34,72",119,0,"2025-06-13-PSMN-12129-34,72-119",50440,2.5,20176
2025-06-13,Sebrae Nacional - DEBRITO,1,facebook,sbrae_2025_psmn,psmn,"2025_6_BR_TRAF_CPC_MULHERES DE 25 A 45 ANOS; INTERESSES EM EMPREENDEDORISMO, PEQUENOS NEGÓCIOS E MEI; COMPORTAMENTO VOLTADO A ENGAJAMENTO COM PERFIS DE NEGÓCIOS E INFLUENCIADORES DE GESTÃO",2025_6_BR_REELS_GABRIELA BAILAS REELS_ACAO_SBRAE_2025_PSMN0289,Tráfego,Ceará,773,"5,54",22,0,"2025-06-13-PSMN-773-5,54-22",50440,2.5,20176
2025-06-13,Sebrae Nacional - DEBRITO,1,facebook,sbrae_2025_psmn,psmn,"2025_6_BR_TRAF_CPC_MULHERES DE 25 A 45 ANOS; INTERESSES EM EMPREENDEDORISMO, PEQUENOS NEGÓCIOS E MEI; COMPORTAMENTO VOLTADO A ENGAJAMENTO COM PERFIS DE NEGÓCIOS E INFLUENCIADORES DE GESTÃO",2025_6_BR_REELS_VIC CERIDONO REELS_ACAO_SBRAE_2025_PSMN0290,Tráfego,Ceará,7867,"45,05",157,0,"2025-06-13-PSMN-7867-45,05-157",50440,2.5,20176
2025-06-13,Sebrae Nacional - DEBRITO,1,facebook,sbrae_2025_psmn,psmn,"2025_6_BR_TRAF_CPC_MULHERES DE 25 A 45 ANOS; INTERESSES EM EMPREENDEDORISMO, PEQUENOS NEGÓCIOS E MEI; COMPORTAMENTO VOLTADO A ENGAJAMENTO COM PERFIS DE NEGÓCIOS E INFLUENCIADORES DE GESTÃO",2025_6_BR_STORIES_GABRIELA BAILAS STORIES_ACAO_SBRAE_2025_PSMN0292,Tráfego,Ceará,18831,"173,82",767,0,"2025-06-13-PSMN-18831-173,82-767",50440,2.5,20176
2025-06-13,Sebrae Nacional - DEBRITO,1,facebook,sbrae_2025_psmn,psmn,"2025_6_BR_TRAF_CPC_MULHERES DE 25 A 45 ANOS; INTERESSES EM EMPREENDEDORISMO, PEQUENOS NEGÓCIOS E MEI; COMPORTAMENTO VOLTADO A ENGAJAMENTO COM PERFIS DE NEGÓCIOS E INFLUENCIADORES DE GESTÃO",2025_6_BR_STORIES_VIC CERIDONO STORIES_ACAO_SBRAE_2025_PSMN0291,Tráfego,Ceará,27064,"183,33",792,0,"2025-06-13-PSMN-27064-183,33-792",50440,2.5,20176
2025-06-13,Sebrae Nacional - DEBRITO,1,facebook,sbrae_2025_psmn,psmn,"2025_6_BR_TRAF_CPC_MULHERES DE 25 A 45 ANOS; INTERESSES EM EMPREENDEDORISMO, PEQUENOS NEGÓCIOS E MEI; COMPORTAMENTO VOLTADO A ENGAJAMENTO COM PERFIS DE NEGÓCIOS E INFLUENCIADORES DE GESTÃO",2025_6_BR_CARD_KV_ACAO_SBRAE_2025_PSMN0293,Tráfego,Espírito Santo,1782,"6,26",21,0,"2025-06-13-PSMN-1782-6,26-21",50440,2.5,20176
2025-06-13,Sebrae Nacional - DEBRITO,1,facebook,sbrae_2025_psmn,psmn,"2025_6_BR_TRAF_CPC_MULHERES DE 25 A 45 ANOS; INTERESSES EM EMPREENDEDORISMO, PEQUENOS NEGÓCIOS E MEI; COMPORTAMENTO VOLTADO A ENGAJAMENTO COM PERFIS DE NEGÓCIOS E INFLUENCIADORES DE GESTÃO",2025_6_BR_REELS_GABRIELA BAILAS REELS_ACAO_SBRAE_2025_PSMN0289,Tráfego,Espírito Santo,102,"1,12",2,0,"2025-06-13-PSMN-102-1,12-2",50440,2.5,20176
2025-06-13,Sebrae Nacional - DEBRITO,1,facebook,sbrae_2025_psmn,psmn,"2025_6_BR_TRAF_CPC_MULHERES DE 25 A 45 ANOS; INTERESSES EM EMPREENDEDORISMO, PEQUENOS NEGÓCIOS E MEI; COMPORTAMENTO VOLTADO A ENGAJAMENTO COM PERFIS DE NEGÓCIOS E INFLUENCIADORES DE GESTÃO",2025_6_BR_REELS_VIC CERIDONO REELS_ACAO_SBRAE_2025_PSMN0290,Tráfego,Espírito Santo,1497,"7,78",28,0,"2025-06-13-PSMN-1497-7,78-28",50440,2.5,20176
2025-06-13,Sebrae Nacional - DEBRITO,1,facebook,sbrae_2025_psmn,psmn,"2025_6_BR_TRAF_CPC_MULHERES DE 25 A 45 ANOS; INTERESSES EM EMPREENDEDORISMO, PEQUENOS NEGÓCIOS E MEI; COMPORTAMENTO VOLTADO A ENGAJAMENTO COM PERFIS DE NEGÓCIOS E INFLUENCIADORES DE GESTÃO",2025_6_BR_STORIES_GABRIELA BAILAS STORIES_ACAO_SBRAE_2025_PSMN0292,Tráfego,Espírito Santo,3195,"36,13",162,0,"2025-06-13-PSMN-3195-36,13-162",50440,2.5,20176
2025-06-13,Sebrae Nacional - DEBRITO,1,facebook,sbrae_2025_psmn,psmn,"2025_6_BR_TRAF_CPC_MULHERES DE 25 A 45 ANOS; INTERESSES EM EMPREENDEDORISMO, PEQUENOS NEGÓCIOS E MEI; COMPORTAMENTO VOLTADO A ENGAJAMENTO COM PERFIS DE NEGÓCIOS E INFLUENCIADORES DE GESTÃO",2025_6_BR_STORIES_VIC CERIDONO STORIES_ACAO_SBRAE_2025_PSMN0291,Tráfego,Espírito Santo,7052,"56,07",221,0,"2025-06-13-PSMN-7052-56,07-221",50440,2.5,20176
2025-06-13,Sebrae Nacional - DEBRITO,1,facebook,sbrae_2025_psmn,psmn,"2025_6_BR_TRAF_CPC_MULHERES DE 25 A 45 ANOS; INTERESSES EM EMPREENDEDORISMO, PEQUENOS NEGÓCIOS E MEI; COMPORTAMENTO VOLTADO A ENGAJAMENTO COM PERFIS DE NEGÓCIOS E INFLUENCIADORES DE GESTÃO",2025_6_BR_CARD_KV_ACAO_SBRAE_2025_PSMN0293,Tráfego,Distrito Federal,794,"3,24",11,0,"2025-06-13-PSMN-794-3,24-11",50440,2.5,20176
2025-06-13,Sebrae Nacional - DEBRITO,1,facebook,sbrae_2025_psmn,psmn,"2025_6_BR_TRAF_CPC_MULHERES DE 25 A 45 ANOS; INTERESSES EM EMPREENDEDORISMO, PEQUENOS NEGÓCIOS E MEI; COMPORTAMENTO VOLTADO A ENGAJAMENTO COM PERFIS DE NEGÓCIOS E INFLUENCIADORES DE GESTÃO",2025_6_BR_REELS_GABRIELA BAILAS REELS_ACAO_SBRAE_2025_PSMN0289,Tráfego,Distrito Federal,110,"1,04",11,0,"2025-06-13-PSMN-110-1,04-11",50440,2.5,20176
2025-06-13,Sebrae Nacional - DEBRITO,1,facebook,sbrae_2025_psmn,psmn,"2025_6_BR_TRAF_CPC_MULHERES DE 25 A 45 ANOS; INTERESSES EM EMPREENDEDORISMO, PEQUENOS NEGÓCIOS E MEI; COMPORTAMENTO VOLTADO A ENGAJAMENTO COM PERFIS DE NEGÓCIOS E INFLUENCIADORES DE GESTÃO",2025_6_BR_REELS_VIC CERIDONO REELS_ACAO_SBRAE_2025_PSMN0290,Tráfego,Distrito Federal,632,"3,01",14,0,"2025-06-13-PSMN-632-3,01-14",50440,2.5,20176
2025-06-13,Sebrae Nacional - DEBRITO,1,facebook,sbrae_2025_psmn,psmn,"2025_6_BR_TRAF_CPC_MULHERES DE 25 A 45 ANOS; INTERESSES EM EMPREENDEDORISMO, PEQUENOS NEGÓCIOS E MEI; COMPORTAMENTO VOLTADO A ENGAJAMENTO COM PERFIS DE NEGÓCIOS E INFLUENCIADORES DE GESTÃO",2025_6_BR_STORIES_GABRIELA BAILAS STORIES_ACAO_SBRAE_2025_PSMN0292,Tráfego,Distrito Federal,814,"9,95",58,0,"2025-06-13-PSMN-814-9,95-58",50440,2.5,20176
2025-06-13,Sebrae Nacional - DEBRITO,1,facebook,sbrae_2025_psmn,psmn,"2025_6_BR_TRAF_CPC_MULHERES DE 25 A 45 ANOS; INTERESSES EM EMPREENDEDORISMO, PEQUENOS NEGÓCIOS E MEI; COMPORTAMENTO VOLTADO A ENGAJAMENTO COM PERFIS DE NEGÓCIOS E INFLUENCIADORES DE GESTÃO",2025_6_BR_STORIES_VIC CERIDONO STORIES_ACAO_SBRAE_2025_PSMN0291,Tráfego,Distrito Federal,3342,"25,02",94,0,"2025-06-13-PSMN-3342-25,02-94",50440,2.5,20176
2025-06-13,Sebrae Nacional - DEBRITO,1,facebook,sbrae_2025_psmn,psmn,"2025_6_BR_TRAF_CPC_MULHERES DE 25 A 45 ANOS; INTERESSES EM EMPREENDEDORISMO, PEQUENOS NEGÓCIOS E MEI; COMPORTAMENTO VOLTADO A ENGAJAMENTO COM PERFIS DE NEGÓCIOS E INFLUENCIADORES DE GESTÃO",2025_6_BR_CARD_KV_ACAO_SBRAE_2025_PSMN0293,Tráfego,Goiás,3740,"12,41",50,0,"2025-06-13-PSMN-3740-12,41-50",50440,2.5,20176
2025-06-13,Sebrae Nacional - DEBRITO,1,facebook,sbrae_2025_psmn,psmn,"2025_6_BR_TRAF_CPC_MULHERES DE 25 A 45 ANOS; INTERESSES EM EMPREENDEDORISMO, PEQUENOS NEGÓCIOS E MEI; COMPORTAMENTO VOLTADO A ENGAJAMENTO COM PERFIS DE NEGÓCIOS E INFLUENCIADORES DE GESTÃO",2025_6_BR_REELS_GABRIELA BAILAS REELS_ACAO_SBRAE_2025_PSMN0289,Tráfego,Goiás,185,"1,58",6,0,"2025-06-13-PSMN-185-1,58-6",50440,2.5,20176
2025-06-13,Sebrae Nacional - DEBRITO,1,facebook,sbrae_2025_psmn,psmn,"2025_6_BR_TRAF_CPC_MULHERES DE 25 A 45 ANOS; INTERESSES EM EMPREENDEDORISMO, PEQUENOS NEGÓCIOS E MEI; COMPORTAMENTO VOLTADO A ENGAJAMENTO COM PERFIS DE NEGÓCIOS E INFLUENCIADORES DE GESTÃO",2025_6_BR_REELS_VIC CERIDONO REELS_ACAO_SBRAE_2025_PSMN0290,Tráfego,Goiás,3383,"19,27",72,0,"2025-06-13-PSMN-3383-19,27-72",50440,2.5,20176
2025-06-13,Sebrae Nacional - DEBRITO,1,facebook,sbrae_2025_psmn,psmn,"2025_6_BR_TRAF_CPC_MULHERES DE 25 A 45 ANOS; INTERESSES EM EMPREENDEDORISMO, PEQUENOS NEGÓCIOS E MEI; COMPORTAMENTO VOLTADO A ENGAJAMENTO COM PERFIS DE NEGÓCIOS E INFLUENCIADORES DE GESTÃO",2025_6_BR_STORIES_GABRIELA BAILAS STORIES_ACAO_SBRAE_2025_PSMN0292,Tráfego,Goiás,4920,"52,81",217,0,"2025-06-13-PSMN-4920-52,81-217",50440,2.5,20176
2025-06-13,Sebrae Nacional - DEBRITO,1,facebook,sbrae_2025_psmn,psmn,"2025_6_BR_TRAF_CPC_MULHERES DE 25 A 45 ANOS; INTERESSES EM EMPREENDEDORISMO, PEQUENOS NEGÓCIOS E MEI; COMPORTAMENTO VOLTADO A ENGAJAMENTO COM PERFIS DE NEGÓCIOS E INFLUENCIADORES DE GESTÃO",2025_6_BR_STORIES_VIC CERIDONO STORIES_ACAO_SBRAE_2025_PSMN0291,Tráfego,Goiás,15621,"111,48",434,0,"2025-06-13-PSMN-15621-111,48-434",50440,2.5,20176
2025-06-13,Sebrae Nacional - DEBRITO,1,facebook,sbrae_2025_psmn,psmn,"2025_6_BR_TRAF_CPC_MULHERES DE 25 A 45 ANOS; INTERESSES EM EMPREENDEDORISMO, PEQUENOS NEGÓCIOS E MEI; COMPORTAMENTO VOLTADO A ENGAJAMENTO COM PERFIS DE NEGÓCIOS E INFLUENCIADORES DE GESTÃO",2025_6_BR_CARD_KV_ACAO_SBRAE_2025_PSMN0293,Tráfego,Maranhão,5824,"16,25",50,0,"2025-06-13-PSMN-5824-16,25-50",50440,2.5,20176
2025-06-13,Sebrae Nacional - DEBRITO,1,facebook,sbrae_2025_psmn,psmn,"2025_6_BR_TRAF_CPC_MULHERES DE 25 A 45 ANOS; INTERESSES EM EMPREENDEDORISMO, PEQUENOS NEGÓCIOS E MEI; COMPORTAMENTO VOLTADO A ENGAJAMENTO COM PERFIS DE NEGÓCIOS E INFLUENCIADORES DE GESTÃO",2025_6_BR_REELS_GABRIELA BAILAS REELS_ACAO_SBRAE_2025_PSMN0289,Tráfego,Maranhão,246,"1,61",6,0,"2025-06-13-PSMN-246-1,61-6",50440,2.5,20176
2025-06-13,Sebrae Nacional - DEBRITO,1,facebook,sbrae_2025_psmn,psmn,"2025_6_BR_TRAF_CPC_MULHERES DE 25 A 45 ANOS; INTERESSES EM EMPREENDEDORISMO, PEQUENOS NEGÓCIOS E MEI; COMPORTAMENTO VOLTADO A ENGAJAMENTO COM PERFIS DE NEGÓCIOS E INFLUENCIADORES DE GESTÃO",2025_6_BR_REELS_VIC CERIDONO REELS_ACAO_SBRAE_2025_PSMN0290,Tráfego,Maranhão,2859,"14,9",52,0,"2025-06-13-PSMN-2859-14,9-52",50440,2.5,20176
2025-06-13,Sebrae Nacional - DEBRITO,1,facebook,sbrae_2025_psmn,psmn,"2025_6_BR_TRAF_CPC_MULHERES DE 25 A 45 ANOS; INTERESSES EM EMPREENDEDORISMO, PEQUENOS NEGÓCIOS E MEI; COMPORTAMENTO VOLTADO A ENGAJAMENTO COM PERFIS DE NEGÓCIOS E INFLUENCIADORES DE GESTÃO",2025_6_BR_STORIES_GABRIELA BAILAS STORIES_ACAO_SBRAE_2025_PSMN0292,Tráfego,Maranhão,5691,"61,66",268,0,"2025-06-13-PSMN-5691-61,66-268",50440,2.5,20176
2025-06-13,Sebrae Nacional - DEBRITO,1,facebook,sbrae_2025_psmn,psmn,"2025_6_BR_TRAF_CPC_MULHERES DE 25 A 45 ANOS; INTERESSES EM EMPREENDEDORISMO, PEQUENOS NEGÓCIOS E MEI; COMPORTAMENTO VOLTADO A ENGAJAMENTO COM PERFIS DE NEGÓCIOS E INFLUENCIADORES DE GESTÃO",2025_6_BR_STORIES_VIC CERIDONO STORIES_ACAO_SBRAE_2025_PSMN0291,Tráfego,Maranhão,12075,"81,49",336,0,"2025-06-13-PSMN-12075-81,49-336",50440,2.5,20176
2025-06-13,Sebrae Nacional - DEBRITO,1,facebook,sbrae_2025_psmn,psmn,"2025_6_BR_TRAF_CPC_MULHERES DE 25 A 45 ANOS; INTERESSES EM EMPREENDEDORISMO, PEQUENOS NEGÓCIOS E MEI; COMPORTAMENTO VOLTADO A ENGAJAMENTO COM PERFIS DE NEGÓCIOS E INFLUENCIADORES DE GESTÃO",2025_6_BR_CARD_KV_ACAO_SBRAE_2025_PSMN0293,Tráfego,Mato Grosso,1269,"4,33",14,0,"2025-06-13-PSMN-1269-4,33-14",50440,2.5,20176
2025-06-13,Sebrae Nacional - DEBRITO,1,facebook,sbrae_2025_psmn,psmn,"2025_6_BR_TRAF_CPC_MULHERES DE 25 A 45 ANOS; INTERESSES EM EMPREENDEDORISMO, PEQUENOS NEGÓCIOS E MEI; COMPORTAMENTO VOLTADO A ENGAJAMENTO COM PERFIS DE NEGÓCIOS E INFLUENCIADORES DE GESTÃO",2025_6_BR_REELS_GABRIELA BAILAS REELS_ACAO_SBRAE_2025_PSMN0289,Tráfego,Mato Grosso,86,"0,84",2,0,"2025-06-13-PSMN-86-0,84-2",50440,2.5,20176
2025-06-13,Sebrae Nacional - DEBRITO,1,facebook,sbrae_2025_psmn,psmn,"2025_6_BR_TRAF_CPC_MULHERES DE 25 A 45 ANOS; INTERESSES EM EMPREENDEDORISMO, PEQUENOS NEGÓCIOS E MEI; COMPORTAMENTO VOLTADO A ENGAJAMENTO COM PERFIS DE NEGÓCIOS E INFLUENCIADORES DE GESTÃO",2025_6_BR_REELS_VIC CERIDONO REELS_ACAO_SBRAE_2025_PSMN0290,Tráfego,Mato Grosso,1493,"7,32",30,0,"2025-06-13-PSMN-1493-7,32-30",50440,2.5,20176
2025-06-13,Sebrae Nacional - DEBRITO,1,facebook,sbrae_2025_psmn,psmn,"2025_6_BR_TRAF_CPC_MULHERES DE 25 A 45 ANOS; INTERESSES EM EMPREENDEDORISMO, PEQUENOS NEGÓCIOS E MEI; COMPORTAMENTO VOLTADO A ENGAJAMENTO COM PERFIS DE NEGÓCIOS E INFLUENCIADORES DE GESTÃO",2025_6_BR_STORIES_GABRIELA BAILAS STORIES_ACAO_SBRAE_2025_PSMN0292,Tráfego,Mato Grosso,2274,"25,2",116,0,"2025-06-13-PSMN-2274-25,2-116",50440,2.5,20176
2025-06-13,Sebrae Nacional - DEBRITO,1,facebook,sbrae_2025_psmn,psmn,"2025_6_BR_TRAF_CPC_MULHERES DE 25 A 45 ANOS; INTERESSES EM EMPREENDEDORISMO, PEQUENOS NEGÓCIOS E MEI; COMPORTAMENTO VOLTADO A ENGAJAMENTO COM PERFIS DE NEGÓCIOS E INFLUENCIADORES DE GESTÃO",2025_6_BR_STORIES_VIC CERIDONO STORIES_ACAO_SBRAE_2025_PSMN0291,Tráfego,Mato Grosso,6619,"46,21",184,0,"2025-06-13-PSMN-6619-46,21-184",50440,2.5,20176
2025-06-13,Sebrae Nacional - DEBRITO,1,facebook,sbrae_2025_psmn,psmn,"2025_6_BR_TRAF_CPC_MULHERES DE 25 A 45 ANOS; INTERESSES EM EMPREENDEDORISMO, PEQUENOS NEGÓCIOS E MEI; COMPORTAMENTO VOLTADO A ENGAJAMENTO COM PERFIS DE NEGÓCIOS E INFLUENCIADORES DE GESTÃO",2025_6_BR_CARD_KV_ACAO_SBRAE_2025_PSMN0293,Tráfego,Mato Grosso do Sul,1170,"3,97",16,0,"2025-06-13-PSMN-1170-3,97-16",50440,2.5,20176
2025-06-13,Sebrae Nacional - DEBRITO,1,facebook,sbrae_2025_psmn,psmn,"2025_6_BR_TRAF_CPC_MULHERES DE 25 A 45 ANOS; INTERESSES EM EMPREENDEDORISMO, PEQUENOS NEGÓCIOS E MEI; COMPORTAMENTO VOLTADO A ENGAJAMENTO COM PERFIS DE NEGÓCIOS E INFLUENCIADORES DE GESTÃO",2025_6_BR_REELS_GABRIELA BAILAS REELS_ACAO_SBRAE_2025_PSMN0289,Tráfego,Mato Grosso do Sul,77,"0,82",6,0,"2025-06-13-PSMN-77-0,82-6",50440,2.5,20176
2025-06-13,Sebrae Nacional - DEBRITO,1,facebook,sbrae_2025_psmn,psmn,"2025_6_BR_TRAF_CPC_MULHERES DE 25 A 45 ANOS; INTERESSES EM EMPREENDEDORISMO, PEQUENOS NEGÓCIOS E MEI; COMPORTAMENTO VOLTADO A ENGAJAMENTO COM PERFIS DE NEGÓCIOS E INFLUENCIADORES DE GESTÃO",2025_6_BR_REELS_VIC CERIDONO REELS_ACAO_SBRAE_2025_PSMN0290,Tráfego,Mato Grosso do Sul,1523,"7,71",27,0,"2025-06-13-PSMN-1523-7,71-27",50440,2.5,20176
2025-06-13,Sebrae Nacional - DEBRITO,1,facebook,sbrae_2025_psmn,psmn,"2025_6_BR_TRAF_CPC_MULHERES DE 25 A 45 ANOS; INTERESSES EM EMPREENDEDORISMO, PEQUENOS NEGÓCIOS E MEI; COMPORTAMENTO VOLTADO A ENGAJAMENTO COM PERFIS DE NEGÓCIOS E INFLUENCIADORES DE GESTÃO",2025_6_BR_STORIES_GABRIELA BAILAS STORIES_ACAO_SBRAE_2025_PSMN0292,Tráfego,Mato Grosso do Sul,2174,"23,86",121,0,"2025-06-13-PSMN-2174-23,86-121",50440,2.5,20176
2025-06-13,Sebrae Nacional - DEBRITO,1,facebook,sbrae_2025_psmn,psmn,"2025_6_BR_TRAF_CPC_MULHERES DE 25 A 45 ANOS; INTERESSES EM EMPREENDEDORISMO, PEQUENOS NEGÓCIOS E MEI; COMPORTAMENTO VOLTADO A ENGAJAMENTO COM PERFIS DE NEGÓCIOS E INFLUENCIADORES DE GESTÃO",2025_6_BR_STORIES_VIC CERIDONO STORIES_ACAO_SBRAE_2025_PSMN0291,Tráfego,Mato Grosso do Sul,5712,"40,04",173,0,"2025-06-13-PSMN-5712-40,04-173",50440,2.5,20176
2025-06-13,Sebrae Nacional - DEBRITO,1,facebook,sbrae_2025_psmn,psmn,"2025_6_BR_TRAF_CPC_MULHERES DE 25 A 45 ANOS; INTERESSES EM EMPREENDEDORISMO, PEQUENOS NEGÓCIOS E MEI; COMPORTAMENTO VOLTADO A ENGAJAMENTO COM PERFIS DE NEGÓCIOS E INFLUENCIADORES DE GESTÃO",2025_6_BR_CARD_KV_ACAO_SBRAE_2025_PSMN0293,Tráfego,Minas Gerais,7808,"26,9",90,0,"2025-06-13-PSMN-7808-26,9-90",50440,2.5,20176
2025-06-13,Sebrae Nacional - DEBRITO,1,facebook,sbrae_2025_psmn,psmn,"2025_6_BR_TRAF_CPC_MULHERES DE 25 A 45 ANOS; INTERESSES EM EMPREENDEDORISMO, PEQUENOS NEGÓCIOS E MEI; COMPORTAMENTO VOLTADO A ENGAJAMENTO COM PERFIS DE NEGÓCIOS E INFLUENCIADORES DE GESTÃO",2025_6_BR_REELS_GABRIELA BAILAS REELS_ACAO_SBRAE_2025_PSMN0289,Tráfego,Minas Gerais,566,"5,01",21,0,"2025-06-13-PSMN-566-5,01-21",50440,2.5,20176
2025-06-13,Sebrae Nacional - DEBRITO,1,facebook,sbrae_2025_psmn,psmn,"2025_6_BR_TRAF_CPC_MULHERES DE 25 A 45 ANOS; INTERESSES EM EMPREENDEDORISMO, PEQUENOS NEGÓCIOS E MEI; COMPORTAMENTO VOLTADO A ENGAJAMENTO COM PERFIS DE NEGÓCIOS E INFLUENCIADORES DE GESTÃO",2025_6_BR_REELS_VIC CERIDONO REELS_ACAO_SBRAE_2025_PSMN0290,Tráfego,Minas Gerais,7381,"39,85",145,0,"2025-06-13-PSMN-7381-39,85-145",50440,2.5,20176
2025-06-13,Sebrae Nacional - DEBRITO,1,facebook,sbrae_2025_psmn,psmn,"2025_6_BR_TRAF_CPC_MULHERES DE 25 A 45 ANOS; INTERESSES EM EMPREENDEDORISMO, PEQUENOS NEGÓCIOS E MEI; COMPORTAMENTO VOLTADO A ENGAJAMENTO COM PERFIS DE NEGÓCIOS E INFLUENCIADORES DE GESTÃO",2025_6_BR_STORIES_GABRIELA BAILAS STORIES_ACAO_SBRAE_2025_PSMN0292,Tráfego,Minas Gerais,16159,"180,8",819,0,"2025-06-13-PSMN-16159-180,8-819",50440,2.5,20176
2025-06-13,Sebrae Nacional - DEBRITO,1,facebook,sbrae_2025_psmn,psmn,"2025_6_BR_TRAF_CPC_MULHERES DE 25 A 45 ANOS; INTERESSES EM EMPREENDEDORISMO, PEQUENOS NEGÓCIOS E MEI; COMPORTAMENTO VOLTADO A ENGAJAMENTO COM PERFIS DE NEGÓCIOS E INFLUENCIADORES DE GESTÃO",2025_6_BR_STORIES_VIC CERIDONO STORIES_ACAO_SBRAE_2025_PSMN0291,Tráfego,Minas Gerais,32279,"251,28",1071,0,"2025-06-13-PSMN-32279-251,28-1071",50440,2.5,20176
2025-06-13,Sebrae Nacional - DEBRITO,1,facebook,sbrae_2025_psmn,psmn,"2025_6_BR_TRAF_CPC_MULHERES DE 25 A 45 ANOS; INTERESSES EM EMPREENDEDORISMO, PEQUENOS NEGÓCIOS E MEI; COMPORTAMENTO VOLTADO A ENGAJAMENTO COM PERFIS DE NEGÓCIOS E INFLUENCIADORES DE GESTÃO",2025_6_BR_CARD_KV_ACAO_SBRAE_2025_PSMN0293,Tráfego,Paraná,1814,"6,48",30,0,"2025-06-13-PSMN-1814-6,48-30",50440,2.5,20176
2025-06-13,Sebrae Nacional - DEBRITO,1,facebook,sbrae_2025_psmn,psmn,"2025_6_BR_TRAF_CPC_MULHERES DE 25 A 45 ANOS; INTERESSES EM EMPREENDEDORISMO, PEQUENOS NEGÓCIOS E MEI; COMPORTAMENTO VOLTADO A ENGAJAMENTO COM PERFIS DE NEGÓCIOS E INFLUENCIADORES DE GESTÃO",2025_6_BR_REELS_GABRIELA BAILAS REELS_ACAO_SBRAE_2025_PSMN0289,Tráfego,Paraná,227,"2,01",7,0,"2025-06-13-PSMN-227-2,01-7",50440,2.5,20176
2025-06-13,Sebrae Nacional - DEBRITO,1,facebook,sbrae_2025_psmn,psmn,"2025_6_BR_TRAF_CPC_MULHERES DE 25 A 45 ANOS; INTERESSES EM EMPREENDEDORISMO, PEQUENOS NEGÓCIOS E MEI; COMPORTAMENTO VOLTADO A ENGAJAMENTO COM PERFIS DE NEGÓCIOS E INFLUENCIADORES DE GESTÃO",2025_6_BR_REELS_VIC CERIDONO REELS_ACAO_SBRAE_2025_PSMN0290,Tráfego,Paraná,3109,"16,97",62,0,"2025-06-13-PSMN-3109-16,97-62",50440,2.5,20176
2025-06-13,Sebrae Nacional - DEBRITO,1,facebook,sbrae_2025_psmn,psmn,"2025_6_BR_TRAF_CPC_MULHERES DE 25 A 45 ANOS; INTERESSES EM EMPREENDEDORISMO, PEQUENOS NEGÓCIOS E MEI; COMPORTAMENTO VOLTADO A ENGAJAMENTO COM PERFIS DE NEGÓCIOS E INFLUENCIADORES DE GESTÃO",2025_6_BR_STORIES_GABRIELA BAILAS STORIES_ACAO_SBRAE_2025_PSMN0292,Tráfego,Paraná,7380,"76,56",393,0,"2025-06-13-PSMN-7380-76,56-393",50440,2.5,20176
2025-06-13,Sebrae Nacional - DEBRITO,1,facebook,sbrae_2025_psmn,psmn,"2025_6_BR_TRAF_CPC_MULHERES DE 25 A 45 ANOS; INTERESSES EM EMPREENDEDORISMO, PEQUENOS NEGÓCIOS E MEI; COMPORTAMENTO VOLTADO A ENGAJAMENTO COM PERFIS DE NEGÓCIOS E INFLUENCIADORES DE GESTÃO",2025_6_BR_STORIES_VIC CERIDONO STORIES_ACAO_SBRAE_2025_PSMN0291,Tráfego,Paraná,14961,"117,01",529,0,"2025-06-13-PSMN-14961-117,01-529",50440,2.5,20176
2025-06-13,Sebrae Nacional - DEBRITO,1,facebook,sbrae_2025_psmn,psmn,"2025_6_BR_TRAF_CPC_MULHERES DE 25 A 45 ANOS; INTERESSES EM EMPREENDEDORISMO, PEQUENOS NEGÓCIOS E MEI; COMPORTAMENTO VOLTADO A ENGAJAMENTO COM PERFIS DE NEGÓCIOS E INFLUENCIADORES DE GESTÃO",2025_6_BR_CARD_KV_ACAO_SBRAE_2025_PSMN0293,Tráfego,Paraíba,6293,"17,88",62,0,"2025-06-13-PSMN-6293-17,88-62",50440,2.5,20176
2025-06-13,Sebrae Nacional - DEBRITO,1,facebook,sbrae_2025_psmn,psmn,"2025_6_BR_TRAF_CPC_MULHERES DE 25 A 45 ANOS; INTERESSES EM EMPREENDEDORISMO, PEQUENOS NEGÓCIOS E MEI; COMPORTAMENTO VOLTADO A ENGAJAMENTO COM PERFIS DE NEGÓCIOS E INFLUENCIADORES DE GESTÃO",2025_6_BR_REELS_GABRIELA BAILAS REELS_ACAO_SBRAE_2025_PSMN0289,Tráfego,Paraíba,367,"2,54",10,0,"2025-06-13-PSMN-367-2,54-10",50440,2.5,20176
2025-06-13,Sebrae Nacional - DEBRITO,1,facebook,sbrae_2025_psmn,psmn,"2025_6_BR_TRAF_CPC_MULHERES DE 25 A 45 ANOS; INTERESSES EM EMPREENDEDORISMO, PEQUENOS NEGÓCIOS E MEI; COMPORTAMENTO VOLTADO A ENGAJAMENTO COM PERFIS DE NEGÓCIOS E INFLUENCIADORES DE GESTÃO",2025_6_BR_REELS_VIC CERIDONO REELS_ACAO_SBRAE_2025_PSMN0290,Tráfego,Paraíba,3832,"22,45",72,0,"2025-06-13-PSMN-3832-22,45-72",50440,2.5,20176
2025-06-13,Sebrae Nacional - DEBRITO,1,facebook,sbrae_2025_psmn,psmn,"2025_6_BR_TRAF_CPC_MULHERES DE 25 A 45 ANOS; INTERESSES EM EMPREENDEDORISMO, PEQUENOS NEGÓCIOS E MEI; COMPORTAMENTO VOLTADO A ENGAJAMENTO COM PERFIS DE NEGÓCIOS E INFLUENCIADORES DE GESTÃO",2025_6_BR_STORIES_GABRIELA BAILAS STORIES_ACAO_SBRAE_2025_PSMN0292,Tráfego,Paraíba,9788,"86,3",381,0,"2025-06-13-PSMN-9788-86,3-381",50440,2.5,20176
2025-06-13,Sebrae Nacional - DEBRITO,1,facebook,sbrae_2025_psmn,psmn,"2025_6_BR_TRAF_CPC_MULHERES DE 25 A 45 ANOS; INTERESSES EM EMPREENDEDORISMO, PEQUENOS NEGÓCIOS E MEI; COMPORTAMENTO VOLTADO A ENGAJAMENTO COM PERFIS DE NEGÓCIOS E INFLUENCIADORES DE GESTÃO",2025_6_BR_STORIES_VIC CERIDONO STORIES_ACAO_SBRAE_2025_PSMN0291,Tráfego,Paraíba,13294,"85,78",345,0,"2025-06-13-PSMN-13294-85,78-345",50440,2.5,20176
2025-06-13,Sebrae Nacional - DEBRITO,1,facebook,sbrae_2025_psmn,psmn,"2025_6_BR_TRAF_CPC_MULHERES DE 25 A 45 ANOS; INTERESSES EM EMPREENDEDORISMO, PEQUENOS NEGÓCIOS E MEI; COMPORTAMENTO VOLTADO A ENGAJAMENTO COM PERFIS DE NEGÓCIOS E INFLUENCIADORES DE GESTÃO",2025_6_BR_CARD_KV_ACAO_SBRAE_2025_PSMN0293,Tráfego,Pará,4472,"12,48",46,0,"2025-06-13-PSMN-4472-12,48-46",50440,2.5,20176
2025-06-13,Sebrae Nacional - DEBRITO,1,facebook,sbrae_2025_psmn,psmn,"2025_6_BR_TRAF_CPC_MULHERES DE 25 A 45 ANOS; INTERESSES EM EMPREENDEDORISMO, PEQUENOS NEGÓCIOS E MEI; COMPORTAMENTO VOLTADO A ENGAJAMENTO COM PERFIS DE NEGÓCIOS E INFLUENCIADORES DE GESTÃO",2025_6_BR_REELS_GABRIELA BAILAS REELS_ACAO_SBRAE_2025_PSMN0289,Tráfego,Pará,273,"2,25",9,0,"2025-06-13-PSMN-273-2,25-9",50440,2.5,20176
2025-06-13,Sebrae Nacional - DEBRITO,1,facebook,sbrae_2025_psmn,psmn,"2025_6_BR_TRAF_CPC_MULHERES DE 25 A 45 ANOS; INTERESSES EM EMPREENDEDORISMO, PEQUENOS NEGÓCIOS E MEI; COMPORTAMENTO VOLTADO A ENGAJAMENTO COM PERFIS DE NEGÓCIOS E INFLUENCIADORES DE GESTÃO",2025_6_BR_REELS_VIC CERIDONO REELS_ACAO_SBRAE_2025_PSMN0290,Tráfego,Pará,4010,"19,18",69,0,"2025-06-13-PSMN-4010-19,18-69",50440,2.5,20176
2025-06-13,Sebrae Nacional - DEBRITO,1,facebook,sbrae_2025_psmn,psmn,"2025_6_BR_TRAF_CPC_MULHERES DE 25 A 45 ANOS; INTERESSES EM EMPREENDEDORISMO, PEQUENOS NEGÓCIOS E MEI; COMPORTAMENTO VOLTADO A ENGAJAMENTO COM PERFIS DE NEGÓCIOS E INFLUENCIADORES DE GESTÃO",2025_6_BR_STORIES_GABRIELA BAILAS STORIES_ACAO_SBRAE_2025_PSMN0292,Tráfego,Pará,6863,"67,94",320,0,"2025-06-13-PSMN-6863-67,94-320",50440,2.5,20176
2025-06-13,Sebrae Nacional - DEBRITO,1,facebook,sbrae_2025_psmn,psmn,"2025_6_BR_TRAF_CPC_MULHERES DE 25 A 45 ANOS; INTERESSES EM EMPREENDEDORISMO, PEQUENOS NEGÓCIOS E MEI; COMPORTAMENTO VOLTADO A ENGAJAMENTO COM PERFIS DE NEGÓCIOS E INFLUENCIADORES DE GESTÃO",2025_6_BR_STORIES_VIC CERIDONO STORIES_ACAO_SBRAE_2025_PSMN0291,Tráfego,Pará,15818,"101,35",500,0,"2025-06-13-PSMN-15818-101,35-500",50440,2.5,20176
2025-06-13,Sebrae Nacional - DEBRITO,1,facebook,sbrae_2025_psmn,psmn,"2025_6_BR_TRAF_CPC_MULHERES DE 25 A 45 ANOS; INTERESSES EM EMPREENDEDORISMO, PEQUENOS NEGÓCIOS E MEI; COMPORTAMENTO VOLTADO A ENGAJAMENTO COM PERFIS DE NEGÓCIOS E INFLUENCIADORES DE GESTÃO",2025_6_BR_CARD_KV_ACAO_SBRAE_2025_PSMN0293,Tráfego,Pernambuco,12573,"35,13",119,0,"2025-06-13-PSMN-12573-35,13-119",50440,2.5,20176
2025-06-13,Sebrae Nacional - DEBRITO,1,facebook,sbrae_2025_psmn,psmn,"2025_6_BR_TRAF_CPC_MULHERES DE 25 A 45 ANOS; INTERESSES EM EMPREENDEDORISMO, PEQUENOS NEGÓCIOS E MEI; COMPORTAMENTO VOLTADO A ENGAJAMENTO COM PERFIS DE NEGÓCIOS E INFLUENCIADORES DE GESTÃO",2025_6_BR_REELS_GABRIELA BAILAS REELS_ACAO_SBRAE_2025_PSMN0289,Tráfego,Pernambuco,678,"5,05",9,0,"2025-06-13-PSMN-678-5,05-9",50440,2.5,20176
2025-06-13,Sebrae Nacional - DEBRITO,1,facebook,sbrae_2025_psmn,psmn,"2025_6_BR_TRAF_CPC_MULHERES DE 25 A 45 ANOS; INTERESSES EM EMPREENDEDORISMO, PEQUENOS NEGÓCIOS E MEI; COMPORTAMENTO VOLTADO A ENGAJAMENTO COM PERFIS DE NEGÓCIOS E INFLUENCIADORES DE GESTÃO",2025_6_BR_REELS_VIC CERIDONO REELS_ACAO_SBRAE_2025_PSMN0290,Tráfego,Pernambuco,6881,"38,23",135,0,"2025-06-13-PSMN-6881-38,23-135",50440,2.5,20176
2025-06-13,Sebrae Nacional - DEBRITO,1,facebook,sbrae_2025_psmn,psmn,"2025_6_BR_TRAF_CPC_MULHERES DE 25 A 45 ANOS; INTERESSES EM EMPREENDEDORISMO, PEQUENOS NEGÓCIOS E MEI; COMPORTAMENTO VOLTADO A ENGAJAMENTO COM PERFIS DE NEGÓCIOS E INFLUENCIADORES DE GESTÃO",2025_6_BR_STORIES_GABRIELA BAILAS STORIES_ACAO_SBRAE_2025_PSMN0292,Tráfego,Pernambuco,16155,"157,57",719,0,"2025-06-13-PSMN-16155-157,57-719",50440,2.5,20176
2025-06-13,Sebrae Nacional - DEBRITO,1,facebook,sbrae_2025_psmn,psmn,"2025_6_BR_TRAF_CPC_MULHERES DE 25 A 45 ANOS; INTERESSES EM EMPREENDEDORISMO, PEQUENOS NEGÓCIOS E MEI; COMPORTAMENTO VOLTADO A ENGAJAMENTO COM PERFIS DE NEGÓCIOS E INFLUENCIADORES DE GESTÃO",2025_6_BR_STORIES_VIC CERIDONO STORIES_ACAO_SBRAE_2025_PSMN0291,Tráfego,Pernambuco,23944,"165,48",695,0,"2025-06-13-PSMN-23944-165,48-695",50440,2.5,20176
2025-06-13,Sebrae Nacional - DEBRITO,1,facebook,sbrae_2025_psmn,psmn,"2025_6_BR_TRAF_CPC_MULHERES DE 25 A 45 ANOS; INTERESSES EM EMPREENDEDORISMO, PEQUENOS NEGÓCIOS E MEI; COMPORTAMENTO VOLTADO A ENGAJAMENTO COM PERFIS DE NEGÓCIOS E INFLUENCIADORES DE GESTÃO",2025_6_BR_CARD_KV_ACAO_SBRAE_2025_PSMN0293,Tráfego,Piauí,3669,"10,84",37,0,"2025-06-13-PSMN-3669-10,84-37",50440,2.5,20176
2025-06-13,Sebrae Nacional - DEBRITO,1,facebook,sbrae_2025_psmn,psmn,"2025_6_BR_TRAF_CPC_MULHERES DE 25 A 45 ANOS; INTERESSES EM EMPREENDEDORISMO, PEQUENOS NEGÓCIOS E MEI; COMPORTAMENTO VOLTADO A ENGAJAMENTO COM PERFIS DE NEGÓCIOS E INFLUENCIADORES DE GESTÃO",2025_6_BR_REELS_GABRIELA BAILAS REELS_ACAO_SBRAE_2025_PSMN0289,Tráfego,Piauí,216,"1,26",4,0,"2025-06-13-PSMN-216-1,26-4",50440,2.5,20176
2025-06-13,Sebrae Nacional - DEBRITO,1,facebook,sbrae_2025_psmn,psmn,"2025_6_BR_TRAF_CPC_MULHERES DE 25 A 45 ANOS; INTERESSES EM EMPREENDEDORISMO, PEQUENOS NEGÓCIOS E MEI; COMPORTAMENTO VOLTADO A ENGAJAMENTO COM PERFIS DE NEGÓCIOS E INFLUENCIADORES DE GESTÃO",2025_6_BR_REELS_VIC CERIDONO REELS_ACAO_SBRAE_2025_PSMN0290,Tráfego,Piauí,2144,"11,13",44,0,"2025-06-13-PSMN-2144-11,13-44",50440,2.5,20176
2025-06-13,Sebrae Nacional - DEBRITO,1,facebook,sbrae_2025_psmn,psmn,"2025_6_BR_TRAF_CPC_MULHERES DE 25 A 45 ANOS; INTERESSES EM EMPREENDEDORISMO, PEQUENOS NEGÓCIOS E MEI; COMPORTAMENTO VOLTADO A ENGAJAMENTO COM PERFIS DE NEGÓCIOS E INFLUENCIADORES DE GESTÃO",2025_6_BR_STORIES_GABRIELA BAILAS STORIES_ACAO_SBRAE_2025_PSMN0292,Tráfego,Piauí,5775,"55,77",274,0,"2025-06-13-PSMN-5775-55,77-274",50440,2.5,20176
2025-06-13,Sebrae Nacional - DEBRITO,1,facebook,sbrae_2025_psmn,psmn,"2025_6_BR_TRAF_CPC_MULHERES DE 25 A 45 ANOS; INTERESSES EM EMPREENDEDORISMO, PEQUENOS NEGÓCIOS E MEI; COMPORTAMENTO VOLTADO A ENGAJAMENTO COM PERFIS DE NEGÓCIOS E INFLUENCIADORES DE GESTÃO",2025_6_BR_STORIES_VIC CERIDONO STORIES_ACAO_SBRAE_2025_PSMN0291,Tráfego,Piauí,8577,"58,35",255,0,"2025-06-13-PSMN-8577-58,35-255",50440,2.5,20176
2025-06-13,Sebrae Nacional - DEBRITO,1,facebook,sbrae_2025_psmn,psmn,"2025_6_BR_TRAF_CPC_MULHERES DE 25 A 45 ANOS; INTERESSES EM EMPREENDEDORISMO, PEQUENOS NEGÓCIOS E MEI; COMPORTAMENTO VOLTADO A ENGAJAMENTO COM PERFIS DE NEGÓCIOS E INFLUENCIADORES DE GESTÃO",2025_6_BR_CARD_KV_ACAO_SBRAE_2025_PSMN0293,Tráfego,Rio Grande do Norte,5308,"14,51",55,0,"2025-06-13-PSMN-5308-14,51-55",50440,2.5,20176
2025-06-13,Sebrae Nacional - DEBRITO,1,facebook,sbrae_2025_psmn,psmn,"2025_6_BR_TRAF_CPC_MULHERES DE 25 A 45 ANOS; INTERESSES EM EMPREENDEDORISMO, PEQUENOS NEGÓCIOS E MEI; COMPORTAMENTO VOLTADO A ENGAJAMENTO COM PERFIS DE NEGÓCIOS E INFLUENCIADORES DE GESTÃO",2025_6_BR_REELS_GABRIELA BAILAS REELS_ACAO_SBRAE_2025_PSMN0289,Tráfego,Rio Grande do Norte,423,"3,27",15,0,"2025-06-13-PSMN-423-3,27-15",50440,2.5,20176
2025-06-13,Sebrae Nacional - DEBRITO,1,facebook,sbrae_2025_psmn,psmn,"2025_6_BR_TRAF_CPC_MULHERES DE 25 A 45 ANOS; INTERESSES EM EMPREENDEDORISMO, PEQUENOS NEGÓCIOS E MEI; COMPORTAMENTO VOLTADO A ENGAJAMENTO COM PERFIS DE NEGÓCIOS E INFLUENCIADORES DE GESTÃO",2025_6_BR_REELS_VIC CERIDONO REELS_ACAO_SBRAE_2025_PSMN0290,Tráfego,Rio Grande do Norte,3395,"19,51",77,0,"2025-06-13-PSMN-3395-19,51-77",50440,2.5,20176
2025-06-13,Sebrae Nacional - DEBRITO,1,facebook,sbrae_2025_psmn,psmn,"2025_6_BR_TRAF_CPC_MULHERES DE 25 A 45 ANOS; INTERESSES EM EMPREENDEDORISMO, PEQUENOS NEGÓCIOS E MEI; COMPORTAMENTO VOLTADO A ENGAJAMENTO COM PERFIS DE NEGÓCIOS E INFLUENCIADORES DE GESTÃO",2025_6_BR_STORIES_GABRIELA BAILAS STORIES_ACAO_SBRAE_2025_PSMN0292,Tráfego,Rio Grande do Norte,7872,"75,16",323,0,"2025-06-13-PSMN-7872-75,16-323",50440,2.5,20176
2025-06-13,Sebrae Nacional - DEBRITO,1,facebook,sbrae_2025_psmn,psmn,"2025_6_BR_TRAF_CPC_MULHERES DE 25 A 45 ANOS; INTERESSES EM EMPREENDEDORISMO, PEQUENOS NEGÓCIOS E MEI; COMPORTAMENTO VOLTADO A ENGAJAMENTO COM PERFIS DE NEGÓCIOS E INFLUENCIADORES DE GESTÃO",2025_6_BR_STORIES_VIC CERIDONO STORIES_ACAO_SBRAE_2025_PSMN0291,Tráfego,Rio Grande do Norte,11271,"75,72",296,0,"2025-06-13-PSMN-11271-75,72-296",50440,2.5,20176
2025-06-13,Sebrae Nacional - DEBRITO,1,facebook,sbrae_2025_psmn,psmn,"2025_6_BR_TRAF_CPC_MULHERES DE 25 A 45 ANOS; INTERESSES EM EMPREENDEDORISMO, PEQUENOS NEGÓCIOS E MEI; COMPORTAMENTO VOLTADO A ENGAJAMENTO COM PERFIS DE NEGÓCIOS E INFLUENCIADORES DE GESTÃO",2025_6_BR_CARD_KV_ACAO_SBRAE_2025_PSMN0293,Tráfego,Rio Grande do Sul,2804,"10,03",30,0,"2025-06-13-PSMN-2804-10,03-30",50440,2.5,20176
2025-06-13,Sebrae Nacional - DEBRITO,1,facebook,sbrae_2025_psmn,psmn,"2025_6_BR_TRAF_CPC_MULHERES DE 25 A 45 ANOS; INTERESSES EM EMPREENDEDORISMO, PEQUENOS NEGÓCIOS E MEI; COMPORTAMENTO VOLTADO A ENGAJAMENTO COM PERFIS DE NEGÓCIOS E INFLUENCIADORES DE GESTÃO",2025_6_BR_REELS_GABRIELA BAILAS REELS_ACAO_SBRAE_2025_PSMN0289,Tráfego,Rio Grande do Sul,491,"4,41",22,0,"2025-06-13-PSMN-491-4,41-22",50440,2.5,20176
2025-06-13,Sebrae Nacional - DEBRITO,1,facebook,sbrae_2025_psmn,psmn,"2025_6_BR_TRAF_CPC_MULHERES DE 25 A 45 ANOS; INTERESSES EM EMPREENDEDORISMO, PEQUENOS NEGÓCIOS E MEI; COMPORTAMENTO VOLTADO A ENGAJAMENTO COM PERFIS DE NEGÓCIOS E INFLUENCIADORES DE GESTÃO",2025_6_BR_REELS_VIC CERIDONO REELS_ACAO_SBRAE_2025_PSMN0290,Tráfego,Rio Grande do Sul,5830,"34,29",126,0,"2025-06-13-PSMN-5830-34,29-126",50440,2.5,20176
2025-06-13,Sebrae Nacional - DEBRITO,1,facebook,sbrae_2025_psmn,psmn,"2025_6_BR_TRAF_CPC_MULHERES DE 25 A 45 ANOS; INTERESSES EM EMPREENDEDORISMO, PEQUENOS NEGÓCIOS E MEI; COMPORTAMENTO VOLTADO A ENGAJAMENTO COM PERFIS DE NEGÓCIOS E INFLUENCIADORES DE GESTÃO",2025_6_BR_STORIES_GABRIELA BAILAS STORIES_ACAO_SBRAE_2025_PSMN0292,Tráfego,Rio Grande do Sul,13922,"128,91",597,0,"2025-06-13-PSMN-13922-128,91-597",50440,2.5,20176
2025-06-13,Sebrae Nacional - DEBRITO,1,facebook,sbrae_2025_psmn,psmn,"2025_6_BR_TRAF_CPC_MULHERES DE 25 A 45 ANOS; INTERESSES EM EMPREENDEDORISMO, PEQUENOS NEGÓCIOS E MEI; COMPORTAMENTO VOLTADO A ENGAJAMENTO COM PERFIS DE NEGÓCIOS E INFLUENCIADORES DE GESTÃO",2025_6_BR_STORIES_VIC CERIDONO STORIES_ACAO_SBRAE_2025_PSMN0291,Tráfego,Rio Grande do Sul,20657,"151,25",626,0,"2025-06-13-PSMN-20657-151,25-626",50440,2.5,20176
2025-06-13,Sebrae Nacional - DEBRITO,1,facebook,sbrae_2025_psmn,psmn,"2025_6_BR_TRAF_CPC_MULHERES DE 25 A 45 ANOS; INTERESSES EM EMPREENDEDORISMO, PEQUENOS NEGÓCIOS E MEI; COMPORTAMENTO VOLTADO A ENGAJAMENTO COM PERFIS DE NEGÓCIOS E INFLUENCIADORES DE GESTÃO",2025_6_BR_CARD_KV_ACAO_SBRAE_2025_PSMN0293,Tráfego,Rio de Janeiro,6477,"23,49",80,0,"2025-06-13-PSMN-6477-23,49-80",50440,2.5,20176
2025-06-13,Sebrae Nacional - DEBRITO,1,facebook,sbrae_2025_psmn,psmn,"2025_6_BR_TRAF_CPC_MULHERES DE 25 A 45 ANOS; INTERESSES EM EMPREENDEDORISMO, PEQUENOS NEGÓCIOS E MEI; COMPORTAMENTO VOLTADO A ENGAJAMENTO COM PERFIS DE NEGÓCIOS E INFLUENCIADORES DE GESTÃO",2025_6_BR_REELS_GABRIELA BAILAS REELS_ACAO_SBRAE_2025_PSMN0289,Tráfego,Rio de Janeiro,417,"4,54",18,0,"2025-06-13-PSMN-417-4,54-18",50440,2.5,20176
2025-06-13,Sebrae Nacional - DEBRITO,1,facebook,sbrae_2025_psmn,psmn,"2025_6_BR_TRAF_CPC_MULHERES DE 25 A 45 ANOS; INTERESSES EM EMPREENDEDORISMO, PEQUENOS NEGÓCIOS E MEI; COMPORTAMENTO VOLTADO A ENGAJAMENTO COM PERFIS DE NEGÓCIOS E INFLUENCIADORES DE GESTÃO",2025_6_BR_REELS_VIC CERIDONO REELS_ACAO_SBRAE_2025_PSMN0290,Tráfego,Rio de Janeiro,6379,"37,02",123,0,"2025-06-13-PSMN-6379-37,02-123",50440,2.5,20176
2025-06-13,Sebrae Nacional - DEBRITO,1,facebook,sbrae_2025_psmn,psmn,"2025_6_BR_TRAF_CPC_MULHERES DE 25 A 45 ANOS; INTERESSES EM EMPREENDEDORISMO, PEQUENOS NEGÓCIOS E MEI; COMPORTAMENTO VOLTADO A ENGAJAMENTO COM PERFIS DE NEGÓCIOS E INFLUENCIADORES DE GESTÃO",2025_6_BR_STORIES_GABRIELA BAILAS STORIES_ACAO_SBRAE_2025_PSMN0292,Tráfego,Rio de Janeiro,8519,"103,11",466,0,"2025-06-13-PSMN-8519-103,11-466",50440,2.5,20176
2025-06-13,Sebrae Nacional - DEBRITO,1,facebook,sbrae_2025_psmn,psmn,"2025_6_BR_TRAF_CPC_MULHERES DE 25 A 45 ANOS; INTERESSES EM EMPREENDEDORISMO, PEQUENOS NEGÓCIOS E MEI; COMPORTAMENTO VOLTADO A ENGAJAMENTO COM PERFIS DE NEGÓCIOS E INFLUENCIADORES DE GESTÃO",2025_6_BR_STORIES_VIC CERIDONO STORIES_ACAO_SBRAE_2025_PSMN0291,Tráfego,Rio de Janeiro,19415,"155,64",606,0,"2025-06-13-PSMN-19415-155,64-606",50440,2.5,20176
2025-06-13,Sebrae Nacional - DEBRITO,1,facebook,sbrae_2025_psmn,psmn,"2025_6_BR_TRAF_CPC_MULHERES DE 25 A 45 ANOS; INTERESSES EM EMPREENDEDORISMO, PEQUENOS NEGÓCIOS E MEI; COMPORTAMENTO VOLTADO A ENGAJAMENTO COM PERFIS DE NEGÓCIOS E INFLUENCIADORES DE GESTÃO",2025_6_BR_CARD_KV_ACAO_SBRAE_2025_PSMN0293,Tráfego,Rondônia,661,"2,1",10,0,"2025-06-13-PSMN-661-2,1-10",50440,2.5,20176
2025-06-13,Sebrae Nacional - DEBRITO,1,facebook,sbrae_2025_psmn,psmn,"2025_6_BR_TRAF_CPC_MULHERES DE 25 A 45 ANOS; INTERESSES EM EMPREENDEDORISMO, PEQUENOS NEGÓCIOS E MEI; COMPORTAMENTO VOLTADO A ENGAJAMENTO COM PERFIS DE NEGÓCIOS E INFLUENCIADORES DE GESTÃO",2025_6_BR_REELS_GABRIELA BAILAS REELS_ACAO_SBRAE_2025_PSMN0289,Tráfego,Rondônia,52,"0,5",4,0,"2025-06-13-PSMN-52-0,5-4",50440,2.5,20176
2025-06-13,Sebrae Nacional - DEBRITO,1,facebook,sbrae_2025_psmn,psmn,"2025_6_BR_TRAF_CPC_MULHERES DE 25 A 45 ANOS; INTERESSES EM EMPREENDEDORISMO, PEQUENOS NEGÓCIOS E MEI; COMPORTAMENTO VOLTADO A ENGAJAMENTO COM PERFIS DE NEGÓCIOS E INFLUENCIADORES DE GESTÃO",2025_6_BR_REELS_VIC CERIDONO REELS_ACAO_SBRAE_2025_PSMN0290,Tráfego,Rondônia,851,"4,02",17,0,"2025-06-13-PSMN-851-4,02-17",50440,2.5,20176
2025-06-13,Sebrae Nacional - DEBRITO,1,facebook,sbrae_2025_psmn,psmn,"2025_6_BR_TRAF_CPC_MULHERES DE 25 A 45 ANOS; INTERESSES EM EMPREENDEDORISMO, PEQUENOS NEGÓCIOS E MEI; COMPORTAMENTO VOLTADO A ENGAJAMENTO COM PERFIS DE NEGÓCIOS E INFLUENCIADORES DE GESTÃO",2025_6_BR_STORIES_GABRIELA BAILAS STORIES_ACAO_SBRAE_2025_PSMN0292,Tráfego,Rondônia,1283,"12,8",56,0,"2025-06-13-PSMN-1283-12,8-56",50440,2.5,20176
2025-06-13,Sebrae Nacional - DEBRITO,1,facebook,sbrae_2025_psmn,psmn,"2025_6_BR_TRAF_CPC_MULHERES DE 25 A 45 ANOS; INTERESSES EM EMPREENDEDORISMO, PEQUENOS NEGÓCIOS E MEI; COMPORTAMENTO VOLTADO A ENGAJAMENTO COM PERFIS DE NEGÓCIOS E INFLUENCIADORES DE GESTÃO",2025_6_BR_STORIES_VIC CERIDONO STORIES_ACAO_SBRAE_2025_PSMN0291,Tráfego,Rondônia,3464,"23,2",89,0,"2025-06-13-PSMN-3464-23,2-89",50440,2.5,20176
2025-06-13,Sebrae Nacional - DEBRITO,1,facebook,sbrae_2025_psmn,psmn,"2025_6_BR_TRAF_CPC_MULHERES DE 25 A 45 ANOS; INTERESSES EM EMPREENDEDORISMO, PEQUENOS NEGÓCIOS E MEI; COMPORTAMENTO VOLTADO A ENGAJAMENTO COM PERFIS DE NEGÓCIOS E INFLUENCIADORES DE GESTÃO",2025_6_BR_CARD_KV_ACAO_SBRAE_2025_PSMN0293,Tráfego,Roraima,263,"0,77",4,0,"2025-06-13-PSMN-263-0,77-4",50440,2.5,20176
2025-06-13,Sebrae Nacional - DEBRITO,1,facebook,sbrae_2025_psmn,psmn,"2025_6_BR_TRAF_CPC_MULHERES DE 25 A 45 ANOS; INTERESSES EM EMPREENDEDORISMO, PEQUENOS NEGÓCIOS E MEI; COMPORTAMENTO VOLTADO A ENGAJAMENTO COM PERFIS DE NEGÓCIOS E INFLUENCIADORES DE GESTÃO",2025_6_BR_REELS_GABRIELA BAILAS REELS_ACAO_SBRAE_2025_PSMN0289,Tráfego,Roraima,17,"0,17",0,0,"2025-06-13-PSMN-17-0,17-0",50440,2.5,20176
2025-06-13,Sebrae Nacional - DEBRITO,1,facebook,sbrae_2025_psmn,psmn,"2025_6_BR_TRAF_CPC_MULHERES DE 25 A 45 ANOS; INTERESSES EM EMPREENDEDORISMO, PEQUENOS NEGÓCIOS E MEI; COMPORTAMENTO VOLTADO A ENGAJAMENTO COM PERFIS DE NEGÓCIOS E INFLUENCIADORES DE GESTÃO",2025_6_BR_REELS_VIC CERIDONO REELS_ACAO_SBRAE_2025_PSMN0290,Tráfego,Roraima,245,"1,83",9,0,"2025-06-13-PSMN-245-1,83-9",50440,2.5,20176
2025-06-13,Sebrae Nacional - DEBRITO,1,facebook,sbrae_2025_psmn,psmn,"2025_6_BR_TRAF_CPC_MULHERES DE 25 A 45 ANOS; INTERESSES EM EMPREENDEDORISMO, PEQUENOS NEGÓCIOS E MEI; COMPORTAMENTO VOLTADO A ENGAJAMENTO COM PERFIS DE NEGÓCIOS E INFLUENCIADORES DE GESTÃO",2025_6_BR_STORIES_GABRIELA BAILAS STORIES_ACAO_SBRAE_2025_PSMN0292,Tráfego,Roraima,374,"3,92",19,0,"2025-06-13-PSMN-374-3,92-19",50440,2.5,20176
2025-06-13,Sebrae Nacional - DEBRITO,1,facebook,sbrae_2025_psmn,psmn,"2025_6_BR_TRAF_CPC_MULHERES DE 25 A 45 ANOS; INTERESSES EM EMPREENDEDORISMO, PEQUENOS NEGÓCIOS E MEI; COMPORTAMENTO VOLTADO A ENGAJAMENTO COM PERFIS DE NEGÓCIOS E INFLUENCIADORES DE GESTÃO",2025_6_BR_STORIES_VIC CERIDONO STORIES_ACAO_SBRAE_2025_PSMN0291,Tráfego,Roraima,1129,"8,13",43,0,"2025-06-13-PSMN-1129-8,13-43",50440,2.5,20176
2025-06-13,Sebrae Nacional - DEBRITO,1,facebook,sbrae_2025_psmn,psmn,"2025_6_BR_TRAF_CPC_MULHERES DE 25 A 45 ANOS; INTERESSES EM EMPREENDEDORISMO, PEQUENOS NEGÓCIOS E MEI; COMPORTAMENTO VOLTADO A ENGAJAMENTO COM PERFIS DE NEGÓCIOS E INFLUENCIADORES DE GESTÃO",2025_6_BR_CARD_KV_ACAO_SBRAE_2025_PSMN0293,Tráfego,Santa Catarina,1151,"4,42",17,0,"2025-06-13-PSMN-1151-4,42-17",50440,2.5,20176
2025-06-13,Sebrae Nacional - DEBRITO,1,facebook,sbrae_2025_psmn,psmn,"2025_6_BR_TRAF_CPC_MULHERES DE 25 A 45 ANOS; INTERESSES EM EMPREENDEDORISMO, PEQUENOS NEGÓCIOS E MEI; COMPORTAMENTO VOLTADO A ENGAJAMENTO COM PERFIS DE NEGÓCIOS E INFLUENCIADORES DE GESTÃO",2025_6_BR_REELS_GABRIELA BAILAS REELS_ACAO_SBRAE_2025_PSMN0289,Tráfego,Santa Catarina,235,"2,27",5,0,"2025-06-13-PSMN-235-2,27-5",50440,2.5,20176
2025-06-13,Sebrae Nacional - DEBRITO,1,facebook,sbrae_2025_psmn,psmn,"2025_6_BR_TRAF_CPC_MULHERES DE 25 A 45 ANOS; INTERESSES EM EMPREENDEDORISMO, PEQUENOS NEGÓCIOS E MEI; COMPORTAMENTO VOLTADO A ENGAJAMENTO COM PERFIS DE NEGÓCIOS E INFLUENCIADORES DE GESTÃO",2025_6_BR_REELS_VIC CERIDONO REELS_ACAO_SBRAE_2025_PSMN0290,Tráfego,Santa Catarina,2843,"14,78",50,0,"2025-06-13-PSMN-2843-14,78-50",50440,2.5,20176
2025-06-13,Sebrae Nacional - DEBRITO,1,facebook,sbrae_2025_psmn,psmn,"2025_6_BR_TRAF_CPC_MULHERES DE 25 A 45 ANOS; INTERESSES EM EMPREENDEDORISMO, PEQUENOS NEGÓCIOS E MEI; COMPORTAMENTO VOLTADO A ENGAJAMENTO COM PERFIS DE NEGÓCIOS E INFLUENCIADORES DE GESTÃO",2025_6_BR_STORIES_GABRIELA BAILAS STORIES_ACAO_SBRAE_2025_PSMN0292,Tráfego,Santa Catarina,6361,"66,75",266,0,"2025-06-13-PSMN-6361-66,75-266",50440,2.5,20176
2025-06-13,Sebrae Nacional - DEBRITO,1,facebook,sbrae_2025_psmn,psmn,"2025_6_BR_TRAF_CPC_MULHERES DE 25 A 45 ANOS; INTERESSES EM EMPREENDEDORISMO, PEQUENOS NEGÓCIOS E MEI; COMPORTAMENTO VOLTADO A ENGAJAMENTO COM PERFIS DE NEGÓCIOS E INFLUENCIADORES DE GESTÃO",2025_6_BR_STORIES_VIC CERIDONO STORIES_ACAO_SBRAE_2025_PSMN0291,Tráfego,Santa Catarina,12116,"92,67",442,0,"2025-06-13-PSMN-12116-92,67-442",50440,2.5,20176
2025-06-13,Sebrae Nacional - DEBRITO,1,facebook,sbrae_2025_psmn,psmn,"2025_6_BR_TRAF_CPC_MULHERES DE 25 A 45 ANOS; INTERESSES EM EMPREENDEDORISMO, PEQUENOS NEGÓCIOS E MEI; COMPORTAMENTO VOLTADO A ENGAJAMENTO COM PERFIS DE NEGÓCIOS E INFLUENCIADORES DE GESTÃO",2025_6_BR_CARD_KV_ACAO_SBRAE_2025_PSMN0293,Tráfego,Sergipe,4200,"11,38",48,0,"2025-06-13-PSMN-4200-11,38-48",50440,2.5,20176
2025-06-13,Sebrae Nacional - DEBRITO,1,facebook,sbrae_2025_psmn,psmn,"2025_6_BR_TRAF_CPC_MULHERES DE 25 A 45 ANOS; INTERESSES EM EMPREENDEDORISMO, PEQUENOS NEGÓCIOS E MEI; COMPORTAMENTO VOLTADO A ENGAJAMENTO COM PERFIS DE NEGÓCIOS E INFLUENCIADORES DE GESTÃO",2025_6_BR_REELS_GABRIELA BAILAS REELS_ACAO_SBRAE_2025_PSMN0289,Tráfego,Sergipe,191,"0,96",2,0,"2025-06-13-PSMN-191-0,96-2",50440,2.5,20176
2025-06-13,Sebrae Nacional - DEBRITO,1,facebook,sbrae_2025_psmn,psmn,"2025_6_BR_TRAF_CPC_MULHERES DE 25 A 45 ANOS; INTERESSES EM EMPREENDEDORISMO, PEQUENOS NEGÓCIOS E MEI; COMPORTAMENTO VOLTADO A ENGAJAMENTO COM PERFIS DE NEGÓCIOS E INFLUENCIADORES DE GESTÃO",2025_6_BR_REELS_VIC CERIDONO REELS_ACAO_SBRAE_2025_PSMN0290,Tráfego,Sergipe,1179,"5,73",16,0,"2025-06-13-PSMN-1179-5,73-16",50440,2.5,20176
2025-06-13,Sebrae Nacional - DEBRITO,1,facebook,sbrae_2025_psmn,psmn,"2025_6_BR_TRAF_CPC_MULHERES DE 25 A 45 ANOS; INTERESSES EM EMPREENDEDORISMO, PEQUENOS NEGÓCIOS E MEI; COMPORTAMENTO VOLTADO A ENGAJAMENTO COM PERFIS DE NEGÓCIOS E INFLUENCIADORES DE GESTÃO",2025_6_BR_STORIES_GABRIELA BAILAS STORIES_ACAO_SBRAE_2025_PSMN0292,Tráfego,Sergipe,2651,"26,62",111,0,"2025-06-13-PSMN-2651-26,62-111",50440,2.5,20176
2025-06-13,Sebrae Nacional - DEBRITO,1,facebook,sbrae_2025_psmn,psmn,"2025_6_BR_TRAF_CPC_MULHERES DE 25 A 45 ANOS; INTERESSES EM EMPREENDEDORISMO, PEQUENOS NEGÓCIOS E MEI; COMPORTAMENTO VOLTADO A ENGAJAMENTO COM PERFIS DE NEGÓCIOS E INFLUENCIADORES DE GESTÃO",2025_6_BR_STORIES_VIC CERIDONO STORIES_ACAO_SBRAE_2025_PSMN0291,Tráfego,Sergipe,4823,"34,14",143,0,"2025-06-13-PSMN-4823-34,14-143",50440,2.5,20176
2025-06-13,Sebrae Nacional - DEBRITO,1,facebook,sbrae_2025_psmn,psmn,"2025_6_BR_TRAF_CPC_MULHERES DE 25 A 45 ANOS; INTERESSES EM EMPREENDEDORISMO, PEQUENOS NEGÓCIOS E MEI; COMPORTAMENTO VOLTADO A ENGAJAMENTO COM PERFIS DE NEGÓCIOS E INFLUENCIADORES DE GESTÃO",2025_6_BR_CARD_KV_ACAO_SBRAE_2025_PSMN0293,Tráfego,São Paulo,7162,"27,94",98,0,"2025-06-13-PSMN-7162-27,94-98",50440,2.5,20176
2025-06-13,Sebrae Nacional - DEBRITO,1,facebook,sbrae_2025_psmn,psmn,"2025_6_BR_TRAF_CPC_MULHERES DE 25 A 45 ANOS; INTERESSES EM EMPREENDEDORISMO, PEQUENOS NEGÓCIOS E MEI; COMPORTAMENTO VOLTADO A ENGAJAMENTO COM PERFIS DE NEGÓCIOS E INFLUENCIADORES DE GESTÃO",2025_6_BR_REELS_GABRIELA BAILAS REELS_ACAO_SBRAE_2025_PSMN0289,Tráfego,São Paulo,1049,"11,55",56,0,"2025-06-13-PSMN-1049-11,55-56",50440,2.5,20176
2025-06-13,Sebrae Nacional - DEBRITO,1,facebook,sbrae_2025_psmn,psmn,"2025_6_BR_TRAF_CPC_MULHERES DE 25 A 45 ANOS; INTERESSES EM EMPREENDEDORISMO, PEQUENOS NEGÓCIOS E MEI; COMPORTAMENTO VOLTADO A ENGAJAMENTO COM PERFIS DE NEGÓCIOS E INFLUENCIADORES DE GESTÃO",2025_6_BR_REELS_VIC CERIDONO REELS_ACAO_SBRAE_2025_PSMN0290,Tráfego,São Paulo,10218,"57,8",223,0,"2025-06-13-PSMN-10218-57,8-223",50440,2.5,20176
2025-06-13,Sebrae Nacional - DEBRITO,1,facebook,sbrae_2025_psmn,psmn,"2025_6_BR_TRAF_CPC_MULHERES DE 25 A 45 ANOS; INTERESSES EM EMPREENDEDORISMO, PEQUENOS NEGÓCIOS E MEI; COMPORTAMENTO VOLTADO A ENGAJAMENTO COM PERFIS DE NEGÓCIOS E INFLUENCIADORES DE GESTÃO",2025_6_BR_STORIES_GABRIELA BAILAS STORIES_ACAO_SBRAE_2025_PSMN0292,Tráfego,São Paulo,19099,"225,08",1008,0,"2025-06-13-PSMN-19099-225,08-1008",50440,2.5,20176
2025-06-13,Sebrae Nacional - DEBRITO,1,facebook,sbrae_2025_psmn,psmn,"2025_6_BR_TRAF_CPC_MULHERES DE 25 A 45 ANOS; INTERESSES EM EMPREENDEDORISMO, PEQUENOS NEGÓCIOS E MEI; COMPORTAMENTO VOLTADO A ENGAJAMENTO COM PERFIS DE NEGÓCIOS E INFLUENCIADORES DE GESTÃO",2025_6_BR_STORIES_VIC CERIDONO STORIES_ACAO_SBRAE_2025_PSMN0291,Tráfego,São Paulo,48730,"393,15",1687,0,"2025-06-13-PSMN-48730-393,15-1687",50440,2.5,20176
2025-06-13,Sebrae Nacional - DEBRITO,1,facebook,sbrae_2025_psmn,psmn,"2025_6_BR_TRAF_CPC_MULHERES DE 25 A 45 ANOS; INTERESSES EM EMPREENDEDORISMO, PEQUENOS NEGÓCIOS E MEI; COMPORTAMENTO VOLTADO A ENGAJAMENTO COM PERFIS DE NEGÓCIOS E INFLUENCIADORES DE GESTÃO",2025_6_BR_CARD_KV_ACAO_SBRAE_2025_PSMN0293,Tráfego,Tocantins,1136,"3,34",13,0,"2025-06-13-PSMN-1136-3,34-13",50440,2.5,20176
2025-06-13,Sebrae Nacional - DEBRITO,1,facebook,sbrae_2025_psmn,psmn,"2025_6_BR_TRAF_CPC_MULHERES DE 25 A 45 ANOS; INTERESSES EM EMPREENDEDORISMO, PEQUENOS NEGÓCIOS E MEI; COMPORTAMENTO VOLTADO A ENGAJAMENTO COM PERFIS DE NEGÓCIOS E INFLUENCIADORES DE GESTÃO",2025_6_BR_REELS_GABRIELA BAILAS REELS_ACAO_SBRAE_2025_PSMN0289,Tráfego,Tocantins,52,"0,35",1,0,"2025-06-13-PSMN-52-0,35-1",50440,2.5,20176
2025-06-13,Sebrae Nacional - DEBRITO,1,facebook,sbrae_2025_psmn,psmn,"2025_6_BR_TRAF_CPC_MULHERES DE 25 A 45 ANOS; INTERESSES EM EMPREENDEDORISMO, PEQUENOS NEGÓCIOS E MEI; COMPORTAMENTO VOLTADO A ENGAJAMENTO COM PERFIS DE NEGÓCIOS E INFLUENCIADORES DE GESTÃO",2025_6_BR_REELS_VIC CERIDONO REELS_ACAO_SBRAE_2025_PSMN0290,Tráfego,Tocantins,585,"2,91",10,0,"2025-06-13-PSMN-585-2,91-10",50440,2.5,20176
2025-06-13,Sebrae Nacional - DEBRITO,1,facebook,sbrae_2025_psmn,psmn,"2025_6_BR_TRAF_CPC_MULHERES DE 25 A 45 ANOS; INTERESSES EM EMPREENDEDORISMO, PEQUENOS NEGÓCIOS E MEI; COMPORTAMENTO VOLTADO A ENGAJAMENTO COM PERFIS DE NEGÓCIOS E INFLUENCIADORES DE GESTÃO",2025_6_BR_STORIES_GABRIELA BAILAS STORIES_ACAO_SBRAE_2025_PSMN0292,Tráfego,Tocantins,879,"9,39",59,0,"2025-06-13-PSMN-879-9,39-59",50440,2.5,20176
2025-06-13,Sebrae Nacional - DEBRITO,1,facebook,sbrae_2025_psmn,psmn,"2025_6_BR_TRAF_CPC_MULHERES DE 25 A 45 ANOS; INTERESSES EM EMPREENDEDORISMO, PEQUENOS NEGÓCIOS E MEI; COMPORTAMENTO VOLTADO A ENGAJAMENTO COM PERFIS DE NEGÓCIOS E INFLUENCIADORES DE GESTÃO",2025_6_BR_STORIES_VIC CERIDONO STORIES_ACAO_SBRAE_2025_PSMN0291,Tráfego,Tocantins,2509,"17,48",62,0,"2025-06-13-PSMN-2509-17,48-62",50440,2.5,20176
2025-06-13,Sebrae Nacional - DEBRITO,1,facebook,sbrae_2025_psmn,psmn,"2025_6_BR_TRAF_CPC_MULHERES DE 25 A 45 ANOS; INTERESSES EM EMPREENDEDORISMO, PEQUENOS NEGÓCIOS E MEI; COMPORTAMENTO VOLTADO A ENGAJAMENTO COM PERFIS DE NEGÓCIOS E INFLUENCIADORES DE GESTÃO",2025_6_BR_CARD_KV_ACAO_SBRAE_2025_PSMN0293,Tráfego,Não identificado,6,"0,01",0,0,"2025-06-13-PSMN-6-0,01-0",50440,2.5,20176
2025-06-13,Sebrae Nacional - DEBRITO,1,facebook,sbrae_2025_psmn,psmn,"2025_6_BR_TRAF_CPC_MULHERES DE 25 A 45 ANOS; INTERESSES EM EMPREENDEDORISMO, PEQUENOS NEGÓCIOS E MEI; COMPORTAMENTO VOLTADO A ENGAJAMENTO COM PERFIS DE NEGÓCIOS E INFLUENCIADORES DE GESTÃO",2025_6_BR_REELS_VIC CERIDONO REELS_ACAO_SBRAE_2025_PSMN0290,Tráfego,Não identificado,65,"0,37",4,0,"2025-06-13-PSMN-65-0,37-4",50440,2.5,20176
2025-06-13,Sebrae Nacional - DEBRITO,1,facebook,sbrae_2025_psmn,psmn,"2025_6_BR_TRAF_CPC_MULHERES DE 25 A 45 ANOS; INTERESSES EM EMPREENDEDORISMO, PEQUENOS NEGÓCIOS E MEI; COMPORTAMENTO VOLTADO A ENGAJAMENTO COM PERFIS DE NEGÓCIOS E INFLUENCIADORES DE GESTÃO",2025_6_BR_STORIES_GABRIELA BAILAS STORIES_ACAO_SBRAE_2025_PSMN0292,Tráfego,Não identificado,143,"1,52",7,0,"2025-06-13-PSMN-143-1,52-7",50440,2.5,20176
2025-06-13,Sebrae Nacional - DEBRITO,1,facebook,sbrae_2025_psmn,psmn,"2025_6_BR_TRAF_CPC_MULHERES DE 25 A 45 ANOS; INTERESSES EM EMPREENDEDORISMO, PEQUENOS NEGÓCIOS E MEI; COMPORTAMENTO VOLTADO A ENGAJAMENTO COM PERFIS DE NEGÓCIOS E INFLUENCIADORES DE GESTÃO",2025_6_BR_STORIES_VIC CERIDONO STORIES_ACAO_SBRAE_2025_PSMN0291,Tráfego,Não identificado,213,"1,71",1,0,"2025-06-13-PSMN-213-1,71-1",50440,2.5,20176
2025-06-14,Sebrae Nacional - DEBRITO,1,facebook,sbrae_2025_psmn,psmn,"2025_6_BR_TRAF_CPC_MULHERES DE 25 A 45 ANOS; INTERESSES EM EMPREENDEDORISMO, PEQUENOS NEGÓCIOS E MEI; COMPORTAMENTO VOLTADO A ENGAJAMENTO COM PERFIS DE NEGÓCIOS E INFLUENCIADORES DE GESTÃO",2025_6_BR_CARD_KV_ACAO_SBRAE_2025_PSMN0293,Tráfego,Acre,756,"2,57",8,0,"2025-06-14-PSMN-756-2,57-8",50440,2.5,20176
2025-06-14,Sebrae Nacional - DEBRITO,1,facebook,sbrae_2025_psmn,psmn,"2025_6_BR_TRAF_CPC_MULHERES DE 25 A 45 ANOS; INTERESSES EM EMPREENDEDORISMO, PEQUENOS NEGÓCIOS E MEI; COMPORTAMENTO VOLTADO A ENGAJAMENTO COM PERFIS DE NEGÓCIOS E INFLUENCIADORES DE GESTÃO",2025_6_BR_REELS_GABRIELA BAILAS REELS_ACAO_SBRAE_2025_PSMN0289,Tráfego,Acre,69,"0,65",2,0,"2025-06-14-PSMN-69-0,65-2",50440,2.5,20176
2025-06-14,Sebrae Nacional - DEBRITO,1,facebook,sbrae_2025_psmn,psmn,"2025_6_BR_TRAF_CPC_MULHERES DE 25 A 45 ANOS; INTERESSES EM EMPREENDEDORISMO, PEQUENOS NEGÓCIOS E MEI; COMPORTAMENTO VOLTADO A ENGAJAMENTO COM PERFIS DE NEGÓCIOS E INFLUENCIADORES DE GESTÃO",2025_6_BR_REELS_VIC CERIDONO REELS_ACAO_SBRAE_2025_PSMN0290,Tráfego,Acre,411,"2,18",11,0,"2025-06-14-PSMN-411-2,18-11",50440,2.5,20176
2025-06-14,Sebrae Nacional - DEBRITO,1,facebook,sbrae_2025_psmn,psmn,"2025_6_BR_TRAF_CPC_MULHERES DE 25 A 45 ANOS; INTERESSES EM EMPREENDEDORISMO, PEQUENOS NEGÓCIOS E MEI; COMPORTAMENTO VOLTADO A ENGAJAMENTO COM PERFIS DE NEGÓCIOS E INFLUENCIADORES DE GESTÃO",2025_6_BR_STORIES_GABRIELA BAILAS STORIES_ACAO_SBRAE_2025_PSMN0292,Tráfego,Acre,434,"4,67",17,0,"2025-06-14-PSMN-434-4,67-17",50440,2.5,20176
2025-06-14,Sebrae Nacional - DEBRITO,1,facebook,sbrae_2025_psmn,psmn,"2025_6_BR_TRAF_CPC_MULHERES DE 25 A 45 ANOS; INTERESSES EM EMPREENDEDORISMO, PEQUENOS NEGÓCIOS E MEI; COMPORTAMENTO VOLTADO A ENGAJAMENTO COM PERFIS DE NEGÓCIOS E INFLUENCIADORES DE GESTÃO",2025_6_BR_STORIES_VIC CERIDONO STORIES_ACAO_SBRAE_2025_PSMN0291,Tráfego,Acre,1344,"7,73",25,0,"2025-06-14-PSMN-1344-7,73-25",50440,2.5,20176
2025-06-14,Sebrae Nacional - DEBRITO,1,facebook,sbrae_2025_psmn,psmn,"2025_6_BR_TRAF_CPC_MULHERES DE 25 A 45 ANOS; INTERESSES EM EMPREENDEDORISMO, PEQUENOS NEGÓCIOS E MEI; COMPORTAMENTO VOLTADO A ENGAJAMENTO COM PERFIS DE NEGÓCIOS E INFLUENCIADORES DE GESTÃO",2025_6_BR_CARD_KV_ACAO_SBRAE_2025_PSMN0293,Tráfego,Alagoas,5744,"19,49",71,0,"2025-06-14-PSMN-5744-19,49-71",50440,2.5,20176
2025-06-14,Sebrae Nacional - DEBRITO,1,facebook,sbrae_2025_psmn,psmn,"2025_6_BR_TRAF_CPC_MULHERES DE 25 A 45 ANOS; INTERESSES EM EMPREENDEDORISMO, PEQUENOS NEGÓCIOS E MEI; COMPORTAMENTO VOLTADO A ENGAJAMENTO COM PERFIS DE NEGÓCIOS E INFLUENCIADORES DE GESTÃO",2025_6_BR_REELS_GABRIELA BAILAS REELS_ACAO_SBRAE_2025_PSMN0289,Tráfego,Alagoas,474,"2,82",9,0,"2025-06-14-PSMN-474-2,82-9",50440,2.5,20176
2025-06-14,Sebrae Nacional - DEBRITO,1,facebook,sbrae_2025_psmn,psmn,"2025_6_BR_TRAF_CPC_MULHERES DE 25 A 45 ANOS; INTERESSES EM EMPREENDEDORISMO, PEQUENOS NEGÓCIOS E MEI; COMPORTAMENTO VOLTADO A ENGAJAMENTO COM PERFIS DE NEGÓCIOS E INFLUENCIADORES DE GESTÃO",2025_6_BR_REELS_VIC CERIDONO REELS_ACAO_SBRAE_2025_PSMN0290,Tráfego,Alagoas,2192,"13,46",50,0,"2025-06-14-PSMN-2192-13,46-50",50440,2.5,20176
2025-06-14,Sebrae Nacional - DEBRITO,1,facebook,sbrae_2025_psmn,psmn,"2025_6_BR_TRAF_CPC_MULHERES DE 25 A 45 ANOS; INTERESSES EM EMPREENDEDORISMO, PEQUENOS NEGÓCIOS E MEI; COMPORTAMENTO VOLTADO A ENGAJAMENTO COM PERFIS DE NEGÓCIOS E INFLUENCIADORES DE GESTÃO",2025_6_BR_STORIES_GABRIELA BAILAS STORIES_ACAO_SBRAE_2025_PSMN0292,Tráfego,Alagoas,4295,"44,48",191,0,"2025-06-14-PSMN-4295-44,48-191",50440,2.5,20176
2025-06-14,Sebrae Nacional - DEBRITO,1,facebook,sbrae_2025_psmn,psmn,"2025_6_BR_TRAF_CPC_MULHERES DE 25 A 45 ANOS; INTERESSES EM EMPREENDEDORISMO, PEQUENOS NEGÓCIOS E MEI; COMPORTAMENTO VOLTADO A ENGAJAMENTO COM PERFIS DE NEGÓCIOS E INFLUENCIADORES DE GESTÃO",2025_6_BR_STORIES_VIC CERIDONO STORIES_ACAO_SBRAE_2025_PSMN0291,Tráfego,Alagoas,6740,"45,59",211,0,"2025-06-14-PSMN-6740-45,59-211",50440,2.5,20176
2025-06-14,Sebrae Nacional - DEBRITO,1,facebook,sbrae_2025_psmn,psmn,"2025_6_BR_TRAF_CPC_MULHERES DE 25 A 45 ANOS; INTERESSES EM EMPREENDEDORISMO, PEQUENOS NEGÓCIOS E MEI; COMPORTAMENTO VOLTADO A ENGAJAMENTO COM PERFIS DE NEGÓCIOS E INFLUENCIADORES DE GESTÃO",2025_6_BR_CARD_KV_ACAO_SBRAE_2025_PSMN0293,Tráfego,Amapá,636,"2,08",11,0,"2025-06-14-PSMN-636-2,08-11",50440,2.5,20176
2025-06-14,Sebrae Nacional - DEBRITO,1,facebook,sbrae_2025_psmn,psmn,"2025_6_BR_TRAF_CPC_MULHERES DE 25 A 45 ANOS; INTERESSES EM EMPREENDEDORISMO, PEQUENOS NEGÓCIOS E MEI; COMPORTAMENTO VOLTADO A ENGAJAMENTO COM PERFIS DE NEGÓCIOS E INFLUENCIADORES DE GESTÃO",2025_6_BR_REELS_GABRIELA BAILAS REELS_ACAO_SBRAE_2025_PSMN0289,Tráfego,Amapá,67,"0,42",4,0,"2025-06-14-PSMN-67-0,42-4",50440,2.5,20176
2025-06-14,Sebrae Nacional - DEBRITO,1,facebook,sbrae_2025_psmn,psmn,"2025_6_BR_TRAF_CPC_MULHERES DE 25 A 45 ANOS; INTERESSES EM EMPREENDEDORISMO, PEQUENOS NEGÓCIOS E MEI; COMPORTAMENTO VOLTADO A ENGAJAMENTO COM PERFIS DE NEGÓCIOS E INFLUENCIADORES DE GESTÃO",2025_6_BR_REELS_VIC CERIDONO REELS_ACAO_SBRAE_2025_PSMN0290,Tráfego,Amapá,364,"2,11",13,0,"2025-06-14-PSMN-364-2,11-13",50440,2.5,20176
2025-06-14,Sebrae Nacional - DEBRITO,1,facebook,sbrae_2025_psmn,psmn,"2025_6_BR_TRAF_CPC_MULHERES DE 25 A 45 ANOS; INTERESSES EM EMPREENDEDORISMO, PEQUENOS NEGÓCIOS E MEI; COMPORTAMENTO VOLTADO A ENGAJAMENTO COM PERFIS DE NEGÓCIOS E INFLUENCIADORES DE GESTÃO",2025_6_BR_STORIES_GABRIELA BAILAS STORIES_ACAO_SBRAE_2025_PSMN0292,Tráfego,Amapá,554,"5,43",29,0,"2025-06-14-PSMN-554-5,43-29",50440,2.5,20176
2025-06-14,Sebrae Nacional - DEBRITO,1,facebook,sbrae_2025_psmn,psmn,"2025_6_BR_TRAF_CPC_MULHERES DE 25 A 45 ANOS; INTERESSES EM EMPREENDEDORISMO, PEQUENOS NEGÓCIOS E MEI; COMPORTAMENTO VOLTADO A ENGAJAMENTO COM PERFIS DE NEGÓCIOS E INFLUENCIADORES DE GESTÃO",2025_6_BR_STORIES_VIC CERIDONO STORIES_ACAO_SBRAE_2025_PSMN0291,Tráfego,Amapá,1479,"8,78",55,0,"2025-06-14-PSMN-1479-8,78-55",50440,2.5,20176
2025-06-14,Sebrae Nacional - DEBRITO,1,facebook,sbrae_2025_psmn,psmn,"2025_6_BR_TRAF_CPC_MULHERES DE 25 A 45 ANOS; INTERESSES EM EMPREENDEDORISMO, PEQUENOS NEGÓCIOS E MEI; COMPORTAMENTO VOLTADO A ENGAJAMENTO COM PERFIS DE NEGÓCIOS E INFLUENCIADORES DE GESTÃO",2025_6_BR_CARD_KV_ACAO_SBRAE_2025_PSMN0293,Tráfego,Amazonas,1784,"6,15",27,0,"2025-06-14-PSMN-1784-6,15-27",50440,2.5,20176
2025-06-14,Sebrae Nacional - DEBRITO,1,facebook,sbrae_2025_psmn,psmn,"2025_6_BR_TRAF_CPC_MULHERES DE 25 A 45 ANOS; INTERESSES EM EMPREENDEDORISMO, PEQUENOS NEGÓCIOS E MEI; COMPORTAMENTO VOLTADO A ENGAJAMENTO COM PERFIS DE NEGÓCIOS E INFLUENCIADORES DE GESTÃO",2025_6_BR_REELS_GABRIELA BAILAS REELS_ACAO_SBRAE_2025_PSMN0289,Tráfego,Amazonas,202,"1,79",6,0,"2025-06-14-PSMN-202-1,79-6",50440,2.5,20176
2025-06-14,Sebrae Nacional - DEBRITO,1,facebook,sbrae_2025_psmn,psmn,"2025_6_BR_TRAF_CPC_MULHERES DE 25 A 45 ANOS; INTERESSES EM EMPREENDEDORISMO, PEQUENOS NEGÓCIOS E MEI; COMPORTAMENTO VOLTADO A ENGAJAMENTO COM PERFIS DE NEGÓCIOS E INFLUENCIADORES DE GESTÃO",2025_6_BR_REELS_VIC CERIDONO REELS_ACAO_SBRAE_2025_PSMN0290,Tráfego,Amazonas,1748,"10,95",35,0,"2025-06-14-PSMN-1748-10,95-35",50440,2.5,20176
2025-06-14,Sebrae Nacional - DEBRITO,1,facebook,sbrae_2025_psmn,psmn,"2025_6_BR_TRAF_CPC_MULHERES DE 25 A 45 ANOS; INTERESSES EM EMPREENDEDORISMO, PEQUENOS NEGÓCIOS E MEI; COMPORTAMENTO VOLTADO A ENGAJAMENTO COM PERFIS DE NEGÓCIOS E INFLUENCIADORES DE GESTÃO",2025_6_BR_STORIES_GABRIELA BAILAS STORIES_ACAO_SBRAE_2025_PSMN0292,Tráfego,Amazonas,2145,"22,52",127,0,"2025-06-14-PSMN-2145-22,52-127",50440,2.5,20176
2025-06-14,Sebrae Nacional - DEBRITO,1,facebook,sbrae_2025_psmn,psmn,"2025_6_BR_TRAF_CPC_MULHERES DE 25 A 45 ANOS; INTERESSES EM EMPREENDEDORISMO, PEQUENOS NEGÓCIOS E MEI; COMPORTAMENTO VOLTADO A ENGAJAMENTO COM PERFIS DE NEGÓCIOS E INFLUENCIADORES DE GESTÃO",2025_6_BR_STORIES_VIC CERIDONO STORIES_ACAO_SBRAE_2025_PSMN0291,Tráfego,Amazonas,6468,"40,85",231,0,"2025-06-14-PSMN-6468-40,85-231",50440,2.5,20176
2025-06-14,Sebrae Nacional - DEBRITO,1,facebook,sbrae_2025_psmn,psmn,"2025_6_BR_TRAF_CPC_MULHERES DE 25 A 45 ANOS; INTERESSES EM EMPREENDEDORISMO, PEQUENOS NEGÓCIOS E MEI; COMPORTAMENTO VOLTADO A ENGAJAMENTO COM PERFIS DE NEGÓCIOS E INFLUENCIADORES DE GESTÃO",2025_6_BR_CARD_KV_ACAO_SBRAE_2025_PSMN0293,Tráfego,Bahia,20218,"70,87",257,0,"2025-06-14-PSMN-20218-70,87-257",50440,2.5,20176
2025-06-14,Sebrae Nacional - DEBRITO,1,facebook,sbrae_2025_psmn,psmn,"2025_6_BR_TRAF_CPC_MULHERES DE 25 A 45 ANOS; INTERESSES EM EMPREENDEDORISMO, PEQUENOS NEGÓCIOS E MEI; COMPORTAMENTO VOLTADO A ENGAJAMENTO COM PERFIS DE NEGÓCIOS E INFLUENCIADORES DE GESTÃO",2025_6_BR_REELS_GABRIELA BAILAS REELS_ACAO_SBRAE_2025_PSMN0289,Tráfego,Bahia,1485,"10,62",39,0,"2025-06-14-PSMN-1485-10,62-39",50440,2.5,20176
2025-06-14,Sebrae Nacional - DEBRITO,1,facebook,sbrae_2025_psmn,psmn,"2025_6_BR_TRAF_CPC_MULHERES DE 25 A 45 ANOS; INTERESSES EM EMPREENDEDORISMO, PEQUENOS NEGÓCIOS E MEI; COMPORTAMENTO VOLTADO A ENGAJAMENTO COM PERFIS DE NEGÓCIOS E INFLUENCIADORES DE GESTÃO",2025_6_BR_REELS_VIC CERIDONO REELS_ACAO_SBRAE_2025_PSMN0290,Tráfego,Bahia,7682,"50,3",189,0,"2025-06-14-PSMN-7682-50,3-189",50440,2.5,20176
2025-06-14,Sebrae Nacional - DEBRITO,1,facebook,sbrae_2025_psmn,psmn,"2025_6_BR_TRAF_CPC_MULHERES DE 25 A 45 ANOS; INTERESSES EM EMPREENDEDORISMO, PEQUENOS NEGÓCIOS E MEI; COMPORTAMENTO VOLTADO A ENGAJAMENTO COM PERFIS DE NEGÓCIOS E INFLUENCIADORES DE GESTÃO",2025_6_BR_STORIES_GABRIELA BAILAS STORIES_ACAO_SBRAE_2025_PSMN0292,Tráfego,Bahia,16820,"180,55",881,0,"2025-06-14-PSMN-16820-180,55-881",50440,2.5,20176
2025-06-14,Sebrae Nacional - DEBRITO,1,facebook,sbrae_2025_psmn,psmn,"2025_6_BR_TRAF_CPC_MULHERES DE 25 A 45 ANOS; INTERESSES EM EMPREENDEDORISMO, PEQUENOS NEGÓCIOS E MEI; COMPORTAMENTO VOLTADO A ENGAJAMENTO COM PERFIS DE NEGÓCIOS E INFLUENCIADORES DE GESTÃO",2025_6_BR_STORIES_VIC CERIDONO STORIES_ACAO_SBRAE_2025_PSMN0291,Tráfego,Bahia,25251,"174,29",811,0,"2025-06-14-PSMN-25251-174,29-811",50440,2.5,20176
2025-06-14,Sebrae Nacional - DEBRITO,1,facebook,sbrae_2025_psmn,psmn,"2025_6_BR_TRAF_CPC_MULHERES DE 25 A 45 ANOS; INTERESSES EM EMPREENDEDORISMO, PEQUENOS NEGÓCIOS E MEI; COMPORTAMENTO VOLTADO A ENGAJAMENTO COM PERFIS DE NEGÓCIOS E INFLUENCIADORES DE GESTÃO",2025_6_BR_CARD_KV_ACAO_SBRAE_2025_PSMN0293,Tráfego,Ceará,15598,"51,21",170,0,"2025-06-14-PSMN-15598-51,21-170",50440,2.5,20176
2025-06-14,Sebrae Nacional - DEBRITO,1,facebook,sbrae_2025_psmn,psmn,"2025_6_BR_TRAF_CPC_MULHERES DE 25 A 45 ANOS; INTERESSES EM EMPREENDEDORISMO, PEQUENOS NEGÓCIOS E MEI; COMPORTAMENTO VOLTADO A ENGAJAMENTO COM PERFIS DE NEGÓCIOS E INFLUENCIADORES DE GESTÃO",2025_6_BR_REELS_GABRIELA BAILAS REELS_ACAO_SBRAE_2025_PSMN0289,Tráfego,Ceará,1510,"10,79",34,0,"2025-06-14-PSMN-1510-10,79-34",50440,2.5,20176
2025-06-14,Sebrae Nacional - DEBRITO,1,facebook,sbrae_2025_psmn,psmn,"2025_6_BR_TRAF_CPC_MULHERES DE 25 A 45 ANOS; INTERESSES EM EMPREENDEDORISMO, PEQUENOS NEGÓCIOS E MEI; COMPORTAMENTO VOLTADO A ENGAJAMENTO COM PERFIS DE NEGÓCIOS E INFLUENCIADORES DE GESTÃO",2025_6_BR_REELS_VIC CERIDONO REELS_ACAO_SBRAE_2025_PSMN0290,Tráfego,Ceará,9087,"59,76",220,0,"2025-06-14-PSMN-9087-59,76-220",50440,2.5,20176
2025-06-14,Sebrae Nacional - DEBRITO,1,facebook,sbrae_2025_psmn,psmn,"2025_6_BR_TRAF_CPC_MULHERES DE 25 A 45 ANOS; INTERESSES EM EMPREENDEDORISMO, PEQUENOS NEGÓCIOS E MEI; COMPORTAMENTO VOLTADO A ENGAJAMENTO COM PERFIS DE NEGÓCIOS E INFLUENCIADORES DE GESTÃO",2025_6_BR_STORIES_GABRIELA BAILAS STORIES_ACAO_SBRAE_2025_PSMN0292,Tráfego,Ceará,17453,"169,16",793,0,"2025-06-14-PSMN-17453-169,16-793",50440,2.5,20176
2025-06-14,Sebrae Nacional - DEBRITO,1,facebook,sbrae_2025_psmn,psmn,"2025_6_BR_TRAF_CPC_MULHERES DE 25 A 45 ANOS; INTERESSES EM EMPREENDEDORISMO, PEQUENOS NEGÓCIOS E MEI; COMPORTAMENTO VOLTADO A ENGAJAMENTO COM PERFIS DE NEGÓCIOS E INFLUENCIADORES DE GESTÃO",2025_6_BR_STORIES_VIC CERIDONO STORIES_ACAO_SBRAE_2025_PSMN0291,Tráfego,Ceará,24433,"164,27",788,0,"2025-06-14-PSMN-24433-164,27-788",50440,2.5,20176
2025-06-14,Sebrae Nacional - DEBRITO,1,facebook,sbrae_2025_psmn,psmn,"2025_6_BR_TRAF_CPC_MULHERES DE 25 A 45 ANOS; INTERESSES EM EMPREENDEDORISMO, PEQUENOS NEGÓCIOS E MEI; COMPORTAMENTO VOLTADO A ENGAJAMENTO COM PERFIS DE NEGÓCIOS E INFLUENCIADORES DE GESTÃO",2025_6_BR_CARD_KV_ACAO_SBRAE_2025_PSMN0293,Tráfego,Espírito Santo,2519,"9,74",46,0,"2025-06-14-PSMN-2519-9,74-46",50440,2.5,20176
2025-06-14,Sebrae Nacional - DEBRITO,1,facebook,sbrae_2025_psmn,psmn,"2025_6_BR_TRAF_CPC_MULHERES DE 25 A 45 ANOS; INTERESSES EM EMPREENDEDORISMO, PEQUENOS NEGÓCIOS E MEI; COMPORTAMENTO VOLTADO A ENGAJAMENTO COM PERFIS DE NEGÓCIOS E INFLUENCIADORES DE GESTÃO",2025_6_BR_REELS_GABRIELA BAILAS REELS_ACAO_SBRAE_2025_PSMN0289,Tráfego,Espírito Santo,255,"2,65",8,0,"2025-06-14-PSMN-255-2,65-8",50440,2.5,20176
2025-06-14,Sebrae Nacional - DEBRITO,1,facebook,sbrae_2025_psmn,psmn,"2025_6_BR_TRAF_CPC_MULHERES DE 25 A 45 ANOS; INTERESSES EM EMPREENDEDORISMO, PEQUENOS NEGÓCIOS E MEI; COMPORTAMENTO VOLTADO A ENGAJAMENTO COM PERFIS DE NEGÓCIOS E INFLUENCIADORES DE GESTÃO",2025_6_BR_REELS_VIC CERIDONO REELS_ACAO_SBRAE_2025_PSMN0290,Tráfego,Espírito Santo,1614,"10,19",39,0,"2025-06-14-PSMN-1614-10,19-39",50440,2.5,20176
2025-06-14,Sebrae Nacional - DEBRITO,1,facebook,sbrae_2025_psmn,psmn,"2025_6_BR_TRAF_CPC_MULHERES DE 25 A 45 ANOS; INTERESSES EM EMPREENDEDORISMO, PEQUENOS NEGÓCIOS E MEI; COMPORTAMENTO VOLTADO A ENGAJAMENTO COM PERFIS DE NEGÓCIOS E INFLUENCIADORES DE GESTÃO",2025_6_BR_STORIES_GABRIELA BAILAS STORIES_ACAO_SBRAE_2025_PSMN0292,Tráfego,Espírito Santo,3371,"39,6",184,0,"2025-06-14-PSMN-3371-39,6-184",50440,2.5,20176
2025-06-14,Sebrae Nacional - DEBRITO,1,facebook,sbrae_2025_psmn,psmn,"2025_6_BR_TRAF_CPC_MULHERES DE 25 A 45 ANOS; INTERESSES EM EMPREENDEDORISMO, PEQUENOS NEGÓCIOS E MEI; COMPORTAMENTO VOLTADO A ENGAJAMENTO COM PERFIS DE NEGÓCIOS E INFLUENCIADORES DE GESTÃO",2025_6_BR_STORIES_VIC CERIDONO STORIES_ACAO_SBRAE_2025_PSMN0291,Tráfego,Espírito Santo,6221,"46,78",195,0,"2025-06-14-PSMN-6221-46,78-195",50440,2.5,20176
2025-06-14,Sebrae Nacional - DEBRITO,1,facebook,sbrae_2025_psmn,psmn,"2025_6_BR_TRAF_CPC_MULHERES DE 25 A 45 ANOS; INTERESSES EM EMPREENDEDORISMO, PEQUENOS NEGÓCIOS E MEI; COMPORTAMENTO VOLTADO A ENGAJAMENTO COM PERFIS DE NEGÓCIOS E INFLUENCIADORES DE GESTÃO",2025_6_BR_CARD_KV_ACAO_SBRAE_2025_PSMN0293,Tráfego,Distrito Federal,1459,"6,14",16,0,"2025-06-14-PSMN-1459-6,14-16",50440,2.5,20176
2025-06-14,Sebrae Nacional - DEBRITO,1,facebook,sbrae_2025_psmn,psmn,"2025_6_BR_TRAF_CPC_MULHERES DE 25 A 45 ANOS; INTERESSES EM EMPREENDEDORISMO, PEQUENOS NEGÓCIOS E MEI; COMPORTAMENTO VOLTADO A ENGAJAMENTO COM PERFIS DE NEGÓCIOS E INFLUENCIADORES DE GESTÃO",2025_6_BR_REELS_GABRIELA BAILAS REELS_ACAO_SBRAE_2025_PSMN0289,Tráfego,Distrito Federal,271,"3,04",6,0,"2025-06-14-PSMN-271-3,04-6",50440,2.5,20176
2025-06-14,Sebrae Nacional - DEBRITO,1,facebook,sbrae_2025_psmn,psmn,"2025_6_BR_TRAF_CPC_MULHERES DE 25 A 45 ANOS; INTERESSES EM EMPREENDEDORISMO, PEQUENOS NEGÓCIOS E MEI; COMPORTAMENTO VOLTADO A ENGAJAMENTO COM PERFIS DE NEGÓCIOS E INFLUENCIADORES DE GESTÃO",2025_6_BR_REELS_VIC CERIDONO REELS_ACAO_SBRAE_2025_PSMN0290,Tráfego,Distrito Federal,702,"5,37",15,0,"2025-06-14-PSMN-702-5,37-15",50440,2.5,20176
2025-06-14,Sebrae Nacional - DEBRITO,1,facebook,sbrae_2025_psmn,psmn,"2025_6_BR_TRAF_CPC_MULHERES DE 25 A 45 ANOS; INTERESSES EM EMPREENDEDORISMO, PEQUENOS NEGÓCIOS E MEI; COMPORTAMENTO VOLTADO A ENGAJAMENTO COM PERFIS DE NEGÓCIOS E INFLUENCIADORES DE GESTÃO",2025_6_BR_STORIES_GABRIELA BAILAS STORIES_ACAO_SBRAE_2025_PSMN0292,Tráfego,Distrito Federal,843,"12,34",53,0,"2025-06-14-PSMN-843-12,34-53",50440,2.5,20176
2025-06-14,Sebrae Nacional - DEBRITO,1,facebook,sbrae_2025_psmn,psmn,"2025_6_BR_TRAF_CPC_MULHERES DE 25 A 45 ANOS; INTERESSES EM EMPREENDEDORISMO, PEQUENOS NEGÓCIOS E MEI; COMPORTAMENTO VOLTADO A ENGAJAMENTO COM PERFIS DE NEGÓCIOS E INFLUENCIADORES DE GESTÃO",2025_6_BR_STORIES_VIC CERIDONO STORIES_ACAO_SBRAE_2025_PSMN0291,Tráfego,Distrito Federal,2928,"22,76",81,0,"2025-06-14-PSMN-2928-22,76-81",50440,2.5,20176
2025-06-14,Sebrae Nacional - DEBRITO,1,facebook,sbrae_2025_psmn,psmn,"2025_6_BR_TRAF_CPC_MULHERES DE 25 A 45 ANOS; INTERESSES EM EMPREENDEDORISMO, PEQUENOS NEGÓCIOS E MEI; COMPORTAMENTO VOLTADO A ENGAJAMENTO COM PERFIS DE NEGÓCIOS E INFLUENCIADORES DE GESTÃO",2025_6_BR_CARD_KV_ACAO_SBRAE_2025_PSMN0293,Tráfego,Goiás,5816,"22,35",80,0,"2025-06-14-PSMN-5816-22,35-80",50440,2.5,20176
2025-06-14,Sebrae Nacional - DEBRITO,1,facebook,sbrae_2025_psmn,psmn,"2025_6_BR_TRAF_CPC_MULHERES DE 25 A 45 ANOS; INTERESSES EM EMPREENDEDORISMO, PEQUENOS NEGÓCIOS E MEI; COMPORTAMENTO VOLTADO A ENGAJAMENTO COM PERFIS DE NEGÓCIOS E INFLUENCIADORES DE GESTÃO",2025_6_BR_REELS_GABRIELA BAILAS REELS_ACAO_SBRAE_2025_PSMN0289,Tráfego,Goiás,554,"5,04",18,0,"2025-06-14-PSMN-554-5,04-18",50440,2.5,20176
2025-06-14,Sebrae Nacional - DEBRITO,1,facebook,sbrae_2025_psmn,psmn,"2025_6_BR_TRAF_CPC_MULHERES DE 25 A 45 ANOS; INTERESSES EM EMPREENDEDORISMO, PEQUENOS NEGÓCIOS E MEI; COMPORTAMENTO VOLTADO A ENGAJAMENTO COM PERFIS DE NEGÓCIOS E INFLUENCIADORES DE GESTÃO",2025_6_BR_REELS_VIC CERIDONO REELS_ACAO_SBRAE_2025_PSMN0290,Tráfego,Goiás,3702,"22,94",80,0,"2025-06-14-PSMN-3702-22,94-80",50440,2.5,20176
2025-06-14,Sebrae Nacional - DEBRITO,1,facebook,sbrae_2025_psmn,psmn,"2025_6_BR_TRAF_CPC_MULHERES DE 25 A 45 ANOS; INTERESSES EM EMPREENDEDORISMO, PEQUENOS NEGÓCIOS E MEI; COMPORTAMENTO VOLTADO A ENGAJAMENTO COM PERFIS DE NEGÓCIOS E INFLUENCIADORES DE GESTÃO",2025_6_BR_STORIES_GABRIELA BAILAS STORIES_ACAO_SBRAE_2025_PSMN0292,Tráfego,Goiás,5025,"58,19",279,0,"2025-06-14-PSMN-5025-58,19-279",50440,2.5,20176
2025-06-14,Sebrae Nacional - DEBRITO,1,facebook,sbrae_2025_psmn,psmn,"2025_6_BR_TRAF_CPC_MULHERES DE 25 A 45 ANOS; INTERESSES EM EMPREENDEDORISMO, PEQUENOS NEGÓCIOS E MEI; COMPORTAMENTO VOLTADO A ENGAJAMENTO COM PERFIS DE NEGÓCIOS E INFLUENCIADORES DE GESTÃO",2025_6_BR_STORIES_VIC CERIDONO STORIES_ACAO_SBRAE_2025_PSMN0291,Tráfego,Goiás,13827,"95,8",425,0,"2025-06-14-PSMN-13827-95,8-425",50440,2.5,20176
2025-06-14,Sebrae Nacional - DEBRITO,1,facebook,sbrae_2025_psmn,psmn,"2025_6_BR_TRAF_CPC_MULHERES DE 25 A 45 ANOS; INTERESSES EM EMPREENDEDORISMO, PEQUENOS NEGÓCIOS E MEI; COMPORTAMENTO VOLTADO A ENGAJAMENTO COM PERFIS DE NEGÓCIOS E INFLUENCIADORES DE GESTÃO",2025_6_BR_CARD_KV_ACAO_SBRAE_2025_PSMN0293,Tráfego,Maranhão,7289,"23,89",74,0,"2025-06-14-PSMN-7289-23,89-74",50440,2.5,20176
2025-06-14,Sebrae Nacional - DEBRITO,1,facebook,sbrae_2025_psmn,psmn,"2025_6_BR_TRAF_CPC_MULHERES DE 25 A 45 ANOS; INTERESSES EM EMPREENDEDORISMO, PEQUENOS NEGÓCIOS E MEI; COMPORTAMENTO VOLTADO A ENGAJAMENTO COM PERFIS DE NEGÓCIOS E INFLUENCIADORES DE GESTÃO",2025_6_BR_REELS_GABRIELA BAILAS REELS_ACAO_SBRAE_2025_PSMN0289,Tráfego,Maranhão,533,"3,81",14,0,"2025-06-14-PSMN-533-3,81-14",50440,2.5,20176
2025-06-14,Sebrae Nacional - DEBRITO,1,facebook,sbrae_2025_psmn,psmn,"2025_6_BR_TRAF_CPC_MULHERES DE 25 A 45 ANOS; INTERESSES EM EMPREENDEDORISMO, PEQUENOS NEGÓCIOS E MEI; COMPORTAMENTO VOLTADO A ENGAJAMENTO COM PERFIS DE NEGÓCIOS E INFLUENCIADORES DE GESTÃO",2025_6_BR_REELS_VIC CERIDONO REELS_ACAO_SBRAE_2025_PSMN0290,Tráfego,Maranhão,3104,"19,21",71,0,"2025-06-14-PSMN-3104-19,21-71",50440,2.5,20176
2025-06-14,Sebrae Nacional - DEBRITO,1,facebook,sbrae_2025_psmn,psmn,"2025_6_BR_TRAF_CPC_MULHERES DE 25 A 45 ANOS; INTERESSES EM EMPREENDEDORISMO, PEQUENOS NEGÓCIOS E MEI; COMPORTAMENTO VOLTADO A ENGAJAMENTO COM PERFIS DE NEGÓCIOS E INFLUENCIADORES DE GESTÃO",2025_6_BR_STORIES_GABRIELA BAILAS STORIES_ACAO_SBRAE_2025_PSMN0292,Tráfego,Maranhão,5194,"59,95",266,0,"2025-06-14-PSMN-5194-59,95-266",50440,2.5,20176
2025-06-14,Sebrae Nacional - DEBRITO,1,facebook,sbrae_2025_psmn,psmn,"2025_6_BR_TRAF_CPC_MULHERES DE 25 A 45 ANOS; INTERESSES EM EMPREENDEDORISMO, PEQUENOS NEGÓCIOS E MEI; COMPORTAMENTO VOLTADO A ENGAJAMENTO COM PERFIS DE NEGÓCIOS E INFLUENCIADORES DE GESTÃO",2025_6_BR_STORIES_VIC CERIDONO STORIES_ACAO_SBRAE_2025_PSMN0291,Tráfego,Maranhão,10799,"73,98",346,0,"2025-06-14-PSMN-10799-73,98-346",50440,2.5,20176
2025-06-14,Sebrae Nacional - DEBRITO,1,facebook,sbrae_2025_psmn,psmn,"2025_6_BR_TRAF_CPC_MULHERES DE 25 A 45 ANOS; INTERESSES EM EMPREENDEDORISMO, PEQUENOS NEGÓCIOS E MEI; COMPORTAMENTO VOLTADO A ENGAJAMENTO COM PERFIS DE NEGÓCIOS E INFLUENCIADORES DE GESTÃO",2025_6_BR_CARD_KV_ACAO_SBRAE_2025_PSMN0293,Tráfego,Mato Grosso,1976,"8,15",23,0,"2025-06-14-PSMN-1976-8,15-23",50440,2.5,20176
2025-06-14,Sebrae Nacional - DEBRITO,1,facebook,sbrae_2025_psmn,psmn,"2025_6_BR_TRAF_CPC_MULHERES DE 25 A 45 ANOS; INTERESSES EM EMPREENDEDORISMO, PEQUENOS NEGÓCIOS E MEI; COMPORTAMENTO VOLTADO A ENGAJAMENTO COM PERFIS DE NEGÓCIOS E INFLUENCIADORES DE GESTÃO",2025_6_BR_REELS_GABRIELA BAILAS REELS_ACAO_SBRAE_2025_PSMN0289,Tráfego,Mato Grosso,215,"1,8",4,0,"2025-06-14-PSMN-215-1,8-4",50440,2.5,20176
2025-06-14,Sebrae Nacional - DEBRITO,1,facebook,sbrae_2025_psmn,psmn,"2025_6_BR_TRAF_CPC_MULHERES DE 25 A 45 ANOS; INTERESSES EM EMPREENDEDORISMO, PEQUENOS NEGÓCIOS E MEI; COMPORTAMENTO VOLTADO A ENGAJAMENTO COM PERFIS DE NEGÓCIOS E INFLUENCIADORES DE GESTÃO",2025_6_BR_REELS_VIC CERIDONO REELS_ACAO_SBRAE_2025_PSMN0290,Tráfego,Mato Grosso,1696,"10,32",22,0,"2025-06-14-PSMN-1696-10,32-22",50440,2.5,20176
2025-06-14,Sebrae Nacional - DEBRITO,1,facebook,sbrae_2025_psmn,psmn,"2025_6_BR_TRAF_CPC_MULHERES DE 25 A 45 ANOS; INTERESSES EM EMPREENDEDORISMO, PEQUENOS NEGÓCIOS E MEI; COMPORTAMENTO VOLTADO A ENGAJAMENTO COM PERFIS DE NEGÓCIOS E INFLUENCIADORES DE GESTÃO",2025_6_BR_STORIES_GABRIELA BAILAS STORIES_ACAO_SBRAE_2025_PSMN0292,Tráfego,Mato Grosso,2178,"24,73",102,0,"2025-06-14-PSMN-2178-24,73-102",50440,2.5,20176
2025-06-14,Sebrae Nacional - DEBRITO,1,facebook,sbrae_2025_psmn,psmn,"2025_6_BR_TRAF_CPC_MULHERES DE 25 A 45 ANOS; INTERESSES EM EMPREENDEDORISMO, PEQUENOS NEGÓCIOS E MEI; COMPORTAMENTO VOLTADO A ENGAJAMENTO COM PERFIS DE NEGÓCIOS E INFLUENCIADORES DE GESTÃO",2025_6_BR_STORIES_VIC CERIDONO STORIES_ACAO_SBRAE_2025_PSMN0291,Tráfego,Mato Grosso,6288,"42,6",180,0,"2025-06-14-PSMN-6288-42,6-180",50440,2.5,20176
2025-06-14,Sebrae Nacional - DEBRITO,1,facebook,sbrae_2025_psmn,psmn,"2025_6_BR_TRAF_CPC_MULHERES DE 25 A 45 ANOS; INTERESSES EM EMPREENDEDORISMO, PEQUENOS NEGÓCIOS E MEI; COMPORTAMENTO VOLTADO A ENGAJAMENTO COM PERFIS DE NEGÓCIOS E INFLUENCIADORES DE GESTÃO",2025_6_BR_CARD_KV_ACAO_SBRAE_2025_PSMN0293,Tráfego,Mato Grosso do Sul,1925,"7,38",34,0,"2025-06-14-PSMN-1925-7,38-34",50440,2.5,20176
2025-06-14,Sebrae Nacional - DEBRITO,1,facebook,sbrae_2025_psmn,psmn,"2025_6_BR_TRAF_CPC_MULHERES DE 25 A 45 ANOS; INTERESSES EM EMPREENDEDORISMO, PEQUENOS NEGÓCIOS E MEI; COMPORTAMENTO VOLTADO A ENGAJAMENTO COM PERFIS DE NEGÓCIOS E INFLUENCIADORES DE GESTÃO",2025_6_BR_REELS_GABRIELA BAILAS REELS_ACAO_SBRAE_2025_PSMN0289,Tráfego,Mato Grosso do Sul,226,2,8,0,2025-06-14-PSMN-226-2-8,50440,2.5,20176
2025-06-14,Sebrae Nacional - DEBRITO,1,facebook,sbrae_2025_psmn,psmn,"2025_6_BR_TRAF_CPC_MULHERES DE 25 A 45 ANOS; INTERESSES EM EMPREENDEDORISMO, PEQUENOS NEGÓCIOS E MEI; COMPORTAMENTO VOLTADO A ENGAJAMENTO COM PERFIS DE NEGÓCIOS E INFLUENCIADORES DE GESTÃO",2025_6_BR_REELS_VIC CERIDONO REELS_ACAO_SBRAE_2025_PSMN0290,Tráfego,Mato Grosso do Sul,1689,"10,51",44,0,"2025-06-14-PSMN-1689-10,51-44",50440,2.5,20176
2025-06-14,Sebrae Nacional - DEBRITO,1,facebook,sbrae_2025_psmn,psmn,"2025_6_BR_TRAF_CPC_MULHERES DE 25 A 45 ANOS; INTERESSES EM EMPREENDEDORISMO, PEQUENOS NEGÓCIOS E MEI; COMPORTAMENTO VOLTADO A ENGAJAMENTO COM PERFIS DE NEGÓCIOS E INFLUENCIADORES DE GESTÃO",2025_6_BR_STORIES_GABRIELA BAILAS STORIES_ACAO_SBRAE_2025_PSMN0292,Tráfego,Mato Grosso do Sul,2288,"24,23",116,0,"2025-06-14-PSMN-2288-24,23-116",50440,2.5,20176
2025-06-14,Sebrae Nacional - DEBRITO,1,facebook,sbrae_2025_psmn,psmn,"2025_6_BR_TRAF_CPC_MULHERES DE 25 A 45 ANOS; INTERESSES EM EMPREENDEDORISMO, PEQUENOS NEGÓCIOS E MEI; COMPORTAMENTO VOLTADO A ENGAJAMENTO COM PERFIS DE NEGÓCIOS E INFLUENCIADORES DE GESTÃO",2025_6_BR_STORIES_VIC CERIDONO STORIES_ACAO_SBRAE_2025_PSMN0291,Tráfego,Mato Grosso do Sul,5720,"39,1",172,0,"2025-06-14-PSMN-5720-39,1-172",50440,2.5,20176
2025-06-14,Sebrae Nacional - DEBRITO,1,facebook,sbrae_2025_psmn,psmn,"2025_6_BR_TRAF_CPC_MULHERES DE 25 A 45 ANOS; INTERESSES EM EMPREENDEDORISMO, PEQUENOS NEGÓCIOS E MEI; COMPORTAMENTO VOLTADO A ENGAJAMENTO COM PERFIS DE NEGÓCIOS E INFLUENCIADORES DE GESTÃO",2025_6_BR_CARD_KV_ACAO_SBRAE_2025_PSMN0293,Tráfego,Minas Gerais,11872,"47,31",162,0,"2025-06-14-PSMN-11872-47,31-162",50440,2.5,20176
2025-06-14,Sebrae Nacional - DEBRITO,1,facebook,sbrae_2025_psmn,psmn,"2025_6_BR_TRAF_CPC_MULHERES DE 25 A 45 ANOS; INTERESSES EM EMPREENDEDORISMO, PEQUENOS NEGÓCIOS E MEI; COMPORTAMENTO VOLTADO A ENGAJAMENTO COM PERFIS DE NEGÓCIOS E INFLUENCIADORES DE GESTÃO",2025_6_BR_REELS_GABRIELA BAILAS REELS_ACAO_SBRAE_2025_PSMN0289,Tráfego,Minas Gerais,1409,"12,16",48,0,"2025-06-14-PSMN-1409-12,16-48",50440,2.5,20176
2025-06-14,Sebrae Nacional - DEBRITO,1,facebook,sbrae_2025_psmn,psmn,"2025_6_BR_TRAF_CPC_MULHERES DE 25 A 45 ANOS; INTERESSES EM EMPREENDEDORISMO, PEQUENOS NEGÓCIOS E MEI; COMPORTAMENTO VOLTADO A ENGAJAMENTO COM PERFIS DE NEGÓCIOS E INFLUENCIADORES DE GESTÃO",2025_6_BR_REELS_VIC CERIDONO REELS_ACAO_SBRAE_2025_PSMN0290,Tráfego,Minas Gerais,8686,"61,05",213,0,"2025-06-14-PSMN-8686-61,05-213",50440,2.5,20176
2025-06-14,Sebrae Nacional - DEBRITO,1,facebook,sbrae_2025_psmn,psmn,"2025_6_BR_TRAF_CPC_MULHERES DE 25 A 45 ANOS; INTERESSES EM EMPREENDEDORISMO, PEQUENOS NEGÓCIOS E MEI; COMPORTAMENTO VOLTADO A ENGAJAMENTO COM PERFIS DE NEGÓCIOS E INFLUENCIADORES DE GESTÃO",2025_6_BR_STORIES_GABRIELA BAILAS STORIES_ACAO_SBRAE_2025_PSMN0292,Tráfego,Minas Gerais,16404,"195,15",957,0,"2025-06-14-PSMN-16404-195,15-957",50440,2.5,20176
2025-06-14,Sebrae Nacional - DEBRITO,1,facebook,sbrae_2025_psmn,psmn,"2025_6_BR_TRAF_CPC_MULHERES DE 25 A 45 ANOS; INTERESSES EM EMPREENDEDORISMO, PEQUENOS NEGÓCIOS E MEI; COMPORTAMENTO VOLTADO A ENGAJAMENTO COM PERFIS DE NEGÓCIOS E INFLUENCIADORES DE GESTÃO",2025_6_BR_STORIES_VIC CERIDONO STORIES_ACAO_SBRAE_2025_PSMN0291,Tráfego,Minas Gerais,28944,"221,98",976,0,"2025-06-14-PSMN-28944-221,98-976",50440,2.5,20176
2025-06-14,Sebrae Nacional - DEBRITO,1,facebook,sbrae_2025_psmn,psmn,"2025_6_BR_TRAF_CPC_MULHERES DE 25 A 45 ANOS; INTERESSES EM EMPREENDEDORISMO, PEQUENOS NEGÓCIOS E MEI; COMPORTAMENTO VOLTADO A ENGAJAMENTO COM PERFIS DE NEGÓCIOS E INFLUENCIADORES DE GESTÃO",2025_6_BR_CARD_KV_ACAO_SBRAE_2025_PSMN0293,Tráfego,Paraná,2926,"11,96",45,0,"2025-06-14-PSMN-2926-11,96-45",50440,2.5,20176
2025-06-14,Sebrae Nacional - DEBRITO,1,facebook,sbrae_2025_psmn,psmn,"2025_6_BR_TRAF_CPC_MULHERES DE 25 A 45 ANOS; INTERESSES EM EMPREENDEDORISMO, PEQUENOS NEGÓCIOS E MEI; COMPORTAMENTO VOLTADO A ENGAJAMENTO COM PERFIS DE NEGÓCIOS E INFLUENCIADORES DE GESTÃO",2025_6_BR_REELS_GABRIELA BAILAS REELS_ACAO_SBRAE_2025_PSMN0289,Tráfego,Paraná,576,"5,52",20,0,"2025-06-14-PSMN-576-5,52-20",50440,2.5,20176
2025-06-14,Sebrae Nacional - DEBRITO,1,facebook,sbrae_2025_psmn,psmn,"2025_6_BR_TRAF_CPC_MULHERES DE 25 A 45 ANOS; INTERESSES EM EMPREENDEDORISMO, PEQUENOS NEGÓCIOS E MEI; COMPORTAMENTO VOLTADO A ENGAJAMENTO COM PERFIS DE NEGÓCIOS E INFLUENCIADORES DE GESTÃO",2025_6_BR_REELS_VIC CERIDONO REELS_ACAO_SBRAE_2025_PSMN0290,Tráfego,Paraná,4142,"27,38",100,0,"2025-06-14-PSMN-4142-27,38-100",50440,2.5,20176
2025-06-14,Sebrae Nacional - DEBRITO,1,facebook,sbrae_2025_psmn,psmn,"2025_6_BR_TRAF_CPC_MULHERES DE 25 A 45 ANOS; INTERESSES EM EMPREENDEDORISMO, PEQUENOS NEGÓCIOS E MEI; COMPORTAMENTO VOLTADO A ENGAJAMENTO COM PERFIS DE NEGÓCIOS E INFLUENCIADORES DE GESTÃO",2025_6_BR_STORIES_GABRIELA BAILAS STORIES_ACAO_SBRAE_2025_PSMN0292,Tráfego,Paraná,8027,"88,13",467,0,"2025-06-14-PSMN-8027-88,13-467",50440,2.5,20176
2025-06-14,Sebrae Nacional - DEBRITO,1,facebook,sbrae_2025_psmn,psmn,"2025_6_BR_TRAF_CPC_MULHERES DE 25 A 45 ANOS; INTERESSES EM EMPREENDEDORISMO, PEQUENOS NEGÓCIOS E MEI; COMPORTAMENTO VOLTADO A ENGAJAMENTO COM PERFIS DE NEGÓCIOS E INFLUENCIADORES DE GESTÃO",2025_6_BR_STORIES_VIC CERIDONO STORIES_ACAO_SBRAE_2025_PSMN0291,Tráfego,Paraná,15264,"111,8",468,0,"2025-06-14-PSMN-15264-111,8-468",50440,2.5,20176
2025-06-14,Sebrae Nacional - DEBRITO,1,facebook,sbrae_2025_psmn,psmn,"2025_6_BR_TRAF_CPC_MULHERES DE 25 A 45 ANOS; INTERESSES EM EMPREENDEDORISMO, PEQUENOS NEGÓCIOS E MEI; COMPORTAMENTO VOLTADO A ENGAJAMENTO COM PERFIS DE NEGÓCIOS E INFLUENCIADORES DE GESTÃO",2025_6_BR_CARD_KV_ACAO_SBRAE_2025_PSMN0293,Tráfego,Paraíba,7621,"24,37",91,0,"2025-06-14-PSMN-7621-24,37-91",50440,2.5,20176
2025-06-14,Sebrae Nacional - DEBRITO,1,facebook,sbrae_2025_psmn,psmn,"2025_6_BR_TRAF_CPC_MULHERES DE 25 A 45 ANOS; INTERESSES EM EMPREENDEDORISMO, PEQUENOS NEGÓCIOS E MEI; COMPORTAMENTO VOLTADO A ENGAJAMENTO COM PERFIS DE NEGÓCIOS E INFLUENCIADORES DE GESTÃO",2025_6_BR_REELS_GABRIELA BAILAS REELS_ACAO_SBRAE_2025_PSMN0289,Tráfego,Paraíba,669,"4,49",16,0,"2025-06-14-PSMN-669-4,49-16",50440,2.5,20176
2025-06-14,Sebrae Nacional - DEBRITO,1,facebook,sbrae_2025_psmn,psmn,"2025_6_BR_TRAF_CPC_MULHERES DE 25 A 45 ANOS; INTERESSES EM EMPREENDEDORISMO, PEQUENOS NEGÓCIOS E MEI; COMPORTAMENTO VOLTADO A ENGAJAMENTO COM PERFIS DE NEGÓCIOS E INFLUENCIADORES DE GESTÃO",2025_6_BR_REELS_VIC CERIDONO REELS_ACAO_SBRAE_2025_PSMN0290,Tráfego,Paraíba,4532,"26,6",88,0,"2025-06-14-PSMN-4532-26,6-88",50440,2.5,20176
2025-06-14,Sebrae Nacional - DEBRITO,1,facebook,sbrae_2025_psmn,psmn,"2025_6_BR_TRAF_CPC_MULHERES DE 25 A 45 ANOS; INTERESSES EM EMPREENDEDORISMO, PEQUENOS NEGÓCIOS E MEI; COMPORTAMENTO VOLTADO A ENGAJAMENTO COM PERFIS DE NEGÓCIOS E INFLUENCIADORES DE GESTÃO",2025_6_BR_STORIES_GABRIELA BAILAS STORIES_ACAO_SBRAE_2025_PSMN0292,Tráfego,Paraíba,9561,"88,99",391,0,"2025-06-14-PSMN-9561-88,99-391",50440,2.5,20176
2025-06-14,Sebrae Nacional - DEBRITO,1,facebook,sbrae_2025_psmn,psmn,"2025_6_BR_TRAF_CPC_MULHERES DE 25 A 45 ANOS; INTERESSES EM EMPREENDEDORISMO, PEQUENOS NEGÓCIOS E MEI; COMPORTAMENTO VOLTADO A ENGAJAMENTO COM PERFIS DE NEGÓCIOS E INFLUENCIADORES DE GESTÃO",2025_6_BR_STORIES_VIC CERIDONO STORIES_ACAO_SBRAE_2025_PSMN0291,Tráfego,Paraíba,11668,"74,28",305,0,"2025-06-14-PSMN-11668-74,28-305",50440,2.5,20176
2025-06-14,Sebrae Nacional - DEBRITO,1,facebook,sbrae_2025_psmn,psmn,"2025_6_BR_TRAF_CPC_MULHERES DE 25 A 45 ANOS; INTERESSES EM EMPREENDEDORISMO, PEQUENOS NEGÓCIOS E MEI; COMPORTAMENTO VOLTADO A ENGAJAMENTO COM PERFIS DE NEGÓCIOS E INFLUENCIADORES DE GESTÃO",2025_6_BR_CARD_KV_ACAO_SBRAE_2025_PSMN0293,Tráfego,Pará,6064,"20,95",73,0,"2025-06-14-PSMN-6064-20,95-73",50440,2.5,20176
2025-06-14,Sebrae Nacional - DEBRITO,1,facebook,sbrae_2025_psmn,psmn,"2025_6_BR_TRAF_CPC_MULHERES DE 25 A 45 ANOS; INTERESSES EM EMPREENDEDORISMO, PEQUENOS NEGÓCIOS E MEI; COMPORTAMENTO VOLTADO A ENGAJAMENTO COM PERFIS DE NEGÓCIOS E INFLUENCIADORES DE GESTÃO",2025_6_BR_REELS_GABRIELA BAILAS REELS_ACAO_SBRAE_2025_PSMN0289,Tráfego,Pará,643,"4,71",20,0,"2025-06-14-PSMN-643-4,71-20",50440,2.5,20176
2025-06-14,Sebrae Nacional - DEBRITO,1,facebook,sbrae_2025_psmn,psmn,"2025_6_BR_TRAF_CPC_MULHERES DE 25 A 45 ANOS; INTERESSES EM EMPREENDEDORISMO, PEQUENOS NEGÓCIOS E MEI; COMPORTAMENTO VOLTADO A ENGAJAMENTO COM PERFIS DE NEGÓCIOS E INFLUENCIADORES DE GESTÃO",2025_6_BR_REELS_VIC CERIDONO REELS_ACAO_SBRAE_2025_PSMN0290,Tráfego,Pará,4110,"24,47",83,0,"2025-06-14-PSMN-4110-24,47-83",50440,2.5,20176
2025-06-14,Sebrae Nacional - DEBRITO,1,facebook,sbrae_2025_psmn,psmn,"2025_6_BR_TRAF_CPC_MULHERES DE 25 A 45 ANOS; INTERESSES EM EMPREENDEDORISMO, PEQUENOS NEGÓCIOS E MEI; COMPORTAMENTO VOLTADO A ENGAJAMENTO COM PERFIS DE NEGÓCIOS E INFLUENCIADORES DE GESTÃO",2025_6_BR_STORIES_GABRIELA BAILAS STORIES_ACAO_SBRAE_2025_PSMN0292,Tráfego,Pará,6348,"66,92",337,0,"2025-06-14-PSMN-6348-66,92-337",50440,2.5,20176
2025-06-14,Sebrae Nacional - DEBRITO,1,facebook,sbrae_2025_psmn,psmn,"2025_6_BR_TRAF_CPC_MULHERES DE 25 A 45 ANOS; INTERESSES EM EMPREENDEDORISMO, PEQUENOS NEGÓCIOS E MEI; COMPORTAMENTO VOLTADO A ENGAJAMENTO COM PERFIS DE NEGÓCIOS E INFLUENCIADORES DE GESTÃO",2025_6_BR_STORIES_VIC CERIDONO STORIES_ACAO_SBRAE_2025_PSMN0291,Tráfego,Pará,14771,"93,55",416,0,"2025-06-14-PSMN-14771-93,55-416",50440,2.5,20176
2025-06-14,Sebrae Nacional - DEBRITO,1,facebook,sbrae_2025_psmn,psmn,"2025_6_BR_TRAF_CPC_MULHERES DE 25 A 45 ANOS; INTERESSES EM EMPREENDEDORISMO, PEQUENOS NEGÓCIOS E MEI; COMPORTAMENTO VOLTADO A ENGAJAMENTO COM PERFIS DE NEGÓCIOS E INFLUENCIADORES DE GESTÃO",2025_6_BR_CARD_KV_ACAO_SBRAE_2025_PSMN0293,Tráfego,Pernambuco,16496,"54,12",179,0,"2025-06-14-PSMN-16496-54,12-179",50440,2.5,20176
2025-06-14,Sebrae Nacional - DEBRITO,1,facebook,sbrae_2025_psmn,psmn,"2025_6_BR_TRAF_CPC_MULHERES DE 25 A 45 ANOS; INTERESSES EM EMPREENDEDORISMO, PEQUENOS NEGÓCIOS E MEI; COMPORTAMENTO VOLTADO A ENGAJAMENTO COM PERFIS DE NEGÓCIOS E INFLUENCIADORES DE GESTÃO",2025_6_BR_REELS_GABRIELA BAILAS REELS_ACAO_SBRAE_2025_PSMN0289,Tráfego,Pernambuco,1540,"11,54",43,0,"2025-06-14-PSMN-1540-11,54-43",50440,2.5,20176
2025-06-14,Sebrae Nacional - DEBRITO,1,facebook,sbrae_2025_psmn,psmn,"2025_6_BR_TRAF_CPC_MULHERES DE 25 A 45 ANOS; INTERESSES EM EMPREENDEDORISMO, PEQUENOS NEGÓCIOS E MEI; COMPORTAMENTO VOLTADO A ENGAJAMENTO COM PERFIS DE NEGÓCIOS E INFLUENCIADORES DE GESTÃO",2025_6_BR_REELS_VIC CERIDONO REELS_ACAO_SBRAE_2025_PSMN0290,Tráfego,Pernambuco,8023,"51,37",187,0,"2025-06-14-PSMN-8023-51,37-187",50440,2.5,20176
2025-06-14,Sebrae Nacional - DEBRITO,1,facebook,sbrae_2025_psmn,psmn,"2025_6_BR_TRAF_CPC_MULHERES DE 25 A 45 ANOS; INTERESSES EM EMPREENDEDORISMO, PEQUENOS NEGÓCIOS E MEI; COMPORTAMENTO VOLTADO A ENGAJAMENTO COM PERFIS DE NEGÓCIOS E INFLUENCIADORES DE GESTÃO",2025_6_BR_STORIES_GABRIELA BAILAS STORIES_ACAO_SBRAE_2025_PSMN0292,Tráfego,Pernambuco,16480,"163,7",792,0,"2025-06-14-PSMN-16480-163,7-792",50440,2.5,20176
2025-06-14,Sebrae Nacional - DEBRITO,1,facebook,sbrae_2025_psmn,psmn,"2025_6_BR_TRAF_CPC_MULHERES DE 25 A 45 ANOS; INTERESSES EM EMPREENDEDORISMO, PEQUENOS NEGÓCIOS E MEI; COMPORTAMENTO VOLTADO A ENGAJAMENTO COM PERFIS DE NEGÓCIOS E INFLUENCIADORES DE GESTÃO",2025_6_BR_STORIES_VIC CERIDONO STORIES_ACAO_SBRAE_2025_PSMN0291,Tráfego,Pernambuco,21624,"147,58",649,0,"2025-06-14-PSMN-21624-147,58-649",50440,2.5,20176
2025-06-14,Sebrae Nacional - DEBRITO,1,facebook,sbrae_2025_psmn,psmn,"2025_6_BR_TRAF_CPC_MULHERES DE 25 A 45 ANOS; INTERESSES EM EMPREENDEDORISMO, PEQUENOS NEGÓCIOS E MEI; COMPORTAMENTO VOLTADO A ENGAJAMENTO COM PERFIS DE NEGÓCIOS E INFLUENCIADORES DE GESTÃO",2025_6_BR_CARD_KV_ACAO_SBRAE_2025_PSMN0293,Tráfego,Piauí,4488,"14,21",58,0,"2025-06-14-PSMN-4488-14,21-58",50440,2.5,20176
2025-06-14,Sebrae Nacional - DEBRITO,1,facebook,sbrae_2025_psmn,psmn,"2025_6_BR_TRAF_CPC_MULHERES DE 25 A 45 ANOS; INTERESSES EM EMPREENDEDORISMO, PEQUENOS NEGÓCIOS E MEI; COMPORTAMENTO VOLTADO A ENGAJAMENTO COM PERFIS DE NEGÓCIOS E INFLUENCIADORES DE GESTÃO",2025_6_BR_REELS_GABRIELA BAILAS REELS_ACAO_SBRAE_2025_PSMN0289,Tráfego,Piauí,377,"2,27",5,0,"2025-06-14-PSMN-377-2,27-5",50440,2.5,20176
2025-06-14,Sebrae Nacional - DEBRITO,1,facebook,sbrae_2025_psmn,psmn,"2025_6_BR_TRAF_CPC_MULHERES DE 25 A 45 ANOS; INTERESSES EM EMPREENDEDORISMO, PEQUENOS NEGÓCIOS E MEI; COMPORTAMENTO VOLTADO A ENGAJAMENTO COM PERFIS DE NEGÓCIOS E INFLUENCIADORES DE GESTÃO",2025_6_BR_REELS_VIC CERIDONO REELS_ACAO_SBRAE_2025_PSMN0290,Tráfego,Piauí,2302,"13,69",52,0,"2025-06-14-PSMN-2302-13,69-52",50440,2.5,20176
2025-06-14,Sebrae Nacional - DEBRITO,1,facebook,sbrae_2025_psmn,psmn,"2025_6_BR_TRAF_CPC_MULHERES DE 25 A 45 ANOS; INTERESSES EM EMPREENDEDORISMO, PEQUENOS NEGÓCIOS E MEI; COMPORTAMENTO VOLTADO A ENGAJAMENTO COM PERFIS DE NEGÓCIOS E INFLUENCIADORES DE GESTÃO",2025_6_BR_STORIES_GABRIELA BAILAS STORIES_ACAO_SBRAE_2025_PSMN0292,Tráfego,Piauí,5330,"55,54",285,0,"2025-06-14-PSMN-5330-55,54-285",50440,2.5,20176
2025-06-14,Sebrae Nacional - DEBRITO,1,facebook,sbrae_2025_psmn,psmn,"2025_6_BR_TRAF_CPC_MULHERES DE 25 A 45 ANOS; INTERESSES EM EMPREENDEDORISMO, PEQUENOS NEGÓCIOS E MEI; COMPORTAMENTO VOLTADO A ENGAJAMENTO COM PERFIS DE NEGÓCIOS E INFLUENCIADORES DE GESTÃO",2025_6_BR_STORIES_VIC CERIDONO STORIES_ACAO_SBRAE_2025_PSMN0291,Tráfego,Piauí,7702,"52,62",229,0,"2025-06-14-PSMN-7702-52,62-229",50440,2.5,20176
2025-06-14,Sebrae Nacional - DEBRITO,1,facebook,sbrae_2025_psmn,psmn,"2025_6_BR_TRAF_CPC_MULHERES DE 25 A 45 ANOS; INTERESSES EM EMPREENDEDORISMO, PEQUENOS NEGÓCIOS E MEI; COMPORTAMENTO VOLTADO A ENGAJAMENTO COM PERFIS DE NEGÓCIOS E INFLUENCIADORES DE GESTÃO",2025_6_BR_CARD_KV_ACAO_SBRAE_2025_PSMN0293,Tráfego,Rio Grande do Norte,6708,"21,56",87,0,"2025-06-14-PSMN-6708-21,56-87",50440,2.5,20176
2025-06-14,Sebrae Nacional - DEBRITO,1,facebook,sbrae_2025_psmn,psmn,"2025_6_BR_TRAF_CPC_MULHERES DE 25 A 45 ANOS; INTERESSES EM EMPREENDEDORISMO, PEQUENOS NEGÓCIOS E MEI; COMPORTAMENTO VOLTADO A ENGAJAMENTO COM PERFIS DE NEGÓCIOS E INFLUENCIADORES DE GESTÃO",2025_6_BR_REELS_GABRIELA BAILAS REELS_ACAO_SBRAE_2025_PSMN0289,Tráfego,Rio Grande do Norte,729,"5,34",17,0,"2025-06-14-PSMN-729-5,34-17",50440,2.5,20176
2025-06-14,Sebrae Nacional - DEBRITO,1,facebook,sbrae_2025_psmn,psmn,"2025_6_BR_TRAF_CPC_MULHERES DE 25 A 45 ANOS; INTERESSES EM EMPREENDEDORISMO, PEQUENOS NEGÓCIOS E MEI; COMPORTAMENTO VOLTADO A ENGAJAMENTO COM PERFIS DE NEGÓCIOS E INFLUENCIADORES DE GESTÃO",2025_6_BR_REELS_VIC CERIDONO REELS_ACAO_SBRAE_2025_PSMN0290,Tráfego,Rio Grande do Norte,3859,"25,37",93,0,"2025-06-14-PSMN-3859-25,37-93",50440,2.5,20176
2025-06-14,Sebrae Nacional - DEBRITO,1,facebook,sbrae_2025_psmn,psmn,"2025_6_BR_TRAF_CPC_MULHERES DE 25 A 45 ANOS; INTERESSES EM EMPREENDEDORISMO, PEQUENOS NEGÓCIOS E MEI; COMPORTAMENTO VOLTADO A ENGAJAMENTO COM PERFIS DE NEGÓCIOS E INFLUENCIADORES DE GESTÃO",2025_6_BR_STORIES_GABRIELA BAILAS STORIES_ACAO_SBRAE_2025_PSMN0292,Tráfego,Rio Grande do Norte,7533,"75,1",357,0,"2025-06-14-PSMN-7533-75,1-357",50440,2.5,20176
2025-06-14,Sebrae Nacional - DEBRITO,1,facebook,sbrae_2025_psmn,psmn,"2025_6_BR_TRAF_CPC_MULHERES DE 25 A 45 ANOS; INTERESSES EM EMPREENDEDORISMO, PEQUENOS NEGÓCIOS E MEI; COMPORTAMENTO VOLTADO A ENGAJAMENTO COM PERFIS DE NEGÓCIOS E INFLUENCIADORES DE GESTÃO",2025_6_BR_STORIES_VIC CERIDONO STORIES_ACAO_SBRAE_2025_PSMN0291,Tráfego,Rio Grande do Norte,9680,"67,71",290,0,"2025-06-14-PSMN-9680-67,71-290",50440,2.5,20176
2025-06-14,Sebrae Nacional - DEBRITO,1,facebook,sbrae_2025_psmn,psmn,"2025_6_BR_TRAF_CPC_MULHERES DE 25 A 45 ANOS; INTERESSES EM EMPREENDEDORISMO, PEQUENOS NEGÓCIOS E MEI; COMPORTAMENTO VOLTADO A ENGAJAMENTO COM PERFIS DE NEGÓCIOS E INFLUENCIADORES DE GESTÃO",2025_6_BR_CARD_KV_ACAO_SBRAE_2025_PSMN0293,Tráfego,Rio Grande do Sul,4577,"16,44",70,0,"2025-06-14-PSMN-4577-16,44-70",50440,2.5,20176
2025-06-14,Sebrae Nacional - DEBRITO,1,facebook,sbrae_2025_psmn,psmn,"2025_6_BR_TRAF_CPC_MULHERES DE 25 A 45 ANOS; INTERESSES EM EMPREENDEDORISMO, PEQUENOS NEGÓCIOS E MEI; COMPORTAMENTO VOLTADO A ENGAJAMENTO COM PERFIS DE NEGÓCIOS E INFLUENCIADORES DE GESTÃO",2025_6_BR_REELS_GABRIELA BAILAS REELS_ACAO_SBRAE_2025_PSMN0289,Tráfego,Rio Grande do Sul,1105,"10,37",39,0,"2025-06-14-PSMN-1105-10,37-39",50440,2.5,20176
2025-06-14,Sebrae Nacional - DEBRITO,1,facebook,sbrae_2025_psmn,psmn,"2025_6_BR_TRAF_CPC_MULHERES DE 25 A 45 ANOS; INTERESSES EM EMPREENDEDORISMO, PEQUENOS NEGÓCIOS E MEI; COMPORTAMENTO VOLTADO A ENGAJAMENTO COM PERFIS DE NEGÓCIOS E INFLUENCIADORES DE GESTÃO",2025_6_BR_REELS_VIC CERIDONO REELS_ACAO_SBRAE_2025_PSMN0290,Tráfego,Rio Grande do Sul,8512,"58,37",234,0,"2025-06-14-PSMN-8512-58,37-234",50440,2.5,20176
2025-06-14,Sebrae Nacional - DEBRITO,1,facebook,sbrae_2025_psmn,psmn,"2025_6_BR_TRAF_CPC_MULHERES DE 25 A 45 ANOS; INTERESSES EM EMPREENDEDORISMO, PEQUENOS NEGÓCIOS E MEI; COMPORTAMENTO VOLTADO A ENGAJAMENTO COM PERFIS DE NEGÓCIOS E INFLUENCIADORES DE GESTÃO",2025_6_BR_STORIES_GABRIELA BAILAS STORIES_ACAO_SBRAE_2025_PSMN0292,Tráfego,Rio Grande do Sul,15739,"159,22",785,0,"2025-06-14-PSMN-15739-159,22-785",50440,2.5,20176
2025-06-14,Sebrae Nacional - DEBRITO,1,facebook,sbrae_2025_psmn,psmn,"2025_6_BR_TRAF_CPC_MULHERES DE 25 A 45 ANOS; INTERESSES EM EMPREENDEDORISMO, PEQUENOS NEGÓCIOS E MEI; COMPORTAMENTO VOLTADO A ENGAJAMENTO COM PERFIS DE NEGÓCIOS E INFLUENCIADORES DE GESTÃO",2025_6_BR_STORIES_VIC CERIDONO STORIES_ACAO_SBRAE_2025_PSMN0291,Tráfego,Rio Grande do Sul,22749,"158,9",779,0,"2025-06-14-PSMN-22749-158,9-779",50440,2.5,20176
2025-06-14,Sebrae Nacional - DEBRITO,1,facebook,sbrae_2025_psmn,psmn,"2025_6_BR_TRAF_CPC_MULHERES DE 25 A 45 ANOS; INTERESSES EM EMPREENDEDORISMO, PEQUENOS NEGÓCIOS E MEI; COMPORTAMENTO VOLTADO A ENGAJAMENTO COM PERFIS DE NEGÓCIOS E INFLUENCIADORES DE GESTÃO",2025_6_BR_CARD_KV_ACAO_SBRAE_2025_PSMN0293,Tráfego,Rio de Janeiro,10203,"44,53",164,0,"2025-06-14-PSMN-10203-44,53-164",50440,2.5,20176
2025-06-14,Sebrae Nacional - DEBRITO,1,facebook,sbrae_2025_psmn,psmn,"2025_6_BR_TRAF_CPC_MULHERES DE 25 A 45 ANOS; INTERESSES EM EMPREENDEDORISMO, PEQUENOS NEGÓCIOS E MEI; COMPORTAMENTO VOLTADO A ENGAJAMENTO COM PERFIS DE NEGÓCIOS E INFLUENCIADORES DE GESTÃO",2025_6_BR_REELS_GABRIELA BAILAS REELS_ACAO_SBRAE_2025_PSMN0289,Tráfego,Rio de Janeiro,942,"11,42",36,0,"2025-06-14-PSMN-942-11,42-36",50440,2.5,20176
2025-06-14,Sebrae Nacional - DEBRITO,1,facebook,sbrae_2025_psmn,psmn,"2025_6_BR_TRAF_CPC_MULHERES DE 25 A 45 ANOS; INTERESSES EM EMPREENDEDORISMO, PEQUENOS NEGÓCIOS E MEI; COMPORTAMENTO VOLTADO A ENGAJAMENTO COM PERFIS DE NEGÓCIOS E INFLUENCIADORES DE GESTÃO",2025_6_BR_REELS_VIC CERIDONO REELS_ACAO_SBRAE_2025_PSMN0290,Tráfego,Rio de Janeiro,6441,"46,59",189,0,"2025-06-14-PSMN-6441-46,59-189",50440,2.5,20176
2025-06-14,Sebrae Nacional - DEBRITO,1,facebook,sbrae_2025_psmn,psmn,"2025_6_BR_TRAF_CPC_MULHERES DE 25 A 45 ANOS; INTERESSES EM EMPREENDEDORISMO, PEQUENOS NEGÓCIOS E MEI; COMPORTAMENTO VOLTADO A ENGAJAMENTO COM PERFIS DE NEGÓCIOS E INFLUENCIADORES DE GESTÃO",2025_6_BR_STORIES_GABRIELA BAILAS STORIES_ACAO_SBRAE_2025_PSMN0292,Tráfego,Rio de Janeiro,8932,"113,92",498,0,"2025-06-14-PSMN-8932-113,92-498",50440,2.5,20176
2025-06-14,Sebrae Nacional - DEBRITO,1,facebook,sbrae_2025_psmn,psmn,"2025_6_BR_TRAF_CPC_MULHERES DE 25 A 45 ANOS; INTERESSES EM EMPREENDEDORISMO, PEQUENOS NEGÓCIOS E MEI; COMPORTAMENTO VOLTADO A ENGAJAMENTO COM PERFIS DE NEGÓCIOS E INFLUENCIADORES DE GESTÃO",2025_6_BR_STORIES_VIC CERIDONO STORIES_ACAO_SBRAE_2025_PSMN0291,Tráfego,Rio de Janeiro,16277,"135,01",608,0,"2025-06-14-PSMN-16277-135,01-608",50440,2.5,20176
2025-06-14,Sebrae Nacional - DEBRITO,1,facebook,sbrae_2025_psmn,psmn,"2025_6_BR_TRAF_CPC_MULHERES DE 25 A 45 ANOS; INTERESSES EM EMPREENDEDORISMO, PEQUENOS NEGÓCIOS E MEI; COMPORTAMENTO VOLTADO A ENGAJAMENTO COM PERFIS DE NEGÓCIOS E INFLUENCIADORES DE GESTÃO",2025_6_BR_CARD_KV_ACAO_SBRAE_2025_PSMN0293,Tráfego,Rondônia,1012,"3,67",8,0,"2025-06-14-PSMN-1012-3,67-8",50440,2.5,20176
2025-06-14,Sebrae Nacional - DEBRITO,1,facebook,sbrae_2025_psmn,psmn,"2025_6_BR_TRAF_CPC_MULHERES DE 25 A 45 ANOS; INTERESSES EM EMPREENDEDORISMO, PEQUENOS NEGÓCIOS E MEI; COMPORTAMENTO VOLTADO A ENGAJAMENTO COM PERFIS DE NEGÓCIOS E INFLUENCIADORES DE GESTÃO",2025_6_BR_REELS_GABRIELA BAILAS REELS_ACAO_SBRAE_2025_PSMN0289,Tráfego,Rondônia,123,"1,02",4,0,"2025-06-14-PSMN-123-1,02-4",50440,2.5,20176
2025-06-14,Sebrae Nacional - DEBRITO,1,facebook,sbrae_2025_psmn,psmn,"2025_6_BR_TRAF_CPC_MULHERES DE 25 A 45 ANOS; INTERESSES EM EMPREENDEDORISMO, PEQUENOS NEGÓCIOS E MEI; COMPORTAMENTO VOLTADO A ENGAJAMENTO COM PERFIS DE NEGÓCIOS E INFLUENCIADORES DE GESTÃO",2025_6_BR_REELS_VIC CERIDONO REELS_ACAO_SBRAE_2025_PSMN0290,Tráfego,Rondônia,974,"6,71",27,0,"2025-06-14-PSMN-974-6,71-27",50440,2.5,20176
2025-06-14,Sebrae Nacional - DEBRITO,1,facebook,sbrae_2025_psmn,psmn,"2025_6_BR_TRAF_CPC_MULHERES DE 25 A 45 ANOS; INTERESSES EM EMPREENDEDORISMO, PEQUENOS NEGÓCIOS E MEI; COMPORTAMENTO VOLTADO A ENGAJAMENTO COM PERFIS DE NEGÓCIOS E INFLUENCIADORES DE GESTÃO",2025_6_BR_STORIES_GABRIELA BAILAS STORIES_ACAO_SBRAE_2025_PSMN0292,Tráfego,Rondônia,1108,"12,77",62,0,"2025-06-14-PSMN-1108-12,77-62",50440,2.5,20176
2025-06-14,Sebrae Nacional - DEBRITO,1,facebook,sbrae_2025_psmn,psmn,"2025_6_BR_TRAF_CPC_MULHERES DE 25 A 45 ANOS; INTERESSES EM EMPREENDEDORISMO, PEQUENOS NEGÓCIOS E MEI; COMPORTAMENTO VOLTADO A ENGAJAMENTO COM PERFIS DE NEGÓCIOS E INFLUENCIADORES DE GESTÃO",2025_6_BR_STORIES_VIC CERIDONO STORIES_ACAO_SBRAE_2025_PSMN0291,Tráfego,Rondônia,3189,"20,97",92,0,"2025-06-14-PSMN-3189-20,97-92",50440,2.5,20176
2025-06-14,Sebrae Nacional - DEBRITO,1,facebook,sbrae_2025_psmn,psmn,"2025_6_BR_TRAF_CPC_MULHERES DE 25 A 45 ANOS; INTERESSES EM EMPREENDEDORISMO, PEQUENOS NEGÓCIOS E MEI; COMPORTAMENTO VOLTADO A ENGAJAMENTO COM PERFIS DE NEGÓCIOS E INFLUENCIADORES DE GESTÃO",2025_6_BR_CARD_KV_ACAO_SBRAE_2025_PSMN0293,Tráfego,Roraima,349,"1,5",8,0,"2025-06-14-PSMN-349-1,5-8",50440,2.5,20176
2025-06-14,Sebrae Nacional - DEBRITO,1,facebook,sbrae_2025_psmn,psmn,"2025_6_BR_TRAF_CPC_MULHERES DE 25 A 45 ANOS; INTERESSES EM EMPREENDEDORISMO, PEQUENOS NEGÓCIOS E MEI; COMPORTAMENTO VOLTADO A ENGAJAMENTO COM PERFIS DE NEGÓCIOS E INFLUENCIADORES DE GESTÃO",2025_6_BR_REELS_GABRIELA BAILAS REELS_ACAO_SBRAE_2025_PSMN0289,Tráfego,Roraima,34,"0,25",2,0,"2025-06-14-PSMN-34-0,25-2",50440,2.5,20176
2025-06-14,Sebrae Nacional - DEBRITO,1,facebook,sbrae_2025_psmn,psmn,"2025_6_BR_TRAF_CPC_MULHERES DE 25 A 45 ANOS; INTERESSES EM EMPREENDEDORISMO, PEQUENOS NEGÓCIOS E MEI; COMPORTAMENTO VOLTADO A ENGAJAMENTO COM PERFIS DE NEGÓCIOS E INFLUENCIADORES DE GESTÃO",2025_6_BR_REELS_VIC CERIDONO REELS_ACAO_SBRAE_2025_PSMN0290,Tráfego,Roraima,250,"1,67",7,0,"2025-06-14-PSMN-250-1,67-7",50440,2.5,20176
2025-06-14,Sebrae Nacional - DEBRITO,1,facebook,sbrae_2025_psmn,psmn,"2025_6_BR_TRAF_CPC_MULHERES DE 25 A 45 ANOS; INTERESSES EM EMPREENDEDORISMO, PEQUENOS NEGÓCIOS E MEI; COMPORTAMENTO VOLTADO A ENGAJAMENTO COM PERFIS DE NEGÓCIOS E INFLUENCIADORES DE GESTÃO",2025_6_BR_STORIES_GABRIELA BAILAS STORIES_ACAO_SBRAE_2025_PSMN0292,Tráfego,Roraima,378,"4,32",22,0,"2025-06-14-PSMN-378-4,32-22",50440,2.5,20176
2025-06-14,Sebrae Nacional - DEBRITO,1,facebook,sbrae_2025_psmn,psmn,"2025_6_BR_TRAF_CPC_MULHERES DE 25 A 45 ANOS; INTERESSES EM EMPREENDEDORISMO, PEQUENOS NEGÓCIOS E MEI; COMPORTAMENTO VOLTADO A ENGAJAMENTO COM PERFIS DE NEGÓCIOS E INFLUENCIADORES DE GESTÃO",2025_6_BR_STORIES_VIC CERIDONO STORIES_ACAO_SBRAE_2025_PSMN0291,Tráfego,Roraima,1047,"6,71",36,0,"2025-06-14-PSMN-1047-6,71-36",50440,2.5,20176
2025-06-14,Sebrae Nacional - DEBRITO,1,facebook,sbrae_2025_psmn,psmn,"2025_6_BR_TRAF_CPC_MULHERES DE 25 A 45 ANOS; INTERESSES EM EMPREENDEDORISMO, PEQUENOS NEGÓCIOS E MEI; COMPORTAMENTO VOLTADO A ENGAJAMENTO COM PERFIS DE NEGÓCIOS E INFLUENCIADORES DE GESTÃO",2025_6_BR_CARD_KV_ACAO_SBRAE_2025_PSMN0293,Tráfego,Santa Catarina,1930,"8,51",26,0,"2025-06-14-PSMN-1930-8,51-26",50440,2.5,20176
2025-06-14,Sebrae Nacional - DEBRITO,1,facebook,sbrae_2025_psmn,psmn,"2025_6_BR_TRAF_CPC_MULHERES DE 25 A 45 ANOS; INTERESSES EM EMPREENDEDORISMO, PEQUENOS NEGÓCIOS E MEI; COMPORTAMENTO VOLTADO A ENGAJAMENTO COM PERFIS DE NEGÓCIOS E INFLUENCIADORES DE GESTÃO",2025_6_BR_REELS_GABRIELA BAILAS REELS_ACAO_SBRAE_2025_PSMN0289,Tráfego,Santa Catarina,441,"4,65",20,0,"2025-06-14-PSMN-441-4,65-20",50440,2.5,20176
2025-06-14,Sebrae Nacional - DEBRITO,1,facebook,sbrae_2025_psmn,psmn,"2025_6_BR_TRAF_CPC_MULHERES DE 25 A 45 ANOS; INTERESSES EM EMPREENDEDORISMO, PEQUENOS NEGÓCIOS E MEI; COMPORTAMENTO VOLTADO A ENGAJAMENTO COM PERFIS DE NEGÓCIOS E INFLUENCIADORES DE GESTÃO",2025_6_BR_REELS_VIC CERIDONO REELS_ACAO_SBRAE_2025_PSMN0290,Tráfego,Santa Catarina,3665,"23,12",92,0,"2025-06-14-PSMN-3665-23,12-92",50440,2.5,20176
2025-06-14,Sebrae Nacional - DEBRITO,1,facebook,sbrae_2025_psmn,psmn,"2025_6_BR_TRAF_CPC_MULHERES DE 25 A 45 ANOS; INTERESSES EM EMPREENDEDORISMO, PEQUENOS NEGÓCIOS E MEI; COMPORTAMENTO VOLTADO A ENGAJAMENTO COM PERFIS DE NEGÓCIOS E INFLUENCIADORES DE GESTÃO",2025_6_BR_STORIES_GABRIELA BAILAS STORIES_ACAO_SBRAE_2025_PSMN0292,Tráfego,Santa Catarina,6323,"70,96",348,0,"2025-06-14-PSMN-6323-70,96-348",50440,2.5,20176
2025-06-14,Sebrae Nacional - DEBRITO,1,facebook,sbrae_2025_psmn,psmn,"2025_6_BR_TRAF_CPC_MULHERES DE 25 A 45 ANOS; INTERESSES EM EMPREENDEDORISMO, PEQUENOS NEGÓCIOS E MEI; COMPORTAMENTO VOLTADO A ENGAJAMENTO COM PERFIS DE NEGÓCIOS E INFLUENCIADORES DE GESTÃO",2025_6_BR_STORIES_VIC CERIDONO STORIES_ACAO_SBRAE_2025_PSMN0291,Tráfego,Santa Catarina,11502,"86,03",432,0,"2025-06-14-PSMN-11502-86,03-432",50440,2.5,20176
2025-06-14,Sebrae Nacional - DEBRITO,1,facebook,sbrae_2025_psmn,psmn,"2025_6_BR_TRAF_CPC_MULHERES DE 25 A 45 ANOS; INTERESSES EM EMPREENDEDORISMO, PEQUENOS NEGÓCIOS E MEI; COMPORTAMENTO VOLTADO A ENGAJAMENTO COM PERFIS DE NEGÓCIOS E INFLUENCIADORES DE GESTÃO",2025_6_BR_CARD_KV_ACAO_SBRAE_2025_PSMN0293,Tráfego,Sergipe,4932,"16,86",62,0,"2025-06-14-PSMN-4932-16,86-62",50440,2.5,20176
2025-06-14,Sebrae Nacional - DEBRITO,1,facebook,sbrae_2025_psmn,psmn,"2025_6_BR_TRAF_CPC_MULHERES DE 25 A 45 ANOS; INTERESSES EM EMPREENDEDORISMO, PEQUENOS NEGÓCIOS E MEI; COMPORTAMENTO VOLTADO A ENGAJAMENTO COM PERFIS DE NEGÓCIOS E INFLUENCIADORES DE GESTÃO",2025_6_BR_REELS_GABRIELA BAILAS REELS_ACAO_SBRAE_2025_PSMN0289,Tráfego,Sergipe,367,"2,18",1,0,"2025-06-14-PSMN-367-2,18-1",50440,2.5,20176
2025-06-14,Sebrae Nacional - DEBRITO,1,facebook,sbrae_2025_psmn,psmn,"2025_6_BR_TRAF_CPC_MULHERES DE 25 A 45 ANOS; INTERESSES EM EMPREENDEDORISMO, PEQUENOS NEGÓCIOS E MEI; COMPORTAMENTO VOLTADO A ENGAJAMENTO COM PERFIS DE NEGÓCIOS E INFLUENCIADORES DE GESTÃO",2025_6_BR_REELS_VIC CERIDONO REELS_ACAO_SBRAE_2025_PSMN0290,Tráfego,Sergipe,1276,"8,47",26,0,"2025-06-14-PSMN-1276-8,47-26",50440,2.5,20176
2025-06-14,Sebrae Nacional - DEBRITO,1,facebook,sbrae_2025_psmn,psmn,"2025_6_BR_TRAF_CPC_MULHERES DE 25 A 45 ANOS; INTERESSES EM EMPREENDEDORISMO, PEQUENOS NEGÓCIOS E MEI; COMPORTAMENTO VOLTADO A ENGAJAMENTO COM PERFIS DE NEGÓCIOS E INFLUENCIADORES DE GESTÃO",2025_6_BR_STORIES_GABRIELA BAILAS STORIES_ACAO_SBRAE_2025_PSMN0292,Tráfego,Sergipe,2536,"28,34",142,0,"2025-06-14-PSMN-2536-28,34-142",50440,2.5,20176
2025-06-14,Sebrae Nacional - DEBRITO,1,facebook,sbrae_2025_psmn,psmn,"2025_6_BR_TRAF_CPC_MULHERES DE 25 A 45 ANOS; INTERESSES EM EMPREENDEDORISMO, PEQUENOS NEGÓCIOS E MEI; COMPORTAMENTO VOLTADO A ENGAJAMENTO COM PERFIS DE NEGÓCIOS E INFLUENCIADORES DE GESTÃO",2025_6_BR_STORIES_VIC CERIDONO STORIES_ACAO_SBRAE_2025_PSMN0291,Tráfego,Sergipe,4002,"27,44",121,0,"2025-06-14-PSMN-4002-27,44-121",50440,2.5,20176
2025-06-14,Sebrae Nacional - DEBRITO,1,facebook,sbrae_2025_psmn,psmn,"2025_6_BR_TRAF_CPC_MULHERES DE 25 A 45 ANOS; INTERESSES EM EMPREENDEDORISMO, PEQUENOS NEGÓCIOS E MEI; COMPORTAMENTO VOLTADO A ENGAJAMENTO COM PERFIS DE NEGÓCIOS E INFLUENCIADORES DE GESTÃO",2025_6_BR_CARD_KV_ACAO_SBRAE_2025_PSMN0293,Tráfego,São Paulo,13269,"60,27",240,0,"2025-06-14-PSMN-13269-60,27-240",50440,2.5,20176
2025-06-14,Sebrae Nacional - DEBRITO,1,facebook,sbrae_2025_psmn,psmn,"2025_6_BR_TRAF_CPC_MULHERES DE 25 A 45 ANOS; INTERESSES EM EMPREENDEDORISMO, PEQUENOS NEGÓCIOS E MEI; COMPORTAMENTO VOLTADO A ENGAJAMENTO COM PERFIS DE NEGÓCIOS E INFLUENCIADORES DE GESTÃO",2025_6_BR_REELS_GABRIELA BAILAS REELS_ACAO_SBRAE_2025_PSMN0289,Tráfego,São Paulo,2535,"27,7",107,0,"2025-06-14-PSMN-2535-27,7-107",50440,2.5,20176
2025-06-14,Sebrae Nacional - DEBRITO,1,facebook,sbrae_2025_psmn,psmn,"2025_6_BR_TRAF_CPC_MULHERES DE 25 A 45 ANOS; INTERESSES EM EMPREENDEDORISMO, PEQUENOS NEGÓCIOS E MEI; COMPORTAMENTO VOLTADO A ENGAJAMENTO COM PERFIS DE NEGÓCIOS E INFLUENCIADORES DE GESTÃO",2025_6_BR_REELS_VIC CERIDONO REELS_ACAO_SBRAE_2025_PSMN0290,Tráfego,São Paulo,12290,"86,61",322,0,"2025-06-14-PSMN-12290-86,61-322",50440,2.5,20176
2025-06-14,Sebrae Nacional - DEBRITO,1,facebook,sbrae_2025_psmn,psmn,"2025_6_BR_TRAF_CPC_MULHERES DE 25 A 45 ANOS; INTERESSES EM EMPREENDEDORISMO, PEQUENOS NEGÓCIOS E MEI; COMPORTAMENTO VOLTADO A ENGAJAMENTO COM PERFIS DE NEGÓCIOS E INFLUENCIADORES DE GESTÃO",2025_6_BR_STORIES_GABRIELA BAILAS STORIES_ACAO_SBRAE_2025_PSMN0292,Tráfego,São Paulo,19288,"240,19",1103,0,"2025-06-14-PSMN-19288-240,19-1103",50440,2.5,20176
2025-06-14,Sebrae Nacional - DEBRITO,1,facebook,sbrae_2025_psmn,psmn,"2025_6_BR_TRAF_CPC_MULHERES DE 25 A 45 ANOS; INTERESSES EM EMPREENDEDORISMO, PEQUENOS NEGÓCIOS E MEI; COMPORTAMENTO VOLTADO A ENGAJAMENTO COM PERFIS DE NEGÓCIOS E INFLUENCIADORES DE GESTÃO",2025_6_BR_STORIES_VIC CERIDONO STORIES_ACAO_SBRAE_2025_PSMN0291,Tráfego,São Paulo,43234,"351,63",1544,0,"2025-06-14-PSMN-43234-351,63-1544",50440,2.5,20176
2025-06-14,Sebrae Nacional - DEBRITO,1,facebook,sbrae_2025_psmn,psmn,"2025_6_BR_TRAF_CPC_MULHERES DE 25 A 45 ANOS; INTERESSES EM EMPREENDEDORISMO, PEQUENOS NEGÓCIOS E MEI; COMPORTAMENTO VOLTADO A ENGAJAMENTO COM PERFIS DE NEGÓCIOS E INFLUENCIADORES DE GESTÃO",2025_6_BR_CARD_KV_ACAO_SBRAE_2025_PSMN0293,Tráfego,Tocantins,1564,"5,98",23,0,"2025-06-14-PSMN-1564-5,98-23",50440,2.5,20176
2025-06-14,Sebrae Nacional - DEBRITO,1,facebook,sbrae_2025_psmn,psmn,"2025_6_BR_TRAF_CPC_MULHERES DE 25 A 45 ANOS; INTERESSES EM EMPREENDEDORISMO, PEQUENOS NEGÓCIOS E MEI; COMPORTAMENTO VOLTADO A ENGAJAMENTO COM PERFIS DE NEGÓCIOS E INFLUENCIADORES DE GESTÃO",2025_6_BR_REELS_GABRIELA BAILAS REELS_ACAO_SBRAE_2025_PSMN0289,Tráfego,Tocantins,113,"0,74",4,0,"2025-06-14-PSMN-113-0,74-4",50440,2.5,20176
2025-06-14,Sebrae Nacional - DEBRITO,1,facebook,sbrae_2025_psmn,psmn,"2025_6_BR_TRAF_CPC_MULHERES DE 25 A 45 ANOS; INTERESSES EM EMPREENDEDORISMO, PEQUENOS NEGÓCIOS E MEI; COMPORTAMENTO VOLTADO A ENGAJAMENTO COM PERFIS DE NEGÓCIOS E INFLUENCIADORES DE GESTÃO",2025_6_BR_REELS_VIC CERIDONO REELS_ACAO_SBRAE_2025_PSMN0290,Tráfego,Tocantins,614,"3,48",15,0,"2025-06-14-PSMN-614-3,48-15",50440,2.5,20176
2025-06-14,Sebrae Nacional - DEBRITO,1,facebook,sbrae_2025_psmn,psmn,"2025_6_BR_TRAF_CPC_MULHERES DE 25 A 45 ANOS; INTERESSES EM EMPREENDEDORISMO, PEQUENOS NEGÓCIOS E MEI; COMPORTAMENTO VOLTADO A ENGAJAMENTO COM PERFIS DE NEGÓCIOS E INFLUENCIADORES DE GESTÃO",2025_6_BR_STORIES_GABRIELA BAILAS STORIES_ACAO_SBRAE_2025_PSMN0292,Tráfego,Tocantins,842,"9,54",45,0,"2025-06-14-PSMN-842-9,54-45",50440,2.5,20176
2025-06-14,Sebrae Nacional - DEBRITO,1,facebook,sbrae_2025_psmn,psmn,"2025_6_BR_TRAF_CPC_MULHERES DE 25 A 45 ANOS; INTERESSES EM EMPREENDEDORISMO, PEQUENOS NEGÓCIOS E MEI; COMPORTAMENTO VOLTADO A ENGAJAMENTO COM PERFIS DE NEGÓCIOS E INFLUENCIADORES DE GESTÃO",2025_6_BR_STORIES_VIC CERIDONO STORIES_ACAO_SBRAE_2025_PSMN0291,Tráfego,Tocantins,2438,"16,51",76,0,"2025-06-14-PSMN-2438-16,51-76",50440,2.5,20176
2025-06-14,Sebrae Nacional - DEBRITO,1,facebook,sbrae_2025_psmn,psmn,"2025_6_BR_TRAF_CPC_MULHERES DE 25 A 45 ANOS; INTERESSES EM EMPREENDEDORISMO, PEQUENOS NEGÓCIOS E MEI; COMPORTAMENTO VOLTADO A ENGAJAMENTO COM PERFIS DE NEGÓCIOS E INFLUENCIADORES DE GESTÃO",2025_6_BR_CARD_KV_ACAO_SBRAE_2025_PSMN0293,Tráfego,Não identificado,4,"0,02",0,0,"2025-06-14-PSMN-4-0,02-0",50440,2.5,20176
2025-06-14,Sebrae Nacional - DEBRITO,1,facebook,sbrae_2025_psmn,psmn,"2025_6_BR_TRAF_CPC_MULHERES DE 25 A 45 ANOS; INTERESSES EM EMPREENDEDORISMO, PEQUENOS NEGÓCIOS E MEI; COMPORTAMENTO VOLTADO A ENGAJAMENTO COM PERFIS DE NEGÓCIOS E INFLUENCIADORES DE GESTÃO",2025_6_BR_REELS_VIC CERIDONO REELS_ACAO_SBRAE_2025_PSMN0290,Tráfego,Não identificado,80,"0,56",3,0,"2025-06-14-PSMN-80-0,56-3",50440,2.5,20176
2025-06-14,Sebrae Nacional - DEBRITO,1,facebook,sbrae_2025_psmn,psmn,"2025_6_BR_TRAF_CPC_MULHERES DE 25 A 45 ANOS; INTERESSES EM EMPREENDEDORISMO, PEQUENOS NEGÓCIOS E MEI; COMPORTAMENTO VOLTADO A ENGAJAMENTO COM PERFIS DE NEGÓCIOS E INFLUENCIADORES DE GESTÃO",2025_6_BR_STORIES_GABRIELA BAILAS STORIES_ACAO_SBRAE_2025_PSMN0292,Tráfego,Não identificado,168,"1,87",10,0,"2025-06-14-PSMN-168-1,87-10",50440,2.5,20176
2025-06-14,Sebrae Nacional - DEBRITO,1,facebook,sbrae_2025_psmn,psmn,"2025_6_BR_TRAF_CPC_MULHERES DE 25 A 45 ANOS; INTERESSES EM EMPREENDEDORISMO, PEQUENOS NEGÓCIOS E MEI; COMPORTAMENTO VOLTADO A ENGAJAMENTO COM PERFIS DE NEGÓCIOS E INFLUENCIADORES DE GESTÃO",2025_6_BR_STORIES_VIC CERIDONO STORIES_ACAO_SBRAE_2025_PSMN0291,Tráfego,Não identificado,190,"1,2",3,0,"2025-06-14-PSMN-190-1,2-3",50440,2.5,20176
2025-06-06,Sebrae Nacional - Debrito Brasília,151,tiktok,sbrae_2025_psmn,psmn,"2025_6_BR_TRAF_CPC_MULHERES DE 25 A 45 ANOS; INTERESSES EM EMPREENDEDORISMO, PEQUENOS NEGÓCIOS E MEI; COMPORTAMENTO VOLTADO A ENGAJAMENTO COM PERFIS DE NEGÓCIOS E INFLUENCIADORES DE GESTÃO",2025_6_BR_VÍDEO_GABI BAILAS_ACAO_SBRAE_2025_PSMN0294,Tráfego,Não identificado,724,"5,28",49,7,"2025-06-06-PSMN-724-5,28-49",19369,4.8,4035
2025-06-06,Sebrae Nacional - Debrito Brasília,151,tiktok,sbrae_2025_psmn,psmn,"2025_6_BR_TRAF_CPC_MULHERES DE 25 A 45 ANOS; INTERESSES EM EMPREENDEDORISMO, PEQUENOS NEGÓCIOS E MEI; COMPORTAMENTO VOLTADO A ENGAJAMENTO COM PERFIS DE NEGÓCIOS E INFLUENCIADORES DE GESTÃO",2025_6_BR_VÍDEO_GABI BAILAS_ACAO_SBRAE_2025_PSMN0294,Tráfego,Acre,804,"9,36",97,11,"2025-06-06-PSMN-804-9,36-97",19369,4.8,4035
2025-06-06,Sebrae Nacional - Debrito Brasília,151,tiktok,sbrae_2025_psmn,psmn,"2025_6_BR_TRAF_CPC_MULHERES DE 25 A 45 ANOS; INTERESSES EM EMPREENDEDORISMO, PEQUENOS NEGÓCIOS E MEI; COMPORTAMENTO VOLTADO A ENGAJAMENTO COM PERFIS DE NEGÓCIOS E INFLUENCIADORES DE GESTÃO",2025_6_BR_VÍDEO_GABI BAILAS_ACAO_SBRAE_2025_PSMN0294,Tráfego,Alagoas,2425,"23,45",261,43,"2025-06-06-PSMN-2425-23,45-261",19369,4.8,4035
2025-06-06,Sebrae Nacional - Debrito Brasília,151,tiktok,sbrae_2025_psmn,psmn,"2025_6_BR_TRAF_CPC_MULHERES DE 25 A 45 ANOS; INTERESSES EM EMPREENDEDORISMO, PEQUENOS NEGÓCIOS E MEI; COMPORTAMENTO VOLTADO A ENGAJAMENTO COM PERFIS DE NEGÓCIOS E INFLUENCIADORES DE GESTÃO",2025_6_BR_VÍDEO_GABI BAILAS_ACAO_SBRAE_2025_PSMN0294,Tráfego,Amapá,636,"6,19",84,9,"2025-06-06-PSMN-636-6,19-84",19369,4.8,4035
2025-06-06,Sebrae Nacional - Debrito Brasília,151,tiktok,sbrae_2025_psmn,psmn,"2025_6_BR_TRAF_CPC_MULHERES DE 25 A 45 ANOS; INTERESSES EM EMPREENDEDORISMO, PEQUENOS NEGÓCIOS E MEI; COMPORTAMENTO VOLTADO A ENGAJAMENTO COM PERFIS DE NEGÓCIOS E INFLUENCIADORES DE GESTÃO",2025_6_BR_VÍDEO_GABI BAILAS_ACAO_SBRAE_2025_PSMN0294,Tráfego,Amazonas,2634,"21,69",331,36,"2025-06-06-PSMN-2634-21,69-331",19369,4.8,4035
2025-06-06,Sebrae Nacional - Debrito Brasília,151,tiktok,sbrae_2025_psmn,psmn,"2025_6_BR_TRAF_CPC_MULHERES DE 25 A 45 ANOS; INTERESSES EM EMPREENDEDORISMO, PEQUENOS NEGÓCIOS E MEI; COMPORTAMENTO VOLTADO A ENGAJAMENTO COM PERFIS DE NEGÓCIOS E INFLUENCIADORES DE GESTÃO",2025_6_BR_VÍDEO_GABI BAILAS_ACAO_SBRAE_2025_PSMN0294,Tráfego,Bahia,10328,"98,29",1092,107,"2025-06-06-PSMN-10328-98,29-1092",19369,4.8,4035
2025-06-06,Sebrae Nacional - Debrito Brasília,151,tiktok,sbrae_2025_psmn,psmn,"2025_6_BR_TRAF_CPC_MULHERES DE 25 A 45 ANOS; INTERESSES EM EMPREENDEDORISMO, PEQUENOS NEGÓCIOS E MEI; COMPORTAMENTO VOLTADO A ENGAJAMENTO COM PERFIS DE NEGÓCIOS E INFLUENCIADORES DE GESTÃO",2025_6_BR_VÍDEO_GABI BAILAS_ACAO_SBRAE_2025_PSMN0294,Tráfego,Ceará,6485,"68,84",780,89,"2025-06-06-PSMN-6485-68,84-780",19369,4.8,4035
2025-06-06,Sebrae Nacional - Debrito Brasília,151,tiktok,sbrae_2025_psmn,psmn,"2025_6_BR_TRAF_CPC_MULHERES DE 25 A 45 ANOS; INTERESSES EM EMPREENDEDORISMO, PEQUENOS NEGÓCIOS E MEI; COMPORTAMENTO VOLTADO A ENGAJAMENTO COM PERFIS DE NEGÓCIOS E INFLUENCIADORES DE GESTÃO",2025_6_BR_VÍDEO_GABI BAILAS_ACAO_SBRAE_2025_PSMN0294,Tráfego,Distrito Federal,2562,"23,4",275,26,"2025-06-06-PSMN-2562-23,4-275",19369,4.8,4035
2025-06-06,Sebrae Nacional - Debrito Brasília,151,tiktok,sbrae_2025_psmn,psmn,"2025_6_BR_TRAF_CPC_MULHERES DE 25 A 45 ANOS; INTERESSES EM EMPREENDEDORISMO, PEQUENOS NEGÓCIOS E MEI; COMPORTAMENTO VOLTADO A ENGAJAMENTO COM PERFIS DE NEGÓCIOS E INFLUENCIADORES DE GESTÃO",2025_6_BR_VÍDEO_GABI BAILAS_ACAO_SBRAE_2025_PSMN0294,Tráfego,Espírito Santo,2473,"24,71",268,31,"2025-06-06-PSMN-2473-24,71-268",19369,4.8,4035
2025-06-06,Sebrae Nacional - Debrito Brasília,151,tiktok,sbrae_2025_psmn,psmn,"2025_6_BR_TRAF_CPC_MULHERES DE 25 A 45 ANOS; INTERESSES EM EMPREENDEDORISMO, PEQUENOS NEGÓCIOS E MEI; COMPORTAMENTO VOLTADO A ENGAJAMENTO COM PERFIS DE NEGÓCIOS E INFLUENCIADORES DE GESTÃO",2025_6_BR_VÍDEO_GABI BAILAS_ACAO_SBRAE_2025_PSMN0294,Tráfego,Goiás,5628,"46,29",567,62,"2025-06-06-PSMN-5628-46,29-567",19369,4.8,4035
2025-06-06,Sebrae Nacional - Debrito Brasília,151,tiktok,sbrae_2025_psmn,psmn,"2025_6_BR_TRAF_CPC_MULHERES DE 25 A 45 ANOS; INTERESSES EM EMPREENDEDORISMO, PEQUENOS NEGÓCIOS E MEI; COMPORTAMENTO VOLTADO A ENGAJAMENTO COM PERFIS DE NEGÓCIOS E INFLUENCIADORES DE GESTÃO",2025_6_BR_VÍDEO_GABI BAILAS_ACAO_SBRAE_2025_PSMN0294,Tráfego,Maranhão,4661,"40,02",483,42,"2025-06-06-PSMN-4661-40,02-483",19369,4.8,4035
2025-06-06,Sebrae Nacional - Debrito Brasília,151,tiktok,sbrae_2025_psmn,psmn,"2025_6_BR_TRAF_CPC_MULHERES DE 25 A 45 ANOS; INTERESSES EM EMPREENDEDORISMO, PEQUENOS NEGÓCIOS E MEI; COMPORTAMENTO VOLTADO A ENGAJAMENTO COM PERFIS DE NEGÓCIOS E INFLUENCIADORES DE GESTÃO",2025_6_BR_VÍDEO_GABI BAILAS_ACAO_SBRAE_2025_PSMN0294,Tráfego,Mato Grosso,3560,"32,41",368,29,"2025-06-06-PSMN-3560-32,41-368",19369,4.8,4035
2025-06-06,Sebrae Nacional - Debrito Brasília,151,tiktok,sbrae_2025_psmn,psmn,"2025_6_BR_TRAF_CPC_MULHERES DE 25 A 45 ANOS; INTERESSES EM EMPREENDEDORISMO, PEQUENOS NEGÓCIOS E MEI; COMPORTAMENTO VOLTADO A ENGAJAMENTO COM PERFIS DE NEGÓCIOS E INFLUENCIADORES DE GESTÃO",2025_6_BR_VÍDEO_GABI BAILAS_ACAO_SBRAE_2025_PSMN0294,Tráfego,Mato Grosso do Sul,2379,"20,09",283,26,"2025-06-06-PSMN-2379-20,09-283",19369,4.8,4035
2025-06-06,Sebrae Nacional - Debrito Brasília,151,tiktok,sbrae_2025_psmn,psmn,"2025_6_BR_TRAF_CPC_MULHERES DE 25 A 45 ANOS; INTERESSES EM EMPREENDEDORISMO, PEQUENOS NEGÓCIOS E MEI; COMPORTAMENTO VOLTADO A ENGAJAMENTO COM PERFIS DE NEGÓCIOS E INFLUENCIADORES DE GESTÃO",2025_6_BR_VÍDEO_GABI BAILAS_ACAO_SBRAE_2025_PSMN0294,Tráfego,Minas Gerais,14873,"131,25",1407,155,"2025-06-06-PSMN-14873-131,25-1407",19369,4.8,4035
2025-06-06,Sebrae Nacional - Debrito Brasília,151,tiktok,sbrae_2025_psmn,psmn,"2025_6_BR_TRAF_CPC_MULHERES DE 25 A 45 ANOS; INTERESSES EM EMPREENDEDORISMO, PEQUENOS NEGÓCIOS E MEI; COMPORTAMENTO VOLTADO A ENGAJAMENTO COM PERFIS DE NEGÓCIOS E INFLUENCIADORES DE GESTÃO",2025_6_BR_VÍDEO_GABI BAILAS_ACAO_SBRAE_2025_PSMN0294,Tráfego,Pará,6134,"50,88",652,67,"2025-06-06-PSMN-6134-50,88-652",19369,4.8,4035
2025-06-06,Sebrae Nacional - Debrito Brasília,151,tiktok,sbrae_2025_psmn,psmn,"2025_6_BR_TRAF_CPC_MULHERES DE 25 A 45 ANOS; INTERESSES EM EMPREENDEDORISMO, PEQUENOS NEGÓCIOS E MEI; COMPORTAMENTO VOLTADO A ENGAJAMENTO COM PERFIS DE NEGÓCIOS E INFLUENCIADORES DE GESTÃO",2025_6_BR_VÍDEO_GABI BAILAS_ACAO_SBRAE_2025_PSMN0294,Tráfego,Paraíba,2850,"24,39",295,45,"2025-06-06-PSMN-2850-24,39-295",19369,4.8,4035
2025-06-06,Sebrae Nacional - Debrito Brasília,151,tiktok,sbrae_2025_psmn,psmn,"2025_6_BR_TRAF_CPC_MULHERES DE 25 A 45 ANOS; INTERESSES EM EMPREENDEDORISMO, PEQUENOS NEGÓCIOS E MEI; COMPORTAMENTO VOLTADO A ENGAJAMENTO COM PERFIS DE NEGÓCIOS E INFLUENCIADORES DE GESTÃO",2025_6_BR_VÍDEO_GABI BAILAS_ACAO_SBRAE_2025_PSMN0294,Tráfego,Paraná,10369,"91,6",972,121,"2025-06-06-PSMN-10369-91,6-972",19369,4.8,4035
2025-06-06,Sebrae Nacional - Debrito Brasília,151,tiktok,sbrae_2025_psmn,psmn,"2025_6_BR_TRAF_CPC_MULHERES DE 25 A 45 ANOS; INTERESSES EM EMPREENDEDORISMO, PEQUENOS NEGÓCIOS E MEI; COMPORTAMENTO VOLTADO A ENGAJAMENTO COM PERFIS DE NEGÓCIOS E INFLUENCIADORES DE GESTÃO",2025_6_BR_VÍDEO_GABI BAILAS_ACAO_SBRAE_2025_PSMN0294,Tráfego,Pernambuco,7118,"65,29",757,115,"2025-06-06-PSMN-7118-65,29-757",19369,4.8,4035
2025-06-06,Sebrae Nacional - Debrito Brasília,151,tiktok,sbrae_2025_psmn,psmn,"2025_6_BR_TRAF_CPC_MULHERES DE 25 A 45 ANOS; INTERESSES EM EMPREENDEDORISMO, PEQUENOS NEGÓCIOS E MEI; COMPORTAMENTO VOLTADO A ENGAJAMENTO COM PERFIS DE NEGÓCIOS E INFLUENCIADORES DE GESTÃO",2025_6_BR_VÍDEO_GABI BAILAS_ACAO_SBRAE_2025_PSMN0294,Tráfego,Piauí,2224,"20,57",216,36,"2025-06-06-PSMN-2224-20,57-216",19369,4.8,4035
2025-06-06,Sebrae Nacional - Debrito Brasília,151,tiktok,sbrae_2025_psmn,psmn,"2025_6_BR_TRAF_CPC_MULHERES DE 25 A 45 ANOS; INTERESSES EM EMPREENDEDORISMO, PEQUENOS NEGÓCIOS E MEI; COMPORTAMENTO VOLTADO A ENGAJAMENTO COM PERFIS DE NEGÓCIOS E INFLUENCIADORES DE GESTÃO",2025_6_BR_VÍDEO_GABI BAILAS_ACAO_SBRAE_2025_PSMN0294,Tráfego,Rio Grande do Norte,2152,"20,09",241,24,"2025-06-06-PSMN-2152-20,09-241",19369,4.8,4035
2025-06-06,Sebrae Nacional - Debrito Brasília,151,tiktok,sbrae_2025_psmn,psmn,"2025_6_BR_TRAF_CPC_MULHERES DE 25 A 45 ANOS; INTERESSES EM EMPREENDEDORISMO, PEQUENOS NEGÓCIOS E MEI; COMPORTAMENTO VOLTADO A ENGAJAMENTO COM PERFIS DE NEGÓCIOS E INFLUENCIADORES DE GESTÃO",2025_6_BR_VÍDEO_GABI BAILAS_ACAO_SBRAE_2025_PSMN0294,Tráfego,Rio Grande do Sul,9104,"80,36",953,127,"2025-06-06-PSMN-9104-80,36-953",19369,4.8,4035
2025-06-06,Sebrae Nacional - Debrito Brasília,151,tiktok,sbrae_2025_psmn,psmn,"2025_6_BR_TRAF_CPC_MULHERES DE 25 A 45 ANOS; INTERESSES EM EMPREENDEDORISMO, PEQUENOS NEGÓCIOS E MEI; COMPORTAMENTO VOLTADO A ENGAJAMENTO COM PERFIS DE NEGÓCIOS E INFLUENCIADORES DE GESTÃO",2025_6_BR_VÍDEO_GABI BAILAS_ACAO_SBRAE_2025_PSMN0294,Tráfego,Rio de Janeiro,13438,"121,95",1373,176,"2025-06-06-PSMN-13438-121,95-1373",19369,4.8,4035
2025-06-06,Sebrae Nacional - Debrito Brasília,151,tiktok,sbrae_2025_psmn,psmn,"2025_6_BR_TRAF_CPC_MULHERES DE 25 A 45 ANOS; INTERESSES EM EMPREENDEDORISMO, PEQUENOS NEGÓCIOS E MEI; COMPORTAMENTO VOLTADO A ENGAJAMENTO COM PERFIS DE NEGÓCIOS E INFLUENCIADORES DE GESTÃO",2025_6_BR_VÍDEO_GABI BAILAS_ACAO_SBRAE_2025_PSMN0294,Tráfego,Rondônia,1960,"14,47",205,17,"2025-06-06-PSMN-1960-14,47-205",19369,4.8,4035
2025-06-06,Sebrae Nacional - Debrito Brasília,151,tiktok,sbrae_2025_psmn,psmn,"2025_6_BR_TRAF_CPC_MULHERES DE 25 A 45 ANOS; INTERESSES EM EMPREENDEDORISMO, PEQUENOS NEGÓCIOS E MEI; COMPORTAMENTO VOLTADO A ENGAJAMENTO COM PERFIS DE NEGÓCIOS E INFLUENCIADORES DE GESTÃO",2025_6_BR_VÍDEO_GABI BAILAS_ACAO_SBRAE_2025_PSMN0294,Tráfego,Roraima,398,"4,11",43,0,"2025-06-06-PSMN-398-4,11-43",19369,4.8,4035
2025-06-06,Sebrae Nacional - Debrito Brasília,151,tiktok,sbrae_2025_psmn,psmn,"2025_6_BR_TRAF_CPC_MULHERES DE 25 A 45 ANOS; INTERESSES EM EMPREENDEDORISMO, PEQUENOS NEGÓCIOS E MEI; COMPORTAMENTO VOLTADO A ENGAJAMENTO COM PERFIS DE NEGÓCIOS E INFLUENCIADORES DE GESTÃO",2025_6_BR_VÍDEO_GABI BAILAS_ACAO_SBRAE_2025_PSMN0294,Tráfego,Santa Catarina,6201,"61,68",595,74,"2025-06-06-PSMN-6201-61,68-595",19369,4.8,4035
2025-06-06,Sebrae Nacional - Debrito Brasília,151,tiktok,sbrae_2025_psmn,psmn,"2025_6_BR_TRAF_CPC_MULHERES DE 25 A 45 ANOS; INTERESSES EM EMPREENDEDORISMO, PEQUENOS NEGÓCIOS E MEI; COMPORTAMENTO VOLTADO A ENGAJAMENTO COM PERFIS DE NEGÓCIOS E INFLUENCIADORES DE GESTÃO",2025_6_BR_VÍDEO_GABI BAILAS_ACAO_SBRAE_2025_PSMN0294,Tráfego,São Paulo,36301,"325,78",3553,406,"2025-06-06-PSMN-36301-325,78-3553",19369,4.8,4035
2025-06-06,Sebrae Nacional - Debrito Brasília,151,tiktok,sbrae_2025_psmn,psmn,"2025_6_BR_TRAF_CPC_MULHERES DE 25 A 45 ANOS; INTERESSES EM EMPREENDEDORISMO, PEQUENOS NEGÓCIOS E MEI; COMPORTAMENTO VOLTADO A ENGAJAMENTO COM PERFIS DE NEGÓCIOS E INFLUENCIADORES DE GESTÃO",2025_6_BR_VÍDEO_GABI BAILAS_ACAO_SBRAE_2025_PSMN0294,Tráfego,Sergipe,1384,"13,48",160,19,"2025-06-06-PSMN-1384-13,48-160",19369,4.8,4035
2025-06-06,Sebrae Nacional - Debrito Brasília,151,tiktok,sbrae_2025_psmn,psmn,"2025_6_BR_TRAF_CPC_MULHERES DE 25 A 45 ANOS; INTERESSES EM EMPREENDEDORISMO, PEQUENOS NEGÓCIOS E MEI; COMPORTAMENTO VOLTADO A ENGAJAMENTO COM PERFIS DE NEGÓCIOS E INFLUENCIADORES DE GESTÃO",2025_6_BR_VÍDEO_GABI BAILAS_ACAO_SBRAE_2025_PSMN0294,Tráfego,Tocantins,1155,"9,86",117,7,"2025-06-06-PSMN-1155-9,86-117",19369,4.8,4035
2025-06-07,Sebrae Nacional - Debrito Brasília,151,tiktok,sbrae_2025_psmn,psmn,"2025_6_BR_TRAF_CPC_MULHERES DE 25 A 45 ANOS; INTERESSES EM EMPREENDEDORISMO, PEQUENOS NEGÓCIOS E MEI; COMPORTAMENTO VOLTADO A ENGAJAMENTO COM PERFIS DE NEGÓCIOS E INFLUENCIADORES DE GESTÃO",2025_6_BR_VÍDEO_GABI BAILAS_ACAO_SBRAE_2025_PSMN0294,Tráfego,Não identificado,1584,"2,51",153,42,"2025-06-07-PSMN-1584-2,51-153",19369,4.8,4035
2025-06-07,Sebrae Nacional - Debrito Brasília,151,tiktok,sbrae_2025_psmn,psmn,"2025_6_BR_TRAF_CPC_MULHERES DE 25 A 45 ANOS; INTERESSES EM EMPREENDEDORISMO, PEQUENOS NEGÓCIOS E MEI; COMPORTAMENTO VOLTADO A ENGAJAMENTO COM PERFIS DE NEGÓCIOS E INFLUENCIADORES DE GESTÃO",2025_6_BR_VÍDEO_GABI BAILAS_ACAO_SBRAE_2025_PSMN0294,Tráfego,Acre,2172,"3,18",187,21,"2025-06-07-PSMN-2172-3,18-187",19369,4.8,4035
2025-06-07,Sebrae Nacional - Debrito Brasília,151,tiktok,sbrae_2025_psmn,psmn,"2025_6_BR_TRAF_CPC_MULHERES DE 25 A 45 ANOS; INTERESSES EM EMPREENDEDORISMO, PEQUENOS NEGÓCIOS E MEI; COMPORTAMENTO VOLTADO A ENGAJAMENTO COM PERFIS DE NEGÓCIOS E INFLUENCIADORES DE GESTÃO",2025_6_BR_VÍDEO_GABI BAILAS_ACAO_SBRAE_2025_PSMN0294,Tráfego,Alagoas,12613,"23,05",1218,184,"2025-06-07-PSMN-12613-23,05-1218",19369,4.8,4035
2025-06-07,Sebrae Nacional - Debrito Brasília,151,tiktok,sbrae_2025_psmn,psmn,"2025_6_BR_TRAF_CPC_MULHERES DE 25 A 45 ANOS; INTERESSES EM EMPREENDEDORISMO, PEQUENOS NEGÓCIOS E MEI; COMPORTAMENTO VOLTADO A ENGAJAMENTO COM PERFIS DE NEGÓCIOS E INFLUENCIADORES DE GESTÃO",2025_6_BR_VÍDEO_GABI BAILAS_ACAO_SBRAE_2025_PSMN0294,Tráfego,Amapá,1913,"2,27",145,13,"2025-06-07-PSMN-1913-2,27-145",19369,4.8,4035
2025-06-07,Sebrae Nacional - Debrito Brasília,151,tiktok,sbrae_2025_psmn,psmn,"2025_6_BR_TRAF_CPC_MULHERES DE 25 A 45 ANOS; INTERESSES EM EMPREENDEDORISMO, PEQUENOS NEGÓCIOS E MEI; COMPORTAMENTO VOLTADO A ENGAJAMENTO COM PERFIS DE NEGÓCIOS E INFLUENCIADORES DE GESTÃO",2025_6_BR_VÍDEO_GABI BAILAS_ACAO_SBRAE_2025_PSMN0294,Tráfego,Amazonas,4092,"10,52",469,72,"2025-06-07-PSMN-4092-10,52-469",19369,4.8,4035
2025-06-07,Sebrae Nacional - Debrito Brasília,151,tiktok,sbrae_2025_psmn,psmn,"2025_6_BR_TRAF_CPC_MULHERES DE 25 A 45 ANOS; INTERESSES EM EMPREENDEDORISMO, PEQUENOS NEGÓCIOS E MEI; COMPORTAMENTO VOLTADO A ENGAJAMENTO COM PERFIS DE NEGÓCIOS E INFLUENCIADORES DE GESTÃO",2025_6_BR_VÍDEO_GABI BAILAS_ACAO_SBRAE_2025_PSMN0294,Tráfego,Bahia,53832,"87,45",4737,714,"2025-06-07-PSMN-53832-87,45-4737",19369,4.8,4035
2025-06-07,Sebrae Nacional - Debrito Brasília,151,tiktok,sbrae_2025_psmn,psmn,"2025_6_BR_TRAF_CPC_MULHERES DE 25 A 45 ANOS; INTERESSES EM EMPREENDEDORISMO, PEQUENOS NEGÓCIOS E MEI; COMPORTAMENTO VOLTADO A ENGAJAMENTO COM PERFIS DE NEGÓCIOS E INFLUENCIADORES DE GESTÃO",2025_6_BR_VÍDEO_GABI BAILAS_ACAO_SBRAE_2025_PSMN0294,Tráfego,Ceará,29221,"58,03",2990,458,"2025-06-07-PSMN-29221-58,03-2990",19369,4.8,4035
2025-06-07,Sebrae Nacional - Debrito Brasília,151,tiktok,sbrae_2025_psmn,psmn,"2025_6_BR_TRAF_CPC_MULHERES DE 25 A 45 ANOS; INTERESSES EM EMPREENDEDORISMO, PEQUENOS NEGÓCIOS E MEI; COMPORTAMENTO VOLTADO A ENGAJAMENTO COM PERFIS DE NEGÓCIOS E INFLUENCIADORES DE GESTÃO",2025_6_BR_VÍDEO_GABI BAILAS_ACAO_SBRAE_2025_PSMN0294,Tráfego,Distrito Federal,10888,"16,38",871,128,"2025-06-07-PSMN-10888-16,38-871",19369,4.8,4035
2025-06-07,Sebrae Nacional - Debrito Brasília,151,tiktok,sbrae_2025_psmn,psmn,"2025_6_BR_TRAF_CPC_MULHERES DE 25 A 45 ANOS; INTERESSES EM EMPREENDEDORISMO, PEQUENOS NEGÓCIOS E MEI; COMPORTAMENTO VOLTADO A ENGAJAMENTO COM PERFIS DE NEGÓCIOS E INFLUENCIADORES DE GESTÃO",2025_6_BR_VÍDEO_GABI BAILAS_ACAO_SBRAE_2025_PSMN0294,Tráfego,Espírito Santo,16130,"24,44",1400,169,"2025-06-07-PSMN-16130-24,44-1400",19369,4.8,4035
2025-06-07,Sebrae Nacional - Debrito Brasília,151,tiktok,sbrae_2025_psmn,psmn,"2025_6_BR_TRAF_CPC_MULHERES DE 25 A 45 ANOS; INTERESSES EM EMPREENDEDORISMO, PEQUENOS NEGÓCIOS E MEI; COMPORTAMENTO VOLTADO A ENGAJAMENTO COM PERFIS DE NEGÓCIOS E INFLUENCIADORES DE GESTÃO",2025_6_BR_VÍDEO_GABI BAILAS_ACAO_SBRAE_2025_PSMN0294,Tráfego,Goiás,25681,"33,22",2000,263,"2025-06-07-PSMN-25681-33,22-2000",19369,4.8,4035
2025-06-07,Sebrae Nacional - Debrito Brasília,151,tiktok,sbrae_2025_psmn,psmn,"2025_6_BR_TRAF_CPC_MULHERES DE 25 A 45 ANOS; INTERESSES EM EMPREENDEDORISMO, PEQUENOS NEGÓCIOS E MEI; COMPORTAMENTO VOLTADO A ENGAJAMENTO COM PERFIS DE NEGÓCIOS E INFLUENCIADORES DE GESTÃO",2025_6_BR_VÍDEO_GABI BAILAS_ACAO_SBRAE_2025_PSMN0294,Tráfego,Maranhão,20848,"34,57",1833,241,"2025-06-07-PSMN-20848-34,57-1833",19369,4.8,4035
2025-06-07,Sebrae Nacional - Debrito Brasília,151,tiktok,sbrae_2025_psmn,psmn,"2025_6_BR_TRAF_CPC_MULHERES DE 25 A 45 ANOS; INTERESSES EM EMPREENDEDORISMO, PEQUENOS NEGÓCIOS E MEI; COMPORTAMENTO VOLTADO A ENGAJAMENTO COM PERFIS DE NEGÓCIOS E INFLUENCIADORES DE GESTÃO",2025_6_BR_VÍDEO_GABI BAILAS_ACAO_SBRAE_2025_PSMN0294,Tráfego,Mato Grosso,15976,"20,5",1090,132,"2025-06-07-PSMN-15976-20,5-1090",19369,4.8,4035
2025-06-07,Sebrae Nacional - Debrito Brasília,151,tiktok,sbrae_2025_psmn,psmn,"2025_6_BR_TRAF_CPC_MULHERES DE 25 A 45 ANOS; INTERESSES EM EMPREENDEDORISMO, PEQUENOS NEGÓCIOS E MEI; COMPORTAMENTO VOLTADO A ENGAJAMENTO COM PERFIS DE NEGÓCIOS E INFLUENCIADORES DE GESTÃO",2025_6_BR_VÍDEO_GABI BAILAS_ACAO_SBRAE_2025_PSMN0294,Tráfego,Mato Grosso do Sul,10355,"17,3",910,112,"2025-06-07-PSMN-10355-17,3-910",19369,4.8,4035
2025-06-07,Sebrae Nacional - Debrito Brasília,151,tiktok,sbrae_2025_psmn,psmn,"2025_6_BR_TRAF_CPC_MULHERES DE 25 A 45 ANOS; INTERESSES EM EMPREENDEDORISMO, PEQUENOS NEGÓCIOS E MEI; COMPORTAMENTO VOLTADO A ENGAJAMENTO COM PERFIS DE NEGÓCIOS E INFLUENCIADORES DE GESTÃO",2025_6_BR_VÍDEO_GABI BAILAS_ACAO_SBRAE_2025_PSMN0294,Tráfego,Minas Gerais,60052,"104,88",5238,634,"2025-06-07-PSMN-60052-104,88-5238",19369,4.8,4035
2025-06-07,Sebrae Nacional - Debrito Brasília,151,tiktok,sbrae_2025_psmn,psmn,"2025_6_BR_TRAF_CPC_MULHERES DE 25 A 45 ANOS; INTERESSES EM EMPREENDEDORISMO, PEQUENOS NEGÓCIOS E MEI; COMPORTAMENTO VOLTADO A ENGAJAMENTO COM PERFIS DE NEGÓCIOS E INFLUENCIADORES DE GESTÃO",2025_6_BR_VÍDEO_GABI BAILAS_ACAO_SBRAE_2025_PSMN0294,Tráfego,Pará,22158,"37,46",1952,281,"2025-06-07-PSMN-22158-37,46-1952",19369,4.8,4035
2025-06-07,Sebrae Nacional - Debrito Brasília,151,tiktok,sbrae_2025_psmn,psmn,"2025_6_BR_TRAF_CPC_MULHERES DE 25 A 45 ANOS; INTERESSES EM EMPREENDEDORISMO, PEQUENOS NEGÓCIOS E MEI; COMPORTAMENTO VOLTADO A ENGAJAMENTO COM PERFIS DE NEGÓCIOS E INFLUENCIADORES DE GESTÃO",2025_6_BR_VÍDEO_GABI BAILAS_ACAO_SBRAE_2025_PSMN0294,Tráfego,Paraíba,16765,"27,19",1476,223,"2025-06-07-PSMN-16765-27,19-1476",19369,4.8,4035
2025-06-07,Sebrae Nacional - Debrito Brasília,151,tiktok,sbrae_2025_psmn,psmn,"2025_6_BR_TRAF_CPC_MULHERES DE 25 A 45 ANOS; INTERESSES EM EMPREENDEDORISMO, PEQUENOS NEGÓCIOS E MEI; COMPORTAMENTO VOLTADO A ENGAJAMENTO COM PERFIS DE NEGÓCIOS E INFLUENCIADORES DE GESTÃO",2025_6_BR_VÍDEO_GABI BAILAS_ACAO_SBRAE_2025_PSMN0294,Tráfego,Paraná,41515,"60,79",3144,395,"2025-06-07-PSMN-41515-60,79-3144",19369,4.8,4035
2025-06-07,Sebrae Nacional - Debrito Brasília,151,tiktok,sbrae_2025_psmn,psmn,"2025_6_BR_TRAF_CPC_MULHERES DE 25 A 45 ANOS; INTERESSES EM EMPREENDEDORISMO, PEQUENOS NEGÓCIOS E MEI; COMPORTAMENTO VOLTADO A ENGAJAMENTO COM PERFIS DE NEGÓCIOS E INFLUENCIADORES DE GESTÃO",2025_6_BR_VÍDEO_GABI BAILAS_ACAO_SBRAE_2025_PSMN0294,Tráfego,Pernambuco,42114,"64,18",3727,549,"2025-06-07-PSMN-42114-64,18-3727",19369,4.8,4035
2025-06-07,Sebrae Nacional - Debrito Brasília,151,tiktok,sbrae_2025_psmn,psmn,"2025_6_BR_TRAF_CPC_MULHERES DE 25 A 45 ANOS; INTERESSES EM EMPREENDEDORISMO, PEQUENOS NEGÓCIOS E MEI; COMPORTAMENTO VOLTADO A ENGAJAMENTO COM PERFIS DE NEGÓCIOS E INFLUENCIADORES DE GESTÃO",2025_6_BR_VÍDEO_GABI BAILAS_ACAO_SBRAE_2025_PSMN0294,Tráfego,Piauí,10918,"16,21",897,100,"2025-06-07-PSMN-10918-16,21-897",19369,4.8,4035
2025-06-07,Sebrae Nacional - Debrito Brasília,151,tiktok,sbrae_2025_psmn,psmn,"2025_6_BR_TRAF_CPC_MULHERES DE 25 A 45 ANOS; INTERESSES EM EMPREENDEDORISMO, PEQUENOS NEGÓCIOS E MEI; COMPORTAMENTO VOLTADO A ENGAJAMENTO COM PERFIS DE NEGÓCIOS E INFLUENCIADORES DE GESTÃO",2025_6_BR_VÍDEO_GABI BAILAS_ACAO_SBRAE_2025_PSMN0294,Tráfego,Rio Grande do Norte,13625,"20,22",1199,196,"2025-06-07-PSMN-13625-20,22-1199",19369,4.8,4035
2025-06-07,Sebrae Nacional - Debrito Brasília,151,tiktok,sbrae_2025_psmn,psmn,"2025_6_BR_TRAF_CPC_MULHERES DE 25 A 45 ANOS; INTERESSES EM EMPREENDEDORISMO, PEQUENOS NEGÓCIOS E MEI; COMPORTAMENTO VOLTADO A ENGAJAMENTO COM PERFIS DE NEGÓCIOS E INFLUENCIADORES DE GESTÃO",2025_6_BR_VÍDEO_GABI BAILAS_ACAO_SBRAE_2025_PSMN0294,Tráfego,Rio Grande do Sul,40153,"46,72",2716,241,"2025-06-07-PSMN-40153-46,72-2716",19369,4.8,4035
2025-06-07,Sebrae Nacional - Debrito Brasília,151,tiktok,sbrae_2025_psmn,psmn,"2025_6_BR_TRAF_CPC_MULHERES DE 25 A 45 ANOS; INTERESSES EM EMPREENDEDORISMO, PEQUENOS NEGÓCIOS E MEI; COMPORTAMENTO VOLTADO A ENGAJAMENTO COM PERFIS DE NEGÓCIOS E INFLUENCIADORES DE GESTÃO",2025_6_BR_VÍDEO_GABI BAILAS_ACAO_SBRAE_2025_PSMN0294,Tráfego,Rio de Janeiro,71988,"138,27",7221,1076,"2025-06-07-PSMN-71988-138,27-7221",19369,4.8,4035
2025-06-07,Sebrae Nacional - Debrito Brasília,151,tiktok,sbrae_2025_psmn,psmn,"2025_6_BR_TRAF_CPC_MULHERES DE 25 A 45 ANOS; INTERESSES EM EMPREENDEDORISMO, PEQUENOS NEGÓCIOS E MEI; COMPORTAMENTO VOLTADO A ENGAJAMENTO COM PERFIS DE NEGÓCIOS E INFLUENCIADORES DE GESTÃO",2025_6_BR_VÍDEO_GABI BAILAS_ACAO_SBRAE_2025_PSMN0294,Tráfego,Rondônia,5882,"7,55",426,40,"2025-06-07-PSMN-5882-7,55-426",19369,4.8,4035
2025-06-07,Sebrae Nacional - Debrito Brasília,151,tiktok,sbrae_2025_psmn,psmn,"2025_6_BR_TRAF_CPC_MULHERES DE 25 A 45 ANOS; INTERESSES EM EMPREENDEDORISMO, PEQUENOS NEGÓCIOS E MEI; COMPORTAMENTO VOLTADO A ENGAJAMENTO COM PERFIS DE NEGÓCIOS E INFLUENCIADORES DE GESTÃO",2025_6_BR_VÍDEO_GABI BAILAS_ACAO_SBRAE_2025_PSMN0294,Tráfego,Roraima,1596,"2,16",119,17,"2025-06-07-PSMN-1596-2,16-119",19369,4.8,4035
2025-06-07,Sebrae Nacional - Debrito Brasília,151,tiktok,sbrae_2025_psmn,psmn,"2025_6_BR_TRAF_CPC_MULHERES DE 25 A 45 ANOS; INTERESSES EM EMPREENDEDORISMO, PEQUENOS NEGÓCIOS E MEI; COMPORTAMENTO VOLTADO A ENGAJAMENTO COM PERFIS DE NEGÓCIOS E INFLUENCIADORES DE GESTÃO",2025_6_BR_VÍDEO_GABI BAILAS_ACAO_SBRAE_2025_PSMN0294,Tráfego,Santa Catarina,24294,"35,28",1847,187,"2025-06-07-PSMN-24294-35,28-1847",19369,4.8,4035
2025-06-07,Sebrae Nacional - Debrito Brasília,151,tiktok,sbrae_2025_psmn,psmn,"2025_6_BR_TRAF_CPC_MULHERES DE 25 A 45 ANOS; INTERESSES EM EMPREENDEDORISMO, PEQUENOS NEGÓCIOS E MEI; COMPORTAMENTO VOLTADO A ENGAJAMENTO COM PERFIS DE NEGÓCIOS E INFLUENCIADORES DE GESTÃO",2025_6_BR_VÍDEO_GABI BAILAS_ACAO_SBRAE_2025_PSMN0294,Tráfego,São Paulo,137310,"244,12",11537,1262,"2025-06-07-PSMN-137310-244,12-11537",19369,4.8,4035
2025-06-07,Sebrae Nacional - Debrito Brasília,151,tiktok,sbrae_2025_psmn,psmn,"2025_6_BR_TRAF_CPC_MULHERES DE 25 A 45 ANOS; INTERESSES EM EMPREENDEDORISMO, PEQUENOS NEGÓCIOS E MEI; COMPORTAMENTO VOLTADO A ENGAJAMENTO COM PERFIS DE NEGÓCIOS E INFLUENCIADORES DE GESTÃO",2025_6_BR_VÍDEO_GABI BAILAS_ACAO_SBRAE_2025_PSMN0294,Tráfego,Sergipe,9088,"13,25",778,109,"2025-06-07-PSMN-9088-13,25-778",19369,4.8,4035
2025-06-07,Sebrae Nacional - Debrito Brasília,151,tiktok,sbrae_2025_psmn,psmn,"2025_6_BR_TRAF_CPC_MULHERES DE 25 A 45 ANOS; INTERESSES EM EMPREENDEDORISMO, PEQUENOS NEGÓCIOS E MEI; COMPORTAMENTO VOLTADO A ENGAJAMENTO COM PERFIS DE NEGÓCIOS E INFLUENCIADORES DE GESTÃO",2025_6_BR_VÍDEO_GABI BAILAS_ACAO_SBRAE_2025_PSMN0294,Tráfego,Tocantins,3655,"6,42",301,33,"2025-06-07-PSMN-3655-6,42-301",19369,4.8,4035
2025-06-08,Sebrae Nacional - Debrito Brasília,151,tiktok,sbrae_2025_psmn,psmn,"2025_6_BR_TRAF_CPC_MULHERES DE 25 A 45 ANOS; INTERESSES EM EMPREENDEDORISMO, PEQUENOS NEGÓCIOS E MEI; COMPORTAMENTO VOLTADO A ENGAJAMENTO COM PERFIS DE NEGÓCIOS E INFLUENCIADORES DE GESTÃO",2025_6_BR_VÍDEO_GABI BAILAS_ACAO_SBRAE_2025_PSMN0294,Tráfego,Não identificado,2488,"6,19",404,76,"2025-06-08-PSMN-2488-6,19-404",19369,4.8,4035
2025-06-08,Sebrae Nacional - Debrito Brasília,151,tiktok,sbrae_2025_psmn,psmn,"2025_6_BR_TRAF_CPC_MULHERES DE 25 A 45 ANOS; INTERESSES EM EMPREENDEDORISMO, PEQUENOS NEGÓCIOS E MEI; COMPORTAMENTO VOLTADO A ENGAJAMENTO COM PERFIS DE NEGÓCIOS E INFLUENCIADORES DE GESTÃO",2025_6_BR_VÍDEO_GABI BAILAS_ACAO_SBRAE_2025_PSMN0294,Tráfego,Acre,3293,"7,97",460,63,"2025-06-08-PSMN-3293-7,97-460",19369,4.8,4035
2025-06-08,Sebrae Nacional - Debrito Brasília,151,tiktok,sbrae_2025_psmn,psmn,"2025_6_BR_TRAF_CPC_MULHERES DE 25 A 45 ANOS; INTERESSES EM EMPREENDEDORISMO, PEQUENOS NEGÓCIOS E MEI; COMPORTAMENTO VOLTADO A ENGAJAMENTO COM PERFIS DE NEGÓCIOS E INFLUENCIADORES DE GESTÃO",2025_6_BR_VÍDEO_GABI BAILAS_ACAO_SBRAE_2025_PSMN0294,Tráfego,Alagoas,17802,"42,24",2218,390,"2025-06-08-PSMN-17802-42,24-2218",19369,4.8,4035
2025-06-08,Sebrae Nacional - Debrito Brasília,151,tiktok,sbrae_2025_psmn,psmn,"2025_6_BR_TRAF_CPC_MULHERES DE 25 A 45 ANOS; INTERESSES EM EMPREENDEDORISMO, PEQUENOS NEGÓCIOS E MEI; COMPORTAMENTO VOLTADO A ENGAJAMENTO COM PERFIS DE NEGÓCIOS E INFLUENCIADORES DE GESTÃO",2025_6_BR_VÍDEO_GABI BAILAS_ACAO_SBRAE_2025_PSMN0294,Tráfego,Amapá,2211,"4,01",225,37,"2025-06-08-PSMN-2211-4,01-225",19369,4.8,4035
2025-06-08,Sebrae Nacional - Debrito Brasília,151,tiktok,sbrae_2025_psmn,psmn,"2025_6_BR_TRAF_CPC_MULHERES DE 25 A 45 ANOS; INTERESSES EM EMPREENDEDORISMO, PEQUENOS NEGÓCIOS E MEI; COMPORTAMENTO VOLTADO A ENGAJAMENTO COM PERFIS DE NEGÓCIOS E INFLUENCIADORES DE GESTÃO",2025_6_BR_VÍDEO_GABI BAILAS_ACAO_SBRAE_2025_PSMN0294,Tráfego,Amazonas,6328,"19,54",1032,197,"2025-06-08-PSMN-6328-19,54-1032",19369,4.8,4035
2025-06-08,Sebrae Nacional - Debrito Brasília,151,tiktok,sbrae_2025_psmn,psmn,"2025_6_BR_TRAF_CPC_MULHERES DE 25 A 45 ANOS; INTERESSES EM EMPREENDEDORISMO, PEQUENOS NEGÓCIOS E MEI; COMPORTAMENTO VOLTADO A ENGAJAMENTO COM PERFIS DE NEGÓCIOS E INFLUENCIADORES DE GESTÃO",2025_6_BR_VÍDEO_GABI BAILAS_ACAO_SBRAE_2025_PSMN0294,Tráfego,Bahia,76577,"196,52",9606,1832,"2025-06-08-PSMN-76577-196,52-9606",19369,4.8,4035
2025-06-08,Sebrae Nacional - Debrito Brasília,151,tiktok,sbrae_2025_psmn,psmn,"2025_6_BR_TRAF_CPC_MULHERES DE 25 A 45 ANOS; INTERESSES EM EMPREENDEDORISMO, PEQUENOS NEGÓCIOS E MEI; COMPORTAMENTO VOLTADO A ENGAJAMENTO COM PERFIS DE NEGÓCIOS E INFLUENCIADORES DE GESTÃO",2025_6_BR_VÍDEO_GABI BAILAS_ACAO_SBRAE_2025_PSMN0294,Tráfego,Ceará,38866,"122,32",5707,1129,"2025-06-08-PSMN-38866-122,32-5707",19369,4.8,4035
2025-06-08,Sebrae Nacional - Debrito Brasília,151,tiktok,sbrae_2025_psmn,psmn,"2025_6_BR_TRAF_CPC_MULHERES DE 25 A 45 ANOS; INTERESSES EM EMPREENDEDORISMO, PEQUENOS NEGÓCIOS E MEI; COMPORTAMENTO VOLTADO A ENGAJAMENTO COM PERFIS DE NEGÓCIOS E INFLUENCIADORES DE GESTÃO",2025_6_BR_VÍDEO_GABI BAILAS_ACAO_SBRAE_2025_PSMN0294,Tráfego,Distrito Federal,13512,"26,99",1424,255,"2025-06-08-PSMN-13512-26,99-1424",19369,4.8,4035
2025-06-08,Sebrae Nacional - Debrito Brasília,151,tiktok,sbrae_2025_psmn,psmn,"2025_6_BR_TRAF_CPC_MULHERES DE 25 A 45 ANOS; INTERESSES EM EMPREENDEDORISMO, PEQUENOS NEGÓCIOS E MEI; COMPORTAMENTO VOLTADO A ENGAJAMENTO COM PERFIS DE NEGÓCIOS E INFLUENCIADORES DE GESTÃO",2025_6_BR_VÍDEO_GABI BAILAS_ACAO_SBRAE_2025_PSMN0294,Tráfego,Espírito Santo,23758,"50,73",2516,459,"2025-06-08-PSMN-23758-50,73-2516",19369,4.8,4035
2025-06-08,Sebrae Nacional - Debrito Brasília,151,tiktok,sbrae_2025_psmn,psmn,"2025_6_BR_TRAF_CPC_MULHERES DE 25 A 45 ANOS; INTERESSES EM EMPREENDEDORISMO, PEQUENOS NEGÓCIOS E MEI; COMPORTAMENTO VOLTADO A ENGAJAMENTO COM PERFIS DE NEGÓCIOS E INFLUENCIADORES DE GESTÃO",2025_6_BR_VÍDEO_GABI BAILAS_ACAO_SBRAE_2025_PSMN0294,Tráfego,Goiás,31567,"55,76",3083,532,"2025-06-08-PSMN-31567-55,76-3083",19369,4.8,4035
2025-06-08,Sebrae Nacional - Debrito Brasília,151,tiktok,sbrae_2025_psmn,psmn,"2025_6_BR_TRAF_CPC_MULHERES DE 25 A 45 ANOS; INTERESSES EM EMPREENDEDORISMO, PEQUENOS NEGÓCIOS E MEI; COMPORTAMENTO VOLTADO A ENGAJAMENTO COM PERFIS DE NEGÓCIOS E INFLUENCIADORES DE GESTÃO",2025_6_BR_VÍDEO_GABI BAILAS_ACAO_SBRAE_2025_PSMN0294,Tráfego,Maranhão,32041,"76,71",3958,687,"2025-06-08-PSMN-32041-76,71-3958",19369,4.8,4035
2025-06-08,Sebrae Nacional - Debrito Brasília,151,tiktok,sbrae_2025_psmn,psmn,"2025_6_BR_TRAF_CPC_MULHERES DE 25 A 45 ANOS; INTERESSES EM EMPREENDEDORISMO, PEQUENOS NEGÓCIOS E MEI; COMPORTAMENTO VOLTADO A ENGAJAMENTO COM PERFIS DE NEGÓCIOS E INFLUENCIADORES DE GESTÃO",2025_6_BR_VÍDEO_GABI BAILAS_ACAO_SBRAE_2025_PSMN0294,Tráfego,Mato Grosso,13045,"31,65",1583,253,"2025-06-08-PSMN-13045-31,65-1583",19369,4.8,4035
2025-06-08,Sebrae Nacional - Debrito Brasília,151,tiktok,sbrae_2025_psmn,psmn,"2025_6_BR_TRAF_CPC_MULHERES DE 25 A 45 ANOS; INTERESSES EM EMPREENDEDORISMO, PEQUENOS NEGÓCIOS E MEI; COMPORTAMENTO VOLTADO A ENGAJAMENTO COM PERFIS DE NEGÓCIOS E INFLUENCIADORES DE GESTÃO",2025_6_BR_VÍDEO_GABI BAILAS_ACAO_SBRAE_2025_PSMN0294,Tráfego,Mato Grosso do Sul,14716,"27,4",1485,236,"2025-06-08-PSMN-14716-27,4-1485",19369,4.8,4035
2025-06-08,Sebrae Nacional - Debrito Brasília,151,tiktok,sbrae_2025_psmn,psmn,"2025_6_BR_TRAF_CPC_MULHERES DE 25 A 45 ANOS; INTERESSES EM EMPREENDEDORISMO, PEQUENOS NEGÓCIOS E MEI; COMPORTAMENTO VOLTADO A ENGAJAMENTO COM PERFIS DE NEGÓCIOS E INFLUENCIADORES DE GESTÃO",2025_6_BR_VÍDEO_GABI BAILAS_ACAO_SBRAE_2025_PSMN0294,Tráfego,Minas Gerais,84528,"204,18",9382,1632,"2025-06-08-PSMN-84528-204,18-9382",19369,4.8,4035
2025-06-08,Sebrae Nacional - Debrito Brasília,151,tiktok,sbrae_2025_psmn,psmn,"2025_6_BR_TRAF_CPC_MULHERES DE 25 A 45 ANOS; INTERESSES EM EMPREENDEDORISMO, PEQUENOS NEGÓCIOS E MEI; COMPORTAMENTO VOLTADO A ENGAJAMENTO COM PERFIS DE NEGÓCIOS E INFLUENCIADORES DE GESTÃO",2025_6_BR_VÍDEO_GABI BAILAS_ACAO_SBRAE_2025_PSMN0294,Tráfego,Pará,34345,"81,08",4338,823,"2025-06-08-PSMN-34345-81,08-4338",19369,4.8,4035
2025-06-08,Sebrae Nacional - Debrito Brasília,151,tiktok,sbrae_2025_psmn,psmn,"2025_6_BR_TRAF_CPC_MULHERES DE 25 A 45 ANOS; INTERESSES EM EMPREENDEDORISMO, PEQUENOS NEGÓCIOS E MEI; COMPORTAMENTO VOLTADO A ENGAJAMENTO COM PERFIS DE NEGÓCIOS E INFLUENCIADORES DE GESTÃO",2025_6_BR_VÍDEO_GABI BAILAS_ACAO_SBRAE_2025_PSMN0294,Tráfego,Paraíba,21580,"51,59",2596,523,"2025-06-08-PSMN-21580-51,59-2596",19369,4.8,4035
2025-06-08,Sebrae Nacional - Debrito Brasília,151,tiktok,sbrae_2025_psmn,psmn,"2025_6_BR_TRAF_CPC_MULHERES DE 25 A 45 ANOS; INTERESSES EM EMPREENDEDORISMO, PEQUENOS NEGÓCIOS E MEI; COMPORTAMENTO VOLTADO A ENGAJAMENTO COM PERFIS DE NEGÓCIOS E INFLUENCIADORES DE GESTÃO",2025_6_BR_VÍDEO_GABI BAILAS_ACAO_SBRAE_2025_PSMN0294,Tráfego,Paraná,50007,"103,37",5062,896,"2025-06-08-PSMN-50007-103,37-5062",19369,4.8,4035
2025-06-08,Sebrae Nacional - Debrito Brasília,151,tiktok,sbrae_2025_psmn,psmn,"2025_6_BR_TRAF_CPC_MULHERES DE 25 A 45 ANOS; INTERESSES EM EMPREENDEDORISMO, PEQUENOS NEGÓCIOS E MEI; COMPORTAMENTO VOLTADO A ENGAJAMENTO COM PERFIS DE NEGÓCIOS E INFLUENCIADORES DE GESTÃO",2025_6_BR_VÍDEO_GABI BAILAS_ACAO_SBRAE_2025_PSMN0294,Tráfego,Pernambuco,56471,"129,98",6702,1274,"2025-06-08-PSMN-56471-129,98-6702",19369,4.8,4035
2025-06-08,Sebrae Nacional - Debrito Brasília,151,tiktok,sbrae_2025_psmn,psmn,"2025_6_BR_TRAF_CPC_MULHERES DE 25 A 45 ANOS; INTERESSES EM EMPREENDEDORISMO, PEQUENOS NEGÓCIOS E MEI; COMPORTAMENTO VOLTADO A ENGAJAMENTO COM PERFIS DE NEGÓCIOS E INFLUENCIADORES DE GESTÃO",2025_6_BR_VÍDEO_GABI BAILAS_ACAO_SBRAE_2025_PSMN0294,Tráfego,Piauí,14512,"31,88",1631,316,"2025-06-08-PSMN-14512-31,88-1631",19369,4.8,4035
2025-06-08,Sebrae Nacional - Debrito Brasília,151,tiktok,sbrae_2025_psmn,psmn,"2025_6_BR_TRAF_CPC_MULHERES DE 25 A 45 ANOS; INTERESSES EM EMPREENDEDORISMO, PEQUENOS NEGÓCIOS E MEI; COMPORTAMENTO VOLTADO A ENGAJAMENTO COM PERFIS DE NEGÓCIOS E INFLUENCIADORES DE GESTÃO",2025_6_BR_VÍDEO_GABI BAILAS_ACAO_SBRAE_2025_PSMN0294,Tráfego,Rio Grande do Norte,17094,"39,96",2072,431,"2025-06-08-PSMN-17094-39,96-2072",19369,4.8,4035
2025-06-08,Sebrae Nacional - Debrito Brasília,151,tiktok,sbrae_2025_psmn,psmn,"2025_6_BR_TRAF_CPC_MULHERES DE 25 A 45 ANOS; INTERESSES EM EMPREENDEDORISMO, PEQUENOS NEGÓCIOS E MEI; COMPORTAMENTO VOLTADO A ENGAJAMENTO COM PERFIS DE NEGÓCIOS E INFLUENCIADORES DE GESTÃO",2025_6_BR_VÍDEO_GABI BAILAS_ACAO_SBRAE_2025_PSMN0294,Tráfego,Rio Grande do Sul,44645,"73,1",4012,695,"2025-06-08-PSMN-44645-73,1-4012",19369,4.8,4035
2025-06-08,Sebrae Nacional - Debrito Brasília,151,tiktok,sbrae_2025_psmn,psmn,"2025_6_BR_TRAF_CPC_MULHERES DE 25 A 45 ANOS; INTERESSES EM EMPREENDEDORISMO, PEQUENOS NEGÓCIOS E MEI; COMPORTAMENTO VOLTADO A ENGAJAMENTO COM PERFIS DE NEGÓCIOS E INFLUENCIADORES DE GESTÃO",2025_6_BR_VÍDEO_GABI BAILAS_ACAO_SBRAE_2025_PSMN0294,Tráfego,Rio de Janeiro,101712,"278,3",12799,2394,"2025-06-08-PSMN-101712-278,3-12799",19369,4.8,4035
2025-06-08,Sebrae Nacional - Debrito Brasília,151,tiktok,sbrae_2025_psmn,psmn,"2025_6_BR_TRAF_CPC_MULHERES DE 25 A 45 ANOS; INTERESSES EM EMPREENDEDORISMO, PEQUENOS NEGÓCIOS E MEI; COMPORTAMENTO VOLTADO A ENGAJAMENTO COM PERFIS DE NEGÓCIOS E INFLUENCIADORES DE GESTÃO",2025_6_BR_VÍDEO_GABI BAILAS_ACAO_SBRAE_2025_PSMN0294,Tráfego,Rondônia,7324,"11,33",717,113,"2025-06-08-PSMN-7324-11,33-717",19369,4.8,4035
2025-06-08,Sebrae Nacional - Debrito Brasília,151,tiktok,sbrae_2025_psmn,psmn,"2025_6_BR_TRAF_CPC_MULHERES DE 25 A 45 ANOS; INTERESSES EM EMPREENDEDORISMO, PEQUENOS NEGÓCIOS E MEI; COMPORTAMENTO VOLTADO A ENGAJAMENTO COM PERFIS DE NEGÓCIOS E INFLUENCIADORES DE GESTÃO",2025_6_BR_VÍDEO_GABI BAILAS_ACAO_SBRAE_2025_PSMN0294,Tráfego,Roraima,1854,"3,56",210,47,"2025-06-08-PSMN-1854-3,56-210",19369,4.8,4035
2025-06-08,Sebrae Nacional - Debrito Brasília,151,tiktok,sbrae_2025_psmn,psmn,"2025_6_BR_TRAF_CPC_MULHERES DE 25 A 45 ANOS; INTERESSES EM EMPREENDEDORISMO, PEQUENOS NEGÓCIOS E MEI; COMPORTAMENTO VOLTADO A ENGAJAMENTO COM PERFIS DE NEGÓCIOS E INFLUENCIADORES DE GESTÃO",2025_6_BR_VÍDEO_GABI BAILAS_ACAO_SBRAE_2025_PSMN0294,Tráfego,Santa Catarina,13024,"31,79",1449,319,"2025-06-08-PSMN-13024-31,79-1449",19369,4.8,4035
2025-06-08,Sebrae Nacional - Debrito Brasília,151,tiktok,sbrae_2025_psmn,psmn,"2025_6_BR_TRAF_CPC_MULHERES DE 25 A 45 ANOS; INTERESSES EM EMPREENDEDORISMO, PEQUENOS NEGÓCIOS E MEI; COMPORTAMENTO VOLTADO A ENGAJAMENTO COM PERFIS DE NEGÓCIOS E INFLUENCIADORES DE GESTÃO",2025_6_BR_VÍDEO_GABI BAILAS_ACAO_SBRAE_2025_PSMN0294,Tráfego,São Paulo,189064,"444,89",20172,3295,"2025-06-08-PSMN-189064-444,89-20172",19369,4.8,4035
2025-06-08,Sebrae Nacional - Debrito Brasília,151,tiktok,sbrae_2025_psmn,psmn,"2025_6_BR_TRAF_CPC_MULHERES DE 25 A 45 ANOS; INTERESSES EM EMPREENDEDORISMO, PEQUENOS NEGÓCIOS E MEI; COMPORTAMENTO VOLTADO A ENGAJAMENTO COM PERFIS DE NEGÓCIOS E INFLUENCIADORES DE GESTÃO",2025_6_BR_VÍDEO_GABI BAILAS_ACAO_SBRAE_2025_PSMN0294,Tráfego,Sergipe,13264,"29,84",1490,228,"2025-06-08-PSMN-13264-29,84-1490",19369,4.8,4035
2025-06-08,Sebrae Nacional - Debrito Brasília,151,tiktok,sbrae_2025_psmn,psmn,"2025_6_BR_TRAF_CPC_MULHERES DE 25 A 45 ANOS; INTERESSES EM EMPREENDEDORISMO, PEQUENOS NEGÓCIOS E MEI; COMPORTAMENTO VOLTADO A ENGAJAMENTO COM PERFIS DE NEGÓCIOS E INFLUENCIADORES DE GESTÃO",2025_6_BR_VÍDEO_GABI BAILAS_ACAO_SBRAE_2025_PSMN0294,Tráfego,Tocantins,5453,"11,37",650,122,"2025-06-08-PSMN-5453-11,37-650",19369,4.8,4035
2025-06-09,Sebrae Nacional - Debrito Brasília,151,tiktok,sbrae_2025_psmn,psmn,"2025_6_BR_TRAF_CPC_MULHERES DE 25 A 45 ANOS; INTERESSES EM EMPREENDEDORISMO, PEQUENOS NEGÓCIOS E MEI; COMPORTAMENTO VOLTADO A ENGAJAMENTO COM PERFIS DE NEGÓCIOS E INFLUENCIADORES DE GESTÃO",2025_6_BR_VÍDEO_GABI BAILAS_ACAO_SBRAE_2025_PSMN0294,Tráfego,Não identificado,1444,"6,48",307,100,"2025-06-09-PSMN-1444-6,48-307",19369,4.8,4035
2025-06-09,Sebrae Nacional - Debrito Brasília,151,tiktok,sbrae_2025_psmn,psmn,"2025_6_BR_TRAF_CPC_MULHERES DE 25 A 45 ANOS; INTERESSES EM EMPREENDEDORISMO, PEQUENOS NEGÓCIOS E MEI; COMPORTAMENTO VOLTADO A ENGAJAMENTO COM PERFIS DE NEGÓCIOS E INFLUENCIADORES DE GESTÃO",2025_6_BR_VÍDEO_GABI BAILAS_ACAO_SBRAE_2025_PSMN0294,Tráfego,Acre,2243,"8,19",418,95,"2025-06-09-PSMN-2243-8,19-418",19369,4.8,4035
2025-06-09,Sebrae Nacional - Debrito Brasília,151,tiktok,sbrae_2025_psmn,psmn,"2025_6_BR_TRAF_CPC_MULHERES DE 25 A 45 ANOS; INTERESSES EM EMPREENDEDORISMO, PEQUENOS NEGÓCIOS E MEI; COMPORTAMENTO VOLTADO A ENGAJAMENTO COM PERFIS DE NEGÓCIOS E INFLUENCIADORES DE GESTÃO",2025_6_BR_VÍDEO_GABI BAILAS_ACAO_SBRAE_2025_PSMN0294,Tráfego,Alagoas,10995,"36,86",1721,417,"2025-06-09-PSMN-10995-36,86-1721",19369,4.8,4035
2025-06-09,Sebrae Nacional - Debrito Brasília,151,tiktok,sbrae_2025_psmn,psmn,"2025_6_BR_TRAF_CPC_MULHERES DE 25 A 45 ANOS; INTERESSES EM EMPREENDEDORISMO, PEQUENOS NEGÓCIOS E MEI; COMPORTAMENTO VOLTADO A ENGAJAMENTO COM PERFIS DE NEGÓCIOS E INFLUENCIADORES DE GESTÃO",2025_6_BR_VÍDEO_GABI BAILAS_ACAO_SBRAE_2025_PSMN0294,Tráfego,Amapá,1641,"4,37",236,45,"2025-06-09-PSMN-1641-4,37-236",19369,4.8,4035
2025-06-09,Sebrae Nacional - Debrito Brasília,151,tiktok,sbrae_2025_psmn,psmn,"2025_6_BR_TRAF_CPC_MULHERES DE 25 A 45 ANOS; INTERESSES EM EMPREENDEDORISMO, PEQUENOS NEGÓCIOS E MEI; COMPORTAMENTO VOLTADO A ENGAJAMENTO COM PERFIS DE NEGÓCIOS E INFLUENCIADORES DE GESTÃO",2025_6_BR_VÍDEO_GABI BAILAS_ACAO_SBRAE_2025_PSMN0294,Tráfego,Amazonas,6634,"23,34",1193,337,"2025-06-09-PSMN-6634-23,34-1193",19369,4.8,4035
2025-06-09,Sebrae Nacional - Debrito Brasília,151,tiktok,sbrae_2025_psmn,psmn,"2025_6_BR_TRAF_CPC_MULHERES DE 25 A 45 ANOS; INTERESSES EM EMPREENDEDORISMO, PEQUENOS NEGÓCIOS E MEI; COMPORTAMENTO VOLTADO A ENGAJAMENTO COM PERFIS DE NEGÓCIOS E INFLUENCIADORES DE GESTÃO",2025_6_BR_VÍDEO_GABI BAILAS_ACAO_SBRAE_2025_PSMN0294,Tráfego,Bahia,53869,"204,13",8841,2321,"2025-06-09-PSMN-53869-204,13-8841",19369,4.8,4035
2025-06-09,Sebrae Nacional - Debrito Brasília,151,tiktok,sbrae_2025_psmn,psmn,"2025_6_BR_TRAF_CPC_MULHERES DE 25 A 45 ANOS; INTERESSES EM EMPREENDEDORISMO, PEQUENOS NEGÓCIOS E MEI; COMPORTAMENTO VOLTADO A ENGAJAMENTO COM PERFIS DE NEGÓCIOS E INFLUENCIADORES DE GESTÃO",2025_6_BR_VÍDEO_GABI BAILAS_ACAO_SBRAE_2025_PSMN0294,Tráfego,Ceará,27407,"114,93",5032,1312,"2025-06-09-PSMN-27407-114,93-5032",19369,4.8,4035
2025-06-09,Sebrae Nacional - Debrito Brasília,151,tiktok,sbrae_2025_psmn,psmn,"2025_6_BR_TRAF_CPC_MULHERES DE 25 A 45 ANOS; INTERESSES EM EMPREENDEDORISMO, PEQUENOS NEGÓCIOS E MEI; COMPORTAMENTO VOLTADO A ENGAJAMENTO COM PERFIS DE NEGÓCIOS E INFLUENCIADORES DE GESTÃO",2025_6_BR_VÍDEO_GABI BAILAS_ACAO_SBRAE_2025_PSMN0294,Tráfego,Distrito Federal,8639,"28,17",1283,295,"2025-06-09-PSMN-8639-28,17-1283",19369,4.8,4035
2025-06-09,Sebrae Nacional - Debrito Brasília,151,tiktok,sbrae_2025_psmn,psmn,"2025_6_BR_TRAF_CPC_MULHERES DE 25 A 45 ANOS; INTERESSES EM EMPREENDEDORISMO, PEQUENOS NEGÓCIOS E MEI; COMPORTAMENTO VOLTADO A ENGAJAMENTO COM PERFIS DE NEGÓCIOS E INFLUENCIADORES DE GESTÃO",2025_6_BR_VÍDEO_GABI BAILAS_ACAO_SBRAE_2025_PSMN0294,Tráfego,Espírito Santo,14098,"47,81",2059,495,"2025-06-09-PSMN-14098-47,81-2059",19369,4.8,4035
2025-06-09,Sebrae Nacional - Debrito Brasília,151,tiktok,sbrae_2025_psmn,psmn,"2025_6_BR_TRAF_CPC_MULHERES DE 25 A 45 ANOS; INTERESSES EM EMPREENDEDORISMO, PEQUENOS NEGÓCIOS E MEI; COMPORTAMENTO VOLTADO A ENGAJAMENTO COM PERFIS DE NEGÓCIOS E INFLUENCIADORES DE GESTÃO",2025_6_BR_VÍDEO_GABI BAILAS_ACAO_SBRAE_2025_PSMN0294,Tráfego,Goiás,17447,"55,86",2596,637,"2025-06-09-PSMN-17447-55,86-2596",19369,4.8,4035
2025-06-09,Sebrae Nacional - Debrito Brasília,151,tiktok,sbrae_2025_psmn,psmn,"2025_6_BR_TRAF_CPC_MULHERES DE 25 A 45 ANOS; INTERESSES EM EMPREENDEDORISMO, PEQUENOS NEGÓCIOS E MEI; COMPORTAMENTO VOLTADO A ENGAJAMENTO COM PERFIS DE NEGÓCIOS E INFLUENCIADORES DE GESTÃO",2025_6_BR_VÍDEO_GABI BAILAS_ACAO_SBRAE_2025_PSMN0294,Tráfego,Maranhão,20855,"75,64",3533,817,"2025-06-09-PSMN-20855-75,64-3533",19369,4.8,4035
2025-06-09,Sebrae Nacional - Debrito Brasília,151,tiktok,sbrae_2025_psmn,psmn,"2025_6_BR_TRAF_CPC_MULHERES DE 25 A 45 ANOS; INTERESSES EM EMPREENDEDORISMO, PEQUENOS NEGÓCIOS E MEI; COMPORTAMENTO VOLTADO A ENGAJAMENTO COM PERFIS DE NEGÓCIOS E INFLUENCIADORES DE GESTÃO",2025_6_BR_VÍDEO_GABI BAILAS_ACAO_SBRAE_2025_PSMN0294,Tráfego,Mato Grosso,11613,"33,71",1576,309,"2025-06-09-PSMN-11613-33,71-1576",19369,4.8,4035
2025-06-09,Sebrae Nacional - Debrito Brasília,151,tiktok,sbrae_2025_psmn,psmn,"2025_6_BR_TRAF_CPC_MULHERES DE 25 A 45 ANOS; INTERESSES EM EMPREENDEDORISMO, PEQUENOS NEGÓCIOS E MEI; COMPORTAMENTO VOLTADO A ENGAJAMENTO COM PERFIS DE NEGÓCIOS E INFLUENCIADORES DE GESTÃO",2025_6_BR_VÍDEO_GABI BAILAS_ACAO_SBRAE_2025_PSMN0294,Tráfego,Mato Grosso do Sul,8335,"26,18",1211,332,"2025-06-09-PSMN-8335-26,18-1211",19369,4.8,4035
2025-06-09,Sebrae Nacional - Debrito Brasília,151,tiktok,sbrae_2025_psmn,psmn,"2025_6_BR_TRAF_CPC_MULHERES DE 25 A 45 ANOS; INTERESSES EM EMPREENDEDORISMO, PEQUENOS NEGÓCIOS E MEI; COMPORTAMENTO VOLTADO A ENGAJAMENTO COM PERFIS DE NEGÓCIOS E INFLUENCIADORES DE GESTÃO",2025_6_BR_VÍDEO_GABI BAILAS_ACAO_SBRAE_2025_PSMN0294,Tráfego,Minas Gerais,57414,"218,51",8693,2296,"2025-06-09-PSMN-57414-218,51-8693",19369,4.8,4035
2025-06-09,Sebrae Nacional - Debrito Brasília,151,tiktok,sbrae_2025_psmn,psmn,"2025_6_BR_TRAF_CPC_MULHERES DE 25 A 45 ANOS; INTERESSES EM EMPREENDEDORISMO, PEQUENOS NEGÓCIOS E MEI; COMPORTAMENTO VOLTADO A ENGAJAMENTO COM PERFIS DE NEGÓCIOS E INFLUENCIADORES DE GESTÃO",2025_6_BR_VÍDEO_GABI BAILAS_ACAO_SBRAE_2025_PSMN0294,Tráfego,Pará,23473,"87,11",3965,932,"2025-06-09-PSMN-23473-87,11-3965",19369,4.8,4035
2025-06-09,Sebrae Nacional - Debrito Brasília,151,tiktok,sbrae_2025_psmn,psmn,"2025_6_BR_TRAF_CPC_MULHERES DE 25 A 45 ANOS; INTERESSES EM EMPREENDEDORISMO, PEQUENOS NEGÓCIOS E MEI; COMPORTAMENTO VOLTADO A ENGAJAMENTO COM PERFIS DE NEGÓCIOS E INFLUENCIADORES DE GESTÃO",2025_6_BR_VÍDEO_GABI BAILAS_ACAO_SBRAE_2025_PSMN0294,Tráfego,Paraíba,15234,"52,79",2326,542,"2025-06-09-PSMN-15234-52,79-2326",19369,4.8,4035
2025-06-09,Sebrae Nacional - Debrito Brasília,151,tiktok,sbrae_2025_psmn,psmn,"2025_6_BR_TRAF_CPC_MULHERES DE 25 A 45 ANOS; INTERESSES EM EMPREENDEDORISMO, PEQUENOS NEGÓCIOS E MEI; COMPORTAMENTO VOLTADO A ENGAJAMENTO COM PERFIS DE NEGÓCIOS E INFLUENCIADORES DE GESTÃO",2025_6_BR_VÍDEO_GABI BAILAS_ACAO_SBRAE_2025_PSMN0294,Tráfego,Paraná,26006,"89,58",3842,996,"2025-06-09-PSMN-26006-89,58-3842",19369,4.8,4035
2025-06-09,Sebrae Nacional - Debrito Brasília,151,tiktok,sbrae_2025_psmn,psmn,"2025_6_BR_TRAF_CPC_MULHERES DE 25 A 45 ANOS; INTERESSES EM EMPREENDEDORISMO, PEQUENOS NEGÓCIOS E MEI; COMPORTAMENTO VOLTADO A ENGAJAMENTO COM PERFIS DE NEGÓCIOS E INFLUENCIADORES DE GESTÃO",2025_6_BR_VÍDEO_GABI BAILAS_ACAO_SBRAE_2025_PSMN0294,Tráfego,Pernambuco,35960,"130,04",5786,1417,"2025-06-09-PSMN-35960-130,04-5786",19369,4.8,4035
2025-06-09,Sebrae Nacional - Debrito Brasília,151,tiktok,sbrae_2025_psmn,psmn,"2025_6_BR_TRAF_CPC_MULHERES DE 25 A 45 ANOS; INTERESSES EM EMPREENDEDORISMO, PEQUENOS NEGÓCIOS E MEI; COMPORTAMENTO VOLTADO A ENGAJAMENTO COM PERFIS DE NEGÓCIOS E INFLUENCIADORES DE GESTÃO",2025_6_BR_VÍDEO_GABI BAILAS_ACAO_SBRAE_2025_PSMN0294,Tráfego,Piauí,8902,"32,43",1395,359,"2025-06-09-PSMN-8902-32,43-1395",19369,4.8,4035
2025-06-09,Sebrae Nacional - Debrito Brasília,151,tiktok,sbrae_2025_psmn,psmn,"2025_6_BR_TRAF_CPC_MULHERES DE 25 A 45 ANOS; INTERESSES EM EMPREENDEDORISMO, PEQUENOS NEGÓCIOS E MEI; COMPORTAMENTO VOLTADO A ENGAJAMENTO COM PERFIS DE NEGÓCIOS E INFLUENCIADORES DE GESTÃO",2025_6_BR_VÍDEO_GABI BAILAS_ACAO_SBRAE_2025_PSMN0294,Tráfego,Rio Grande do Norte,11708,"40,8",1827,437,"2025-06-09-PSMN-11708-40,8-1827",19369,4.8,4035
2025-06-09,Sebrae Nacional - Debrito Brasília,151,tiktok,sbrae_2025_psmn,psmn,"2025_6_BR_TRAF_CPC_MULHERES DE 25 A 45 ANOS; INTERESSES EM EMPREENDEDORISMO, PEQUENOS NEGÓCIOS E MEI; COMPORTAMENTO VOLTADO A ENGAJAMENTO COM PERFIS DE NEGÓCIOS E INFLUENCIADORES DE GESTÃO",2025_6_BR_VÍDEO_GABI BAILAS_ACAO_SBRAE_2025_PSMN0294,Tráfego,Rio Grande do Sul,21885,"69,37",3094,829,"2025-06-09-PSMN-21885-69,37-3094",19369,4.8,4035
2025-06-09,Sebrae Nacional - Debrito Brasília,151,tiktok,sbrae_2025_psmn,psmn,"2025_6_BR_TRAF_CPC_MULHERES DE 25 A 45 ANOS; INTERESSES EM EMPREENDEDORISMO, PEQUENOS NEGÓCIOS E MEI; COMPORTAMENTO VOLTADO A ENGAJAMENTO COM PERFIS DE NEGÓCIOS E INFLUENCIADORES DE GESTÃO",2025_6_BR_VÍDEO_GABI BAILAS_ACAO_SBRAE_2025_PSMN0294,Tráfego,Rio de Janeiro,80768,"300,54",12073,3242,"2025-06-09-PSMN-80768-300,54-12073",19369,4.8,4035
2025-06-09,Sebrae Nacional - Debrito Brasília,151,tiktok,sbrae_2025_psmn,psmn,"2025_6_BR_TRAF_CPC_MULHERES DE 25 A 45 ANOS; INTERESSES EM EMPREENDEDORISMO, PEQUENOS NEGÓCIOS E MEI; COMPORTAMENTO VOLTADO A ENGAJAMENTO COM PERFIS DE NEGÓCIOS E INFLUENCIADORES DE GESTÃO",2025_6_BR_VÍDEO_GABI BAILAS_ACAO_SBRAE_2025_PSMN0294,Tráfego,Rondônia,4146,"13,22",642,156,"2025-06-09-PSMN-4146-13,22-642",19369,4.8,4035
2025-06-09,Sebrae Nacional - Debrito Brasília,151,tiktok,sbrae_2025_psmn,psmn,"2025_6_BR_TRAF_CPC_MULHERES DE 25 A 45 ANOS; INTERESSES EM EMPREENDEDORISMO, PEQUENOS NEGÓCIOS E MEI; COMPORTAMENTO VOLTADO A ENGAJAMENTO COM PERFIS DE NEGÓCIOS E INFLUENCIADORES DE GESTÃO",2025_6_BR_VÍDEO_GABI BAILAS_ACAO_SBRAE_2025_PSMN0294,Tráfego,Roraima,1243,"4,22",234,69,"2025-06-09-PSMN-1243-4,22-234",19369,4.8,4035
2025-06-09,Sebrae Nacional - Debrito Brasília,151,tiktok,sbrae_2025_psmn,psmn,"2025_6_BR_TRAF_CPC_MULHERES DE 25 A 45 ANOS; INTERESSES EM EMPREENDEDORISMO, PEQUENOS NEGÓCIOS E MEI; COMPORTAMENTO VOLTADO A ENGAJAMENTO COM PERFIS DE NEGÓCIOS E INFLUENCIADORES DE GESTÃO",2025_6_BR_VÍDEO_GABI BAILAS_ACAO_SBRAE_2025_PSMN0294,Tráfego,Santa Catarina,14051,"44,5",1968,478,"2025-06-09-PSMN-14051-44,5-1968",19369,4.8,4035
2025-06-09,Sebrae Nacional - Debrito Brasília,151,tiktok,sbrae_2025_psmn,psmn,"2025_6_BR_TRAF_CPC_MULHERES DE 25 A 45 ANOS; INTERESSES EM EMPREENDEDORISMO, PEQUENOS NEGÓCIOS E MEI; COMPORTAMENTO VOLTADO A ENGAJAMENTO COM PERFIS DE NEGÓCIOS E INFLUENCIADORES DE GESTÃO",2025_6_BR_VÍDEO_GABI BAILAS_ACAO_SBRAE_2025_PSMN0294,Tráfego,São Paulo,111452,"395,45",15748,4070,"2025-06-09-PSMN-111452-395,45-15748",19369,4.8,4035
2025-06-09,Sebrae Nacional - Debrito Brasília,151,tiktok,sbrae_2025_psmn,psmn,"2025_6_BR_TRAF_CPC_MULHERES DE 25 A 45 ANOS; INTERESSES EM EMPREENDEDORISMO, PEQUENOS NEGÓCIOS E MEI; COMPORTAMENTO VOLTADO A ENGAJAMENTO COM PERFIS DE NEGÓCIOS E INFLUENCIADORES DE GESTÃO",2025_6_BR_VÍDEO_GABI BAILAS_ACAO_SBRAE_2025_PSMN0294,Tráfego,Sergipe,8449,"29,38",1290,328,"2025-06-09-PSMN-8449-29,38-1290",19369,4.8,4035
2025-06-09,Sebrae Nacional - Debrito Brasília,151,tiktok,sbrae_2025_psmn,psmn,"2025_6_BR_TRAF_CPC_MULHERES DE 25 A 45 ANOS; INTERESSES EM EMPREENDEDORISMO, PEQUENOS NEGÓCIOS E MEI; COMPORTAMENTO VOLTADO A ENGAJAMENTO COM PERFIS DE NEGÓCIOS E INFLUENCIADORES DE GESTÃO",2025_6_BR_VÍDEO_GABI BAILAS_ACAO_SBRAE_2025_PSMN0294,Tráfego,Tocantins,3845,"13,4",590,146,"2025-06-09-PSMN-3845-13,4-590",19369,4.8,4035
2025-06-10,Sebrae Nacional - Debrito Brasília,151,tiktok,sbrae_2025_psmn,psmn,"2025_6_BR_TRAF_CPC_MULHERES DE 25 A 45 ANOS; INTERESSES EM EMPREENDEDORISMO, PEQUENOS NEGÓCIOS E MEI; COMPORTAMENTO VOLTADO A ENGAJAMENTO COM PERFIS DE NEGÓCIOS E INFLUENCIADORES DE GESTÃO",2025_6_BR_VÍDEO_GABI BAILAS_ACAO_SBRAE_2025_PSMN0294,Tráfego,Não identificado,1627,"7,58",318,88,"2025-06-10-PSMN-1627-7,58-318",19369,4.8,4035
2025-06-10,Sebrae Nacional - Debrito Brasília,151,tiktok,sbrae_2025_psmn,psmn,"2025_6_BR_TRAF_CPC_MULHERES DE 25 A 45 ANOS; INTERESSES EM EMPREENDEDORISMO, PEQUENOS NEGÓCIOS E MEI; COMPORTAMENTO VOLTADO A ENGAJAMENTO COM PERFIS DE NEGÓCIOS E INFLUENCIADORES DE GESTÃO",2025_6_BR_VÍDEO_GABI BAILAS_ACAO_SBRAE_2025_PSMN0294,Tráfego,Acre,1922,"7,83",354,68,"2025-06-10-PSMN-1922-7,83-354",19369,4.8,4035
2025-06-10,Sebrae Nacional - Debrito Brasília,151,tiktok,sbrae_2025_psmn,psmn,"2025_6_BR_TRAF_CPC_MULHERES DE 25 A 45 ANOS; INTERESSES EM EMPREENDEDORISMO, PEQUENOS NEGÓCIOS E MEI; COMPORTAMENTO VOLTADO A ENGAJAMENTO COM PERFIS DE NEGÓCIOS E INFLUENCIADORES DE GESTÃO",2025_6_BR_VÍDEO_GABI BAILAS_ACAO_SBRAE_2025_PSMN0294,Tráfego,Alagoas,10844,"36,21",1635,468,"2025-06-10-PSMN-10844-36,21-1635",19369,4.8,4035
2025-06-10,Sebrae Nacional - Debrito Brasília,151,tiktok,sbrae_2025_psmn,psmn,"2025_6_BR_TRAF_CPC_MULHERES DE 25 A 45 ANOS; INTERESSES EM EMPREENDEDORISMO, PEQUENOS NEGÓCIOS E MEI; COMPORTAMENTO VOLTADO A ENGAJAMENTO COM PERFIS DE NEGÓCIOS E INFLUENCIADORES DE GESTÃO",2025_6_BR_VÍDEO_GABI BAILAS_ACAO_SBRAE_2025_PSMN0294,Tráfego,Amapá,1455,"3,48",157,50,"2025-06-10-PSMN-1455-3,48-157",19369,4.8,4035
2025-06-10,Sebrae Nacional - Debrito Brasília,151,tiktok,sbrae_2025_psmn,psmn,"2025_6_BR_TRAF_CPC_MULHERES DE 25 A 45 ANOS; INTERESSES EM EMPREENDEDORISMO, PEQUENOS NEGÓCIOS E MEI; COMPORTAMENTO VOLTADO A ENGAJAMENTO COM PERFIS DE NEGÓCIOS E INFLUENCIADORES DE GESTÃO",2025_6_BR_VÍDEO_GABI BAILAS_ACAO_SBRAE_2025_PSMN0294,Tráfego,Amazonas,6063,"20,97",1009,271,"2025-06-10-PSMN-6063-20,97-1009",19369,4.8,4035
2025-06-10,Sebrae Nacional - Debrito Brasília,151,tiktok,sbrae_2025_psmn,psmn,"2025_6_BR_TRAF_CPC_MULHERES DE 25 A 45 ANOS; INTERESSES EM EMPREENDEDORISMO, PEQUENOS NEGÓCIOS E MEI; COMPORTAMENTO VOLTADO A ENGAJAMENTO COM PERFIS DE NEGÓCIOS E INFLUENCIADORES DE GESTÃO",2025_6_BR_VÍDEO_GABI BAILAS_ACAO_SBRAE_2025_PSMN0294,Tráfego,Bahia,55467,"214,81",8760,2480,"2025-06-10-PSMN-55467-214,81-8760",19369,4.8,4035
2025-06-10,Sebrae Nacional - Debrito Brasília,151,tiktok,sbrae_2025_psmn,psmn,"2025_6_BR_TRAF_CPC_MULHERES DE 25 A 45 ANOS; INTERESSES EM EMPREENDEDORISMO, PEQUENOS NEGÓCIOS E MEI; COMPORTAMENTO VOLTADO A ENGAJAMENTO COM PERFIS DE NEGÓCIOS E INFLUENCIADORES DE GESTÃO",2025_6_BR_VÍDEO_GABI BAILAS_ACAO_SBRAE_2025_PSMN0294,Tráfego,Ceará,27513,"111,99",4493,1389,"2025-06-10-PSMN-27513-111,99-4493",19369,4.8,4035
2025-06-10,Sebrae Nacional - Debrito Brasília,151,tiktok,sbrae_2025_psmn,psmn,"2025_6_BR_TRAF_CPC_MULHERES DE 25 A 45 ANOS; INTERESSES EM EMPREENDEDORISMO, PEQUENOS NEGÓCIOS E MEI; COMPORTAMENTO VOLTADO A ENGAJAMENTO COM PERFIS DE NEGÓCIOS E INFLUENCIADORES DE GESTÃO",2025_6_BR_VÍDEO_GABI BAILAS_ACAO_SBRAE_2025_PSMN0294,Tráfego,Distrito Federal,9694,"28,49",1224,342,"2025-06-10-PSMN-9694-28,49-1224",19369,4.8,4035
2025-06-10,Sebrae Nacional - Debrito Brasília,151,tiktok,sbrae_2025_psmn,psmn,"2025_6_BR_TRAF_CPC_MULHERES DE 25 A 45 ANOS; INTERESSES EM EMPREENDEDORISMO, PEQUENOS NEGÓCIOS E MEI; COMPORTAMENTO VOLTADO A ENGAJAMENTO COM PERFIS DE NEGÓCIOS E INFLUENCIADORES DE GESTÃO",2025_6_BR_VÍDEO_GABI BAILAS_ACAO_SBRAE_2025_PSMN0294,Tráfego,Espírito Santo,16679,"54,6",2292,578,"2025-06-10-PSMN-16679-54,6-2292",19369,4.8,4035
2025-06-10,Sebrae Nacional - Debrito Brasília,151,tiktok,sbrae_2025_psmn,psmn,"2025_6_BR_TRAF_CPC_MULHERES DE 25 A 45 ANOS; INTERESSES EM EMPREENDEDORISMO, PEQUENOS NEGÓCIOS E MEI; COMPORTAMENTO VOLTADO A ENGAJAMENTO COM PERFIS DE NEGÓCIOS E INFLUENCIADORES DE GESTÃO",2025_6_BR_VÍDEO_GABI BAILAS_ACAO_SBRAE_2025_PSMN0294,Tráfego,Goiás,17884,"57,76",2595,765,"2025-06-10-PSMN-17884-57,76-2595",19369,4.8,4035
2025-06-10,Sebrae Nacional - Debrito Brasília,151,tiktok,sbrae_2025_psmn,psmn,"2025_6_BR_TRAF_CPC_MULHERES DE 25 A 45 ANOS; INTERESSES EM EMPREENDEDORISMO, PEQUENOS NEGÓCIOS E MEI; COMPORTAMENTO VOLTADO A ENGAJAMENTO COM PERFIS DE NEGÓCIOS E INFLUENCIADORES DE GESTÃO",2025_6_BR_VÍDEO_GABI BAILAS_ACAO_SBRAE_2025_PSMN0294,Tráfego,Maranhão,20376,"75,99",3327,876,"2025-06-10-PSMN-20376-75,99-3327",19369,4.8,4035
2025-06-10,Sebrae Nacional - Debrito Brasília,151,tiktok,sbrae_2025_psmn,psmn,"2025_6_BR_TRAF_CPC_MULHERES DE 25 A 45 ANOS; INTERESSES EM EMPREENDEDORISMO, PEQUENOS NEGÓCIOS E MEI; COMPORTAMENTO VOLTADO A ENGAJAMENTO COM PERFIS DE NEGÓCIOS E INFLUENCIADORES DE GESTÃO",2025_6_BR_VÍDEO_GABI BAILAS_ACAO_SBRAE_2025_PSMN0294,Tráfego,Mato Grosso,11625,"35,43",1585,391,"2025-06-10-PSMN-11625-35,43-1585",19369,4.8,4035
2025-06-10,Sebrae Nacional - Debrito Brasília,151,tiktok,sbrae_2025_psmn,psmn,"2025_6_BR_TRAF_CPC_MULHERES DE 25 A 45 ANOS; INTERESSES EM EMPREENDEDORISMO, PEQUENOS NEGÓCIOS E MEI; COMPORTAMENTO VOLTADO A ENGAJAMENTO COM PERFIS DE NEGÓCIOS E INFLUENCIADORES DE GESTÃO",2025_6_BR_VÍDEO_GABI BAILAS_ACAO_SBRAE_2025_PSMN0294,Tráfego,Mato Grosso do Sul,8488,"26,13",1174,366,"2025-06-10-PSMN-8488-26,13-1174",19369,4.8,4035
2025-06-10,Sebrae Nacional - Debrito Brasília,151,tiktok,sbrae_2025_psmn,psmn,"2025_6_BR_TRAF_CPC_MULHERES DE 25 A 45 ANOS; INTERESSES EM EMPREENDEDORISMO, PEQUENOS NEGÓCIOS E MEI; COMPORTAMENTO VOLTADO A ENGAJAMENTO COM PERFIS DE NEGÓCIOS E INFLUENCIADORES DE GESTÃO",2025_6_BR_VÍDEO_GABI BAILAS_ACAO_SBRAE_2025_PSMN0294,Tráfego,Minas Gerais,57432,"231,56",9168,2819,"2025-06-10-PSMN-57432-231,56-9168",19369,4.8,4035
2025-06-10,Sebrae Nacional - Debrito Brasília,151,tiktok,sbrae_2025_psmn,psmn,"2025_6_BR_TRAF_CPC_MULHERES DE 25 A 45 ANOS; INTERESSES EM EMPREENDEDORISMO, PEQUENOS NEGÓCIOS E MEI; COMPORTAMENTO VOLTADO A ENGAJAMENTO COM PERFIS DE NEGÓCIOS E INFLUENCIADORES DE GESTÃO",2025_6_BR_VÍDEO_GABI BAILAS_ACAO_SBRAE_2025_PSMN0294,Tráfego,Pará,23278,"85,86",3692,1094,"2025-06-10-PSMN-23278-85,86-3692",19369,4.8,4035
2025-06-10,Sebrae Nacional - Debrito Brasília,151,tiktok,sbrae_2025_psmn,psmn,"2025_6_BR_TRAF_CPC_MULHERES DE 25 A 45 ANOS; INTERESSES EM EMPREENDEDORISMO, PEQUENOS NEGÓCIOS E MEI; COMPORTAMENTO VOLTADO A ENGAJAMENTO COM PERFIS DE NEGÓCIOS E INFLUENCIADORES DE GESTÃO",2025_6_BR_VÍDEO_GABI BAILAS_ACAO_SBRAE_2025_PSMN0294,Tráfego,Paraíba,15132,"55,2",2234,615,"2025-06-10-PSMN-15132-55,2-2234",19369,4.8,4035
2025-06-10,Sebrae Nacional - Debrito Brasília,151,tiktok,sbrae_2025_psmn,psmn,"2025_6_BR_TRAF_CPC_MULHERES DE 25 A 45 ANOS; INTERESSES EM EMPREENDEDORISMO, PEQUENOS NEGÓCIOS E MEI; COMPORTAMENTO VOLTADO A ENGAJAMENTO COM PERFIS DE NEGÓCIOS E INFLUENCIADORES DE GESTÃO",2025_6_BR_VÍDEO_GABI BAILAS_ACAO_SBRAE_2025_PSMN0294,Tráfego,Paraná,27062,"87,56",3754,1099,"2025-06-10-PSMN-27062-87,56-3754",19369,4.8,4035
2025-06-10,Sebrae Nacional - Debrito Brasília,151,tiktok,sbrae_2025_psmn,psmn,"2025_6_BR_TRAF_CPC_MULHERES DE 25 A 45 ANOS; INTERESSES EM EMPREENDEDORISMO, PEQUENOS NEGÓCIOS E MEI; COMPORTAMENTO VOLTADO A ENGAJAMENTO COM PERFIS DE NEGÓCIOS E INFLUENCIADORES DE GESTÃO",2025_6_BR_VÍDEO_GABI BAILAS_ACAO_SBRAE_2025_PSMN0294,Tráfego,Pernambuco,38790,"135,73",5647,1637,"2025-06-10-PSMN-38790-135,73-5647",19369,4.8,4035
2025-06-10,Sebrae Nacional - Debrito Brasília,151,tiktok,sbrae_2025_psmn,psmn,"2025_6_BR_TRAF_CPC_MULHERES DE 25 A 45 ANOS; INTERESSES EM EMPREENDEDORISMO, PEQUENOS NEGÓCIOS E MEI; COMPORTAMENTO VOLTADO A ENGAJAMENTO COM PERFIS DE NEGÓCIOS E INFLUENCIADORES DE GESTÃO",2025_6_BR_VÍDEO_GABI BAILAS_ACAO_SBRAE_2025_PSMN0294,Tráfego,Piauí,8606,"30,91",1430,422,"2025-06-10-PSMN-8606-30,91-1430",19369,4.8,4035
2025-06-10,Sebrae Nacional - Debrito Brasília,151,tiktok,sbrae_2025_psmn,psmn,"2025_6_BR_TRAF_CPC_MULHERES DE 25 A 45 ANOS; INTERESSES EM EMPREENDEDORISMO, PEQUENOS NEGÓCIOS E MEI; COMPORTAMENTO VOLTADO A ENGAJAMENTO COM PERFIS DE NEGÓCIOS E INFLUENCIADORES DE GESTÃO",2025_6_BR_VÍDEO_GABI BAILAS_ACAO_SBRAE_2025_PSMN0294,Tráfego,Rio Grande do Norte,11085,"40,64",1757,567,"2025-06-10-PSMN-11085-40,64-1757",19369,4.8,4035
2025-06-10,Sebrae Nacional - Debrito Brasília,151,tiktok,sbrae_2025_psmn,psmn,"2025_6_BR_TRAF_CPC_MULHERES DE 25 A 45 ANOS; INTERESSES EM EMPREENDEDORISMO, PEQUENOS NEGÓCIOS E MEI; COMPORTAMENTO VOLTADO A ENGAJAMENTO COM PERFIS DE NEGÓCIOS E INFLUENCIADORES DE GESTÃO",2025_6_BR_VÍDEO_GABI BAILAS_ACAO_SBRAE_2025_PSMN0294,Tráfego,Rio Grande do Sul,19309,"56,81",2530,793,"2025-06-10-PSMN-19309-56,81-2530",19369,4.8,4035
2025-06-10,Sebrae Nacional - Debrito Brasília,151,tiktok,sbrae_2025_psmn,psmn,"2025_6_BR_TRAF_CPC_MULHERES DE 25 A 45 ANOS; INTERESSES EM EMPREENDEDORISMO, PEQUENOS NEGÓCIOS E MEI; COMPORTAMENTO VOLTADO A ENGAJAMENTO COM PERFIS DE NEGÓCIOS E INFLUENCIADORES DE GESTÃO",2025_6_BR_VÍDEO_GABI BAILAS_ACAO_SBRAE_2025_PSMN0294,Tráfego,Rio de Janeiro,81785,"317,22",12080,3459,"2025-06-10-PSMN-81785-317,22-12080",19369,4.8,4035
2025-06-10,Sebrae Nacional - Debrito Brasília,151,tiktok,sbrae_2025_psmn,psmn,"2025_6_BR_TRAF_CPC_MULHERES DE 25 A 45 ANOS; INTERESSES EM EMPREENDEDORISMO, PEQUENOS NEGÓCIOS E MEI; COMPORTAMENTO VOLTADO A ENGAJAMENTO COM PERFIS DE NEGÓCIOS E INFLUENCIADORES DE GESTÃO",2025_6_BR_VÍDEO_GABI BAILAS_ACAO_SBRAE_2025_PSMN0294,Tráfego,Rondônia,4056,"12,28",558,159,"2025-06-10-PSMN-4056-12,28-558",19369,4.8,4035
2025-06-10,Sebrae Nacional - Debrito Brasília,151,tiktok,sbrae_2025_psmn,psmn,"2025_6_BR_TRAF_CPC_MULHERES DE 25 A 45 ANOS; INTERESSES EM EMPREENDEDORISMO, PEQUENOS NEGÓCIOS E MEI; COMPORTAMENTO VOLTADO A ENGAJAMENTO COM PERFIS DE NEGÓCIOS E INFLUENCIADORES DE GESTÃO",2025_6_BR_VÍDEO_GABI BAILAS_ACAO_SBRAE_2025_PSMN0294,Tráfego,Roraima,1036,"3,58",204,76,"2025-06-10-PSMN-1036-3,58-204",19369,4.8,4035
2025-06-10,Sebrae Nacional - Debrito Brasília,151,tiktok,sbrae_2025_psmn,psmn,"2025_6_BR_TRAF_CPC_MULHERES DE 25 A 45 ANOS; INTERESSES EM EMPREENDEDORISMO, PEQUENOS NEGÓCIOS E MEI; COMPORTAMENTO VOLTADO A ENGAJAMENTO COM PERFIS DE NEGÓCIOS E INFLUENCIADORES DE GESTÃO",2025_6_BR_VÍDEO_GABI BAILAS_ACAO_SBRAE_2025_PSMN0294,Tráfego,Santa Catarina,12956,"44,06",1753,571,"2025-06-10-PSMN-12956-44,06-1753",19369,4.8,4035
2025-06-10,Sebrae Nacional - Debrito Brasília,151,tiktok,sbrae_2025_psmn,psmn,"2025_6_BR_TRAF_CPC_MULHERES DE 25 A 45 ANOS; INTERESSES EM EMPREENDEDORISMO, PEQUENOS NEGÓCIOS E MEI; COMPORTAMENTO VOLTADO A ENGAJAMENTO COM PERFIS DE NEGÓCIOS E INFLUENCIADORES DE GESTÃO",2025_6_BR_VÍDEO_GABI BAILAS_ACAO_SBRAE_2025_PSMN0294,Tráfego,São Paulo,104708,"369,66",14180,4594,"2025-06-10-PSMN-104708-369,66-14180",19369,4.8,4035
2025-06-10,Sebrae Nacional - Debrito Brasília,151,tiktok,sbrae_2025_psmn,psmn,"2025_6_BR_TRAF_CPC_MULHERES DE 25 A 45 ANOS; INTERESSES EM EMPREENDEDORISMO, PEQUENOS NEGÓCIOS E MEI; COMPORTAMENTO VOLTADO A ENGAJAMENTO COM PERFIS DE NEGÓCIOS E INFLUENCIADORES DE GESTÃO",2025_6_BR_VÍDEO_GABI BAILAS_ACAO_SBRAE_2025_PSMN0294,Tráfego,Sergipe,8128,"31,07",1244,345,"2025-06-10-PSMN-8128-31,07-1244",19369,4.8,4035
2025-06-10,Sebrae Nacional - Debrito Brasília,151,tiktok,sbrae_2025_psmn,psmn,"2025_6_BR_TRAF_CPC_MULHERES DE 25 A 45 ANOS; INTERESSES EM EMPREENDEDORISMO, PEQUENOS NEGÓCIOS E MEI; COMPORTAMENTO VOLTADO A ENGAJAMENTO COM PERFIS DE NEGÓCIOS E INFLUENCIADORES DE GESTÃO",2025_6_BR_VÍDEO_GABI BAILAS_ACAO_SBRAE_2025_PSMN0294,Tráfego,Tocantins,4196,"13,49",604,177,"2025-06-10-PSMN-4196-13,49-604",19369,4.8,4035
2025-06-11,Sebrae Nacional - Debrito Brasília,151,tiktok,sbrae_2025_psmn,psmn,"2025_6_BR_TRAF_CPC_MULHERES DE 25 A 45 ANOS; INTERESSES EM EMPREENDEDORISMO, PEQUENOS NEGÓCIOS E MEI; COMPORTAMENTO VOLTADO A ENGAJAMENTO COM PERFIS DE NEGÓCIOS E INFLUENCIADORES DE GESTÃO",2025_6_BR_VÍDEO_GABI BAILAS_ACAO_SBRAE_2025_PSMN0294,Tráfego,Não identificado,1378,"6,72",324,101,"2025-06-11-PSMN-1378-6,72-324",19369,4.8,4035
2025-06-11,Sebrae Nacional - Debrito Brasília,151,tiktok,sbrae_2025_psmn,psmn,"2025_6_BR_TRAF_CPC_MULHERES DE 25 A 45 ANOS; INTERESSES EM EMPREENDEDORISMO, PEQUENOS NEGÓCIOS E MEI; COMPORTAMENTO VOLTADO A ENGAJAMENTO COM PERFIS DE NEGÓCIOS E INFLUENCIADORES DE GESTÃO",2025_6_BR_VÍDEO_GABI BAILAS_ACAO_SBRAE_2025_PSMN0294,Tráfego,Acre,2000,"8,71",367,74,"2025-06-11-PSMN-2000-8,71-367",19369,4.8,4035
2025-06-11,Sebrae Nacional - Debrito Brasília,151,tiktok,sbrae_2025_psmn,psmn,"2025_6_BR_TRAF_CPC_MULHERES DE 25 A 45 ANOS; INTERESSES EM EMPREENDEDORISMO, PEQUENOS NEGÓCIOS E MEI; COMPORTAMENTO VOLTADO A ENGAJAMENTO COM PERFIS DE NEGÓCIOS E INFLUENCIADORES DE GESTÃO",2025_6_BR_VÍDEO_GABI BAILAS_ACAO_SBRAE_2025_PSMN0294,Tráfego,Alagoas,10098,"39,25",1609,383,"2025-06-11-PSMN-10098-39,25-1609",19369,4.8,4035
2025-06-11,Sebrae Nacional - Debrito Brasília,151,tiktok,sbrae_2025_psmn,psmn,"2025_6_BR_TRAF_CPC_MULHERES DE 25 A 45 ANOS; INTERESSES EM EMPREENDEDORISMO, PEQUENOS NEGÓCIOS E MEI; COMPORTAMENTO VOLTADO A ENGAJAMENTO COM PERFIS DE NEGÓCIOS E INFLUENCIADORES DE GESTÃO",2025_6_BR_VÍDEO_GABI BAILAS_ACAO_SBRAE_2025_PSMN0294,Tráfego,Amapá,1237,"4,84",215,59,"2025-06-11-PSMN-1237-4,84-215",19369,4.8,4035
2025-06-11,Sebrae Nacional - Debrito Brasília,151,tiktok,sbrae_2025_psmn,psmn,"2025_6_BR_TRAF_CPC_MULHERES DE 25 A 45 ANOS; INTERESSES EM EMPREENDEDORISMO, PEQUENOS NEGÓCIOS E MEI; COMPORTAMENTO VOLTADO A ENGAJAMENTO COM PERFIS DE NEGÓCIOS E INFLUENCIADORES DE GESTÃO",2025_6_BR_VÍDEO_GABI BAILAS_ACAO_SBRAE_2025_PSMN0294,Tráfego,Amazonas,6494,"30,59",1213,371,"2025-06-11-PSMN-6494-30,59-1213",19369,4.8,4035
2025-06-11,Sebrae Nacional - Debrito Brasília,151,tiktok,sbrae_2025_psmn,psmn,"2025_6_BR_TRAF_CPC_MULHERES DE 25 A 45 ANOS; INTERESSES EM EMPREENDEDORISMO, PEQUENOS NEGÓCIOS E MEI; COMPORTAMENTO VOLTADO A ENGAJAMENTO COM PERFIS DE NEGÓCIOS E INFLUENCIADORES DE GESTÃO",2025_6_BR_VÍDEO_GABI BAILAS_ACAO_SBRAE_2025_PSMN0294,Tráfego,Bahia,47258,"205,53",7808,2438,"2025-06-11-PSMN-47258-205,53-7808",19369,4.8,4035
2025-06-11,Sebrae Nacional - Debrito Brasília,151,tiktok,sbrae_2025_psmn,psmn,"2025_6_BR_TRAF_CPC_MULHERES DE 25 A 45 ANOS; INTERESSES EM EMPREENDEDORISMO, PEQUENOS NEGÓCIOS E MEI; COMPORTAMENTO VOLTADO A ENGAJAMENTO COM PERFIS DE NEGÓCIOS E INFLUENCIADORES DE GESTÃO",2025_6_BR_VÍDEO_GABI BAILAS_ACAO_SBRAE_2025_PSMN0294,Tráfego,Ceará,24726,"113,91",4318,1389,"2025-06-11-PSMN-24726-113,91-4318",19369,4.8,4035
2025-06-11,Sebrae Nacional - Debrito Brasília,151,tiktok,sbrae_2025_psmn,psmn,"2025_6_BR_TRAF_CPC_MULHERES DE 25 A 45 ANOS; INTERESSES EM EMPREENDEDORISMO, PEQUENOS NEGÓCIOS E MEI; COMPORTAMENTO VOLTADO A ENGAJAMENTO COM PERFIS DE NEGÓCIOS E INFLUENCIADORES DE GESTÃO",2025_6_BR_VÍDEO_GABI BAILAS_ACAO_SBRAE_2025_PSMN0294,Tráfego,Distrito Federal,10177,"39,69",1538,435,"2025-06-11-PSMN-10177-39,69-1538",19369,4.8,4035
2025-06-11,Sebrae Nacional - Debrito Brasília,151,tiktok,sbrae_2025_psmn,psmn,"2025_6_BR_TRAF_CPC_MULHERES DE 25 A 45 ANOS; INTERESSES EM EMPREENDEDORISMO, PEQUENOS NEGÓCIOS E MEI; COMPORTAMENTO VOLTADO A ENGAJAMENTO COM PERFIS DE NEGÓCIOS E INFLUENCIADORES DE GESTÃO",2025_6_BR_VÍDEO_GABI BAILAS_ACAO_SBRAE_2025_PSMN0294,Tráfego,Espírito Santo,13592,"50,98",2011,500,"2025-06-11-PSMN-13592-50,98-2011",19369,4.8,4035
2025-06-11,Sebrae Nacional - Debrito Brasília,151,tiktok,sbrae_2025_psmn,psmn,"2025_6_BR_TRAF_CPC_MULHERES DE 25 A 45 ANOS; INTERESSES EM EMPREENDEDORISMO, PEQUENOS NEGÓCIOS E MEI; COMPORTAMENTO VOLTADO A ENGAJAMENTO COM PERFIS DE NEGÓCIOS E INFLUENCIADORES DE GESTÃO",2025_6_BR_VÍDEO_GABI BAILAS_ACAO_SBRAE_2025_PSMN0294,Tráfego,Goiás,17343,"64,37",2591,786,"2025-06-11-PSMN-17343-64,37-2591",19369,4.8,4035
2025-06-11,Sebrae Nacional - Debrito Brasília,151,tiktok,sbrae_2025_psmn,psmn,"2025_6_BR_TRAF_CPC_MULHERES DE 25 A 45 ANOS; INTERESSES EM EMPREENDEDORISMO, PEQUENOS NEGÓCIOS E MEI; COMPORTAMENTO VOLTADO A ENGAJAMENTO COM PERFIS DE NEGÓCIOS E INFLUENCIADORES DE GESTÃO",2025_6_BR_VÍDEO_GABI BAILAS_ACAO_SBRAE_2025_PSMN0294,Tráfego,Maranhão,16348,"74,54",2888,780,"2025-06-11-PSMN-16348-74,54-2888",19369,4.8,4035
2025-06-11,Sebrae Nacional - Debrito Brasília,151,tiktok,sbrae_2025_psmn,psmn,"2025_6_BR_TRAF_CPC_MULHERES DE 25 A 45 ANOS; INTERESSES EM EMPREENDEDORISMO, PEQUENOS NEGÓCIOS E MEI; COMPORTAMENTO VOLTADO A ENGAJAMENTO COM PERFIS DE NEGÓCIOS E INFLUENCIADORES DE GESTÃO",2025_6_BR_VÍDEO_GABI BAILAS_ACAO_SBRAE_2025_PSMN0294,Tráfego,Mato Grosso,9883,"38,71",1449,436,"2025-06-11-PSMN-9883-38,71-1449",19369,4.8,4035
2025-06-11,Sebrae Nacional - Debrito Brasília,151,tiktok,sbrae_2025_psmn,psmn,"2025_6_BR_TRAF_CPC_MULHERES DE 25 A 45 ANOS; INTERESSES EM EMPREENDEDORISMO, PEQUENOS NEGÓCIOS E MEI; COMPORTAMENTO VOLTADO A ENGAJAMENTO COM PERFIS DE NEGÓCIOS E INFLUENCIADORES DE GESTÃO",2025_6_BR_VÍDEO_GABI BAILAS_ACAO_SBRAE_2025_PSMN0294,Tráfego,Mato Grosso do Sul,8368,"30,7",1189,362,"2025-06-11-PSMN-8368-30,7-1189",19369,4.8,4035
2025-06-11,Sebrae Nacional - Debrito Brasília,151,tiktok,sbrae_2025_psmn,psmn,"2025_6_BR_TRAF_CPC_MULHERES DE 25 A 45 ANOS; INTERESSES EM EMPREENDEDORISMO, PEQUENOS NEGÓCIOS E MEI; COMPORTAMENTO VOLTADO A ENGAJAMENTO COM PERFIS DE NEGÓCIOS E INFLUENCIADORES DE GESTÃO",2025_6_BR_VÍDEO_GABI BAILAS_ACAO_SBRAE_2025_PSMN0294,Tráfego,Minas Gerais,52976,"244,64",9011,2972,"2025-06-11-PSMN-52976-244,64-9011",19369,4.8,4035
2025-06-11,Sebrae Nacional - Debrito Brasília,151,tiktok,sbrae_2025_psmn,psmn,"2025_6_BR_TRAF_CPC_MULHERES DE 25 A 45 ANOS; INTERESSES EM EMPREENDEDORISMO, PEQUENOS NEGÓCIOS E MEI; COMPORTAMENTO VOLTADO A ENGAJAMENTO COM PERFIS DE NEGÓCIOS E INFLUENCIADORES DE GESTÃO",2025_6_BR_VÍDEO_GABI BAILAS_ACAO_SBRAE_2025_PSMN0294,Tráfego,Pará,20602,"88,78",3669,1032,"2025-06-11-PSMN-20602-88,78-3669",19369,4.8,4035
2025-06-11,Sebrae Nacional - Debrito Brasília,151,tiktok,sbrae_2025_psmn,psmn,"2025_6_BR_TRAF_CPC_MULHERES DE 25 A 45 ANOS; INTERESSES EM EMPREENDEDORISMO, PEQUENOS NEGÓCIOS E MEI; COMPORTAMENTO VOLTADO A ENGAJAMENTO COM PERFIS DE NEGÓCIOS E INFLUENCIADORES DE GESTÃO",2025_6_BR_VÍDEO_GABI BAILAS_ACAO_SBRAE_2025_PSMN0294,Tráfego,Paraíba,13866,"52,4",2093,567,"2025-06-11-PSMN-13866-52,4-2093",19369,4.8,4035
2025-06-11,Sebrae Nacional - Debrito Brasília,151,tiktok,sbrae_2025_psmn,psmn,"2025_6_BR_TRAF_CPC_MULHERES DE 25 A 45 ANOS; INTERESSES EM EMPREENDEDORISMO, PEQUENOS NEGÓCIOS E MEI; COMPORTAMENTO VOLTADO A ENGAJAMENTO COM PERFIS DE NEGÓCIOS E INFLUENCIADORES DE GESTÃO",2025_6_BR_VÍDEO_GABI BAILAS_ACAO_SBRAE_2025_PSMN0294,Tráfego,Paraná,20691,"87,62",3303,1057,"2025-06-11-PSMN-20691-87,62-3303",19369,4.8,4035
2025-06-11,Sebrae Nacional - Debrito Brasília,151,tiktok,sbrae_2025_psmn,psmn,"2025_6_BR_TRAF_CPC_MULHERES DE 25 A 45 ANOS; INTERESSES EM EMPREENDEDORISMO, PEQUENOS NEGÓCIOS E MEI; COMPORTAMENTO VOLTADO A ENGAJAMENTO COM PERFIS DE NEGÓCIOS E INFLUENCIADORES DE GESTÃO",2025_6_BR_VÍDEO_GABI BAILAS_ACAO_SBRAE_2025_PSMN0294,Tráfego,Pernambuco,30990,"125,54",4866,1474,"2025-06-11-PSMN-30990-125,54-4866",19369,4.8,4035
2025-06-11,Sebrae Nacional - Debrito Brasília,151,tiktok,sbrae_2025_psmn,psmn,"2025_6_BR_TRAF_CPC_MULHERES DE 25 A 45 ANOS; INTERESSES EM EMPREENDEDORISMO, PEQUENOS NEGÓCIOS E MEI; COMPORTAMENTO VOLTADO A ENGAJAMENTO COM PERFIS DE NEGÓCIOS E INFLUENCIADORES DE GESTÃO",2025_6_BR_VÍDEO_GABI BAILAS_ACAO_SBRAE_2025_PSMN0294,Tráfego,Piauí,8892,"35,99",1420,404,"2025-06-11-PSMN-8892-35,99-1420",19369,4.8,4035
2025-06-11,Sebrae Nacional - Debrito Brasília,151,tiktok,sbrae_2025_psmn,psmn,"2025_6_BR_TRAF_CPC_MULHERES DE 25 A 45 ANOS; INTERESSES EM EMPREENDEDORISMO, PEQUENOS NEGÓCIOS E MEI; COMPORTAMENTO VOLTADO A ENGAJAMENTO COM PERFIS DE NEGÓCIOS E INFLUENCIADORES DE GESTÃO",2025_6_BR_VÍDEO_GABI BAILAS_ACAO_SBRAE_2025_PSMN0294,Tráfego,Rio Grande do Norte,9463,"39,86",1575,442,"2025-06-11-PSMN-9463-39,86-1575",19369,4.8,4035
2025-06-11,Sebrae Nacional - Debrito Brasília,151,tiktok,sbrae_2025_psmn,psmn,"2025_6_BR_TRAF_CPC_MULHERES DE 25 A 45 ANOS; INTERESSES EM EMPREENDEDORISMO, PEQUENOS NEGÓCIOS E MEI; COMPORTAMENTO VOLTADO A ENGAJAMENTO COM PERFIS DE NEGÓCIOS E INFLUENCIADORES DE GESTÃO",2025_6_BR_VÍDEO_GABI BAILAS_ACAO_SBRAE_2025_PSMN0294,Tráfego,Rio Grande do Sul,16054,"61,8",2408,888,"2025-06-11-PSMN-16054-61,8-2408",19369,4.8,4035
2025-06-11,Sebrae Nacional - Debrito Brasília,151,tiktok,sbrae_2025_psmn,psmn,"2025_6_BR_TRAF_CPC_MULHERES DE 25 A 45 ANOS; INTERESSES EM EMPREENDEDORISMO, PEQUENOS NEGÓCIOS E MEI; COMPORTAMENTO VOLTADO A ENGAJAMENTO COM PERFIS DE NEGÓCIOS E INFLUENCIADORES DE GESTÃO",2025_6_BR_VÍDEO_GABI BAILAS_ACAO_SBRAE_2025_PSMN0294,Tráfego,Rio de Janeiro,76078,"290,65",10790,3350,"2025-06-11-PSMN-76078-290,65-10790",19369,4.8,4035
2025-06-11,Sebrae Nacional - Debrito Brasília,151,tiktok,sbrae_2025_psmn,psmn,"2025_6_BR_TRAF_CPC_MULHERES DE 25 A 45 ANOS; INTERESSES EM EMPREENDEDORISMO, PEQUENOS NEGÓCIOS E MEI; COMPORTAMENTO VOLTADO A ENGAJAMENTO COM PERFIS DE NEGÓCIOS E INFLUENCIADORES DE GESTÃO",2025_6_BR_VÍDEO_GABI BAILAS_ACAO_SBRAE_2025_PSMN0294,Tráfego,Rondônia,3395,"14,8",567,144,"2025-06-11-PSMN-3395-14,8-567",19369,4.8,4035
2025-06-11,Sebrae Nacional - Debrito Brasília,151,tiktok,sbrae_2025_psmn,psmn,"2025_6_BR_TRAF_CPC_MULHERES DE 25 A 45 ANOS; INTERESSES EM EMPREENDEDORISMO, PEQUENOS NEGÓCIOS E MEI; COMPORTAMENTO VOLTADO A ENGAJAMENTO COM PERFIS DE NEGÓCIOS E INFLUENCIADORES DE GESTÃO",2025_6_BR_VÍDEO_GABI BAILAS_ACAO_SBRAE_2025_PSMN0294,Tráfego,Roraima,1431,"5,99",255,71,"2025-06-11-PSMN-1431-5,99-255",19369,4.8,4035
2025-06-11,Sebrae Nacional - Debrito Brasília,151,tiktok,sbrae_2025_psmn,psmn,"2025_6_BR_TRAF_CPC_MULHERES DE 25 A 45 ANOS; INTERESSES EM EMPREENDEDORISMO, PEQUENOS NEGÓCIOS E MEI; COMPORTAMENTO VOLTADO A ENGAJAMENTO COM PERFIS DE NEGÓCIOS E INFLUENCIADORES DE GESTÃO",2025_6_BR_VÍDEO_GABI BAILAS_ACAO_SBRAE_2025_PSMN0294,Tráfego,Santa Catarina,14189,"53,57",1985,695,"2025-06-11-PSMN-14189-53,57-1985",19369,4.8,4035
2025-06-11,Sebrae Nacional - Debrito Brasília,151,tiktok,sbrae_2025_psmn,psmn,"2025_6_BR_TRAF_CPC_MULHERES DE 25 A 45 ANOS; INTERESSES EM EMPREENDEDORISMO, PEQUENOS NEGÓCIOS E MEI; COMPORTAMENTO VOLTADO A ENGAJAMENTO COM PERFIS DE NEGÓCIOS E INFLUENCIADORES DE GESTÃO",2025_6_BR_VÍDEO_GABI BAILAS_ACAO_SBRAE_2025_PSMN0294,Tráfego,São Paulo,97550,"393,78",13874,4959,"2025-06-11-PSMN-97550-393,78-13874",19369,4.8,4035
2025-06-11,Sebrae Nacional - Debrito Brasília,151,tiktok,sbrae_2025_psmn,psmn,"2025_6_BR_TRAF_CPC_MULHERES DE 25 A 45 ANOS; INTERESSES EM EMPREENDEDORISMO, PEQUENOS NEGÓCIOS E MEI; COMPORTAMENTO VOLTADO A ENGAJAMENTO COM PERFIS DE NEGÓCIOS E INFLUENCIADORES DE GESTÃO",2025_6_BR_VÍDEO_GABI BAILAS_ACAO_SBRAE_2025_PSMN0294,Tráfego,Sergipe,7600,"31,89",1259,389,"2025-06-11-PSMN-7600-31,89-1259",19369,4.8,4035
2025-06-11,Sebrae Nacional - Debrito Brasília,151,tiktok,sbrae_2025_psmn,psmn,"2025_6_BR_TRAF_CPC_MULHERES DE 25 A 45 ANOS; INTERESSES EM EMPREENDEDORISMO, PEQUENOS NEGÓCIOS E MEI; COMPORTAMENTO VOLTADO A ENGAJAMENTO COM PERFIS DE NEGÓCIOS E INFLUENCIADORES DE GESTÃO",2025_6_BR_VÍDEO_GABI BAILAS_ACAO_SBRAE_2025_PSMN0294,Tráfego,Tocantins,3450,"15,72",638,186,"2025-06-11-PSMN-3450-15,72-638",19369,4.8,4035
2025-06-12,Sebrae Nacional - Debrito Brasília,151,tiktok,sbrae_2025_psmn,psmn,"2025_6_BR_TRAF_CPC_MULHERES DE 25 A 45 ANOS; INTERESSES EM EMPREENDEDORISMO, PEQUENOS NEGÓCIOS E MEI; COMPORTAMENTO VOLTADO A ENGAJAMENTO COM PERFIS DE NEGÓCIOS E INFLUENCIADORES DE GESTÃO",2025_6_BR_VÍDEO_GABI BAILAS_ACAO_SBRAE_2025_PSMN0294,Tráfego,Não identificado,2069,10,422,126,2025-06-12-PSMN-2069-10-422,19369,4.8,4035
2025-06-12,Sebrae Nacional - Debrito Brasília,151,tiktok,sbrae_2025_psmn,psmn,"2025_6_BR_TRAF_CPC_MULHERES DE 25 A 45 ANOS; INTERESSES EM EMPREENDEDORISMO, PEQUENOS NEGÓCIOS E MEI; COMPORTAMENTO VOLTADO A ENGAJAMENTO COM PERFIS DE NEGÓCIOS E INFLUENCIADORES DE GESTÃO",2025_6_BR_VÍDEO_GABI BAILAS_ACAO_SBRAE_2025_PSMN0294,Tráfego,Acre,2521,"10,5",426,107,"2025-06-12-PSMN-2521-10,5-426",19369,4.8,4035
2025-06-12,Sebrae Nacional - Debrito Brasília,151,tiktok,sbrae_2025_psmn,psmn,"2025_6_BR_TRAF_CPC_MULHERES DE 25 A 45 ANOS; INTERESSES EM EMPREENDEDORISMO, PEQUENOS NEGÓCIOS E MEI; COMPORTAMENTO VOLTADO A ENGAJAMENTO COM PERFIS DE NEGÓCIOS E INFLUENCIADORES DE GESTÃO",2025_6_BR_VÍDEO_GABI BAILAS_ACAO_SBRAE_2025_PSMN0294,Tráfego,Alagoas,10981,"40,46",1667,486,"2025-06-12-PSMN-10981-40,46-1667",19369,4.8,4035
2025-06-12,Sebrae Nacional - Debrito Brasília,151,tiktok,sbrae_2025_psmn,psmn,"2025_6_BR_TRAF_CPC_MULHERES DE 25 A 45 ANOS; INTERESSES EM EMPREENDEDORISMO, PEQUENOS NEGÓCIOS E MEI; COMPORTAMENTO VOLTADO A ENGAJAMENTO COM PERFIS DE NEGÓCIOS E INFLUENCIADORES DE GESTÃO",2025_6_BR_VÍDEO_GABI BAILAS_ACAO_SBRAE_2025_PSMN0294,Tráfego,Amapá,1775,"7,14",267,71,"2025-06-12-PSMN-1775-7,14-267",19369,4.8,4035
2025-06-12,Sebrae Nacional - Debrito Brasília,151,tiktok,sbrae_2025_psmn,psmn,"2025_6_BR_TRAF_CPC_MULHERES DE 25 A 45 ANOS; INTERESSES EM EMPREENDEDORISMO, PEQUENOS NEGÓCIOS E MEI; COMPORTAMENTO VOLTADO A ENGAJAMENTO COM PERFIS DE NEGÓCIOS E INFLUENCIADORES DE GESTÃO",2025_6_BR_VÍDEO_GABI BAILAS_ACAO_SBRAE_2025_PSMN0294,Tráfego,Amazonas,10169,"41,74",1751,504,"2025-06-12-PSMN-10169-41,74-1751",19369,4.8,4035
2025-06-12,Sebrae Nacional - Debrito Brasília,151,tiktok,sbrae_2025_psmn,psmn,"2025_6_BR_TRAF_CPC_MULHERES DE 25 A 45 ANOS; INTERESSES EM EMPREENDEDORISMO, PEQUENOS NEGÓCIOS E MEI; COMPORTAMENTO VOLTADO A ENGAJAMENTO COM PERFIS DE NEGÓCIOS E INFLUENCIADORES DE GESTÃO",2025_6_BR_VÍDEO_GABI BAILAS_ACAO_SBRAE_2025_PSMN0294,Tráfego,Bahia,52906,"221,81",8720,2737,"2025-06-12-PSMN-52906-221,81-8720",19369,4.8,4035
2025-06-12,Sebrae Nacional - Debrito Brasília,151,tiktok,sbrae_2025_psmn,psmn,"2025_6_BR_TRAF_CPC_MULHERES DE 25 A 45 ANOS; INTERESSES EM EMPREENDEDORISMO, PEQUENOS NEGÓCIOS E MEI; COMPORTAMENTO VOLTADO A ENGAJAMENTO COM PERFIS DE NEGÓCIOS E INFLUENCIADORES DE GESTÃO",2025_6_BR_VÍDEO_GABI BAILAS_ACAO_SBRAE_2025_PSMN0294,Tráfego,Ceará,22178,"99,77",3689,1247,"2025-06-12-PSMN-22178-99,77-3689",19369,4.8,4035
2025-06-12,Sebrae Nacional - Debrito Brasília,151,tiktok,sbrae_2025_psmn,psmn,"2025_6_BR_TRAF_CPC_MULHERES DE 25 A 45 ANOS; INTERESSES EM EMPREENDEDORISMO, PEQUENOS NEGÓCIOS E MEI; COMPORTAMENTO VOLTADO A ENGAJAMENTO COM PERFIS DE NEGÓCIOS E INFLUENCIADORES DE GESTÃO",2025_6_BR_VÍDEO_GABI BAILAS_ACAO_SBRAE_2025_PSMN0294,Tráfego,Distrito Federal,9885,"38,88",1577,456,"2025-06-12-PSMN-9885-38,88-1577",19369,4.8,4035
2025-06-12,Sebrae Nacional - Debrito Brasília,151,tiktok,sbrae_2025_psmn,psmn,"2025_6_BR_TRAF_CPC_MULHERES DE 25 A 45 ANOS; INTERESSES EM EMPREENDEDORISMO, PEQUENOS NEGÓCIOS E MEI; COMPORTAMENTO VOLTADO A ENGAJAMENTO COM PERFIS DE NEGÓCIOS E INFLUENCIADORES DE GESTÃO",2025_6_BR_VÍDEO_GABI BAILAS_ACAO_SBRAE_2025_PSMN0294,Tráfego,Espírito Santo,13600,"49,75",1982,554,"2025-06-12-PSMN-13600-49,75-1982",19369,4.8,4035
2025-06-12,Sebrae Nacional - Debrito Brasília,151,tiktok,sbrae_2025_psmn,psmn,"2025_6_BR_TRAF_CPC_MULHERES DE 25 A 45 ANOS; INTERESSES EM EMPREENDEDORISMO, PEQUENOS NEGÓCIOS E MEI; COMPORTAMENTO VOLTADO A ENGAJAMENTO COM PERFIS DE NEGÓCIOS E INFLUENCIADORES DE GESTÃO",2025_6_BR_VÍDEO_GABI BAILAS_ACAO_SBRAE_2025_PSMN0294,Tráfego,Goiás,17314,"63,63",2603,809,"2025-06-12-PSMN-17314-63,63-2603",19369,4.8,4035
2025-06-12,Sebrae Nacional - Debrito Brasília,151,tiktok,sbrae_2025_psmn,psmn,"2025_6_BR_TRAF_CPC_MULHERES DE 25 A 45 ANOS; INTERESSES EM EMPREENDEDORISMO, PEQUENOS NEGÓCIOS E MEI; COMPORTAMENTO VOLTADO A ENGAJAMENTO COM PERFIS DE NEGÓCIOS E INFLUENCIADORES DE GESTÃO",2025_6_BR_VÍDEO_GABI BAILAS_ACAO_SBRAE_2025_PSMN0294,Tráfego,Maranhão,19968,"89,23",3608,962,"2025-06-12-PSMN-19968-89,23-3608",19369,4.8,4035
2025-06-12,Sebrae Nacional - Debrito Brasília,151,tiktok,sbrae_2025_psmn,psmn,"2025_6_BR_TRAF_CPC_MULHERES DE 25 A 45 ANOS; INTERESSES EM EMPREENDEDORISMO, PEQUENOS NEGÓCIOS E MEI; COMPORTAMENTO VOLTADO A ENGAJAMENTO COM PERFIS DE NEGÓCIOS E INFLUENCIADORES DE GESTÃO",2025_6_BR_VÍDEO_GABI BAILAS_ACAO_SBRAE_2025_PSMN0294,Tráfego,Mato Grosso,11610,"39,48",1714,482,"2025-06-12-PSMN-11610-39,48-1714",19369,4.8,4035
2025-06-12,Sebrae Nacional - Debrito Brasília,151,tiktok,sbrae_2025_psmn,psmn,"2025_6_BR_TRAF_CPC_MULHERES DE 25 A 45 ANOS; INTERESSES EM EMPREENDEDORISMO, PEQUENOS NEGÓCIOS E MEI; COMPORTAMENTO VOLTADO A ENGAJAMENTO COM PERFIS DE NEGÓCIOS E INFLUENCIADORES DE GESTÃO",2025_6_BR_VÍDEO_GABI BAILAS_ACAO_SBRAE_2025_PSMN0294,Tráfego,Mato Grosso do Sul,8556,"29,52",1210,395,"2025-06-12-PSMN-8556-29,52-1210",19369,4.8,4035
2025-06-12,Sebrae Nacional - Debrito Brasília,151,tiktok,sbrae_2025_psmn,psmn,"2025_6_BR_TRAF_CPC_MULHERES DE 25 A 45 ANOS; INTERESSES EM EMPREENDEDORISMO, PEQUENOS NEGÓCIOS E MEI; COMPORTAMENTO VOLTADO A ENGAJAMENTO COM PERFIS DE NEGÓCIOS E INFLUENCIADORES DE GESTÃO",2025_6_BR_VÍDEO_GABI BAILAS_ACAO_SBRAE_2025_PSMN0294,Tráfego,Minas Gerais,58532,"256,88",9580,3357,"2025-06-12-PSMN-58532-256,88-9580",19369,4.8,4035
2025-06-12,Sebrae Nacional - Debrito Brasília,151,tiktok,sbrae_2025_psmn,psmn,"2025_6_BR_TRAF_CPC_MULHERES DE 25 A 45 ANOS; INTERESSES EM EMPREENDEDORISMO, PEQUENOS NEGÓCIOS E MEI; COMPORTAMENTO VOLTADO A ENGAJAMENTO COM PERFIS DE NEGÓCIOS E INFLUENCIADORES DE GESTÃO",2025_6_BR_VÍDEO_GABI BAILAS_ACAO_SBRAE_2025_PSMN0294,Tráfego,Pará,22143,"93,77",3885,1205,"2025-06-12-PSMN-22143-93,77-3885",19369,4.8,4035
2025-06-12,Sebrae Nacional - Debrito Brasília,151,tiktok,sbrae_2025_psmn,psmn,"2025_6_BR_TRAF_CPC_MULHERES DE 25 A 45 ANOS; INTERESSES EM EMPREENDEDORISMO, PEQUENOS NEGÓCIOS E MEI; COMPORTAMENTO VOLTADO A ENGAJAMENTO COM PERFIS DE NEGÓCIOS E INFLUENCIADORES DE GESTÃO",2025_6_BR_VÍDEO_GABI BAILAS_ACAO_SBRAE_2025_PSMN0294,Tráfego,Paraíba,13708,"50,93",2101,583,"2025-06-12-PSMN-13708-50,93-2101",19369,4.8,4035
2025-06-12,Sebrae Nacional - Debrito Brasília,151,tiktok,sbrae_2025_psmn,psmn,"2025_6_BR_TRAF_CPC_MULHERES DE 25 A 45 ANOS; INTERESSES EM EMPREENDEDORISMO, PEQUENOS NEGÓCIOS E MEI; COMPORTAMENTO VOLTADO A ENGAJAMENTO COM PERFIS DE NEGÓCIOS E INFLUENCIADORES DE GESTÃO",2025_6_BR_VÍDEO_GABI BAILAS_ACAO_SBRAE_2025_PSMN0294,Tráfego,Paraná,22748,"86,76",3305,1073,"2025-06-12-PSMN-22748-86,76-3305",19369,4.8,4035
2025-06-12,Sebrae Nacional - Debrito Brasília,151,tiktok,sbrae_2025_psmn,psmn,"2025_6_BR_TRAF_CPC_MULHERES DE 25 A 45 ANOS; INTERESSES EM EMPREENDEDORISMO, PEQUENOS NEGÓCIOS E MEI; COMPORTAMENTO VOLTADO A ENGAJAMENTO COM PERFIS DE NEGÓCIOS E INFLUENCIADORES DE GESTÃO",2025_6_BR_VÍDEO_GABI BAILAS_ACAO_SBRAE_2025_PSMN0294,Tráfego,Pernambuco,35532,"132,58",5371,1629,"2025-06-12-PSMN-35532-132,58-5371",19369,4.8,4035
2025-06-12,Sebrae Nacional - Debrito Brasília,151,tiktok,sbrae_2025_psmn,psmn,"2025_6_BR_TRAF_CPC_MULHERES DE 25 A 45 ANOS; INTERESSES EM EMPREENDEDORISMO, PEQUENOS NEGÓCIOS E MEI; COMPORTAMENTO VOLTADO A ENGAJAMENTO COM PERFIS DE NEGÓCIOS E INFLUENCIADORES DE GESTÃO",2025_6_BR_VÍDEO_GABI BAILAS_ACAO_SBRAE_2025_PSMN0294,Tráfego,Piauí,9269,"39,16",1588,463,"2025-06-12-PSMN-9269-39,16-1588",19369,4.8,4035
2025-06-12,Sebrae Nacional - Debrito Brasília,151,tiktok,sbrae_2025_psmn,psmn,"2025_6_BR_TRAF_CPC_MULHERES DE 25 A 45 ANOS; INTERESSES EM EMPREENDEDORISMO, PEQUENOS NEGÓCIOS E MEI; COMPORTAMENTO VOLTADO A ENGAJAMENTO COM PERFIS DE NEGÓCIOS E INFLUENCIADORES DE GESTÃO",2025_6_BR_VÍDEO_GABI BAILAS_ACAO_SBRAE_2025_PSMN0294,Tráfego,Rio Grande do Norte,9919,"39,24",1576,529,"2025-06-12-PSMN-9919-39,24-1576",19369,4.8,4035
2025-06-12,Sebrae Nacional - Debrito Brasília,151,tiktok,sbrae_2025_psmn,psmn,"2025_6_BR_TRAF_CPC_MULHERES DE 25 A 45 ANOS; INTERESSES EM EMPREENDEDORISMO, PEQUENOS NEGÓCIOS E MEI; COMPORTAMENTO VOLTADO A ENGAJAMENTO COM PERFIS DE NEGÓCIOS E INFLUENCIADORES DE GESTÃO",2025_6_BR_VÍDEO_GABI BAILAS_ACAO_SBRAE_2025_PSMN0294,Tráfego,Rio Grande do Sul,17940,"60,03",2366,937,"2025-06-12-PSMN-17940-60,03-2366",19369,4.8,4035
2025-06-12,Sebrae Nacional - Debrito Brasília,151,tiktok,sbrae_2025_psmn,psmn,"2025_6_BR_TRAF_CPC_MULHERES DE 25 A 45 ANOS; INTERESSES EM EMPREENDEDORISMO, PEQUENOS NEGÓCIOS E MEI; COMPORTAMENTO VOLTADO A ENGAJAMENTO COM PERFIS DE NEGÓCIOS E INFLUENCIADORES DE GESTÃO",2025_6_BR_VÍDEO_GABI BAILAS_ACAO_SBRAE_2025_PSMN0294,Tráfego,Rio de Janeiro,80689,"289,16",10826,3250,"2025-06-12-PSMN-80689-289,16-10826",19369,4.8,4035
2025-06-12,Sebrae Nacional - Debrito Brasília,151,tiktok,sbrae_2025_psmn,psmn,"2025_6_BR_TRAF_CPC_MULHERES DE 25 A 45 ANOS; INTERESSES EM EMPREENDEDORISMO, PEQUENOS NEGÓCIOS E MEI; COMPORTAMENTO VOLTADO A ENGAJAMENTO COM PERFIS DE NEGÓCIOS E INFLUENCIADORES DE GESTÃO",2025_6_BR_VÍDEO_GABI BAILAS_ACAO_SBRAE_2025_PSMN0294,Tráfego,Rondônia,4022,"15,81",639,201,"2025-06-12-PSMN-4022-15,81-639",19369,4.8,4035
2025-06-12,Sebrae Nacional - Debrito Brasília,151,tiktok,sbrae_2025_psmn,psmn,"2025_6_BR_TRAF_CPC_MULHERES DE 25 A 45 ANOS; INTERESSES EM EMPREENDEDORISMO, PEQUENOS NEGÓCIOS E MEI; COMPORTAMENTO VOLTADO A ENGAJAMENTO COM PERFIS DE NEGÓCIOS E INFLUENCIADORES DE GESTÃO",2025_6_BR_VÍDEO_GABI BAILAS_ACAO_SBRAE_2025_PSMN0294,Tráfego,Roraima,1776,"6,54",279,103,"2025-06-12-PSMN-1776-6,54-279",19369,4.8,4035
2025-06-12,Sebrae Nacional - Debrito Brasília,151,tiktok,sbrae_2025_psmn,psmn,"2025_6_BR_TRAF_CPC_MULHERES DE 25 A 45 ANOS; INTERESSES EM EMPREENDEDORISMO, PEQUENOS NEGÓCIOS E MEI; COMPORTAMENTO VOLTADO A ENGAJAMENTO COM PERFIS DE NEGÓCIOS E INFLUENCIADORES DE GESTÃO",2025_6_BR_VÍDEO_GABI BAILAS_ACAO_SBRAE_2025_PSMN0294,Tráfego,Santa Catarina,13171,"50,53",1934,671,"2025-06-12-PSMN-13171-50,53-1934",19369,4.8,4035
2025-06-12,Sebrae Nacional - Debrito Brasília,151,tiktok,sbrae_2025_psmn,psmn,"2025_6_BR_TRAF_CPC_MULHERES DE 25 A 45 ANOS; INTERESSES EM EMPREENDEDORISMO, PEQUENOS NEGÓCIOS E MEI; COMPORTAMENTO VOLTADO A ENGAJAMENTO COM PERFIS DE NEGÓCIOS E INFLUENCIADORES DE GESTÃO",2025_6_BR_VÍDEO_GABI BAILAS_ACAO_SBRAE_2025_PSMN0294,Tráfego,São Paulo,97105,"366,09",13253,4930,"2025-06-12-PSMN-97105-366,09-13253",19369,4.8,4035
2025-06-12,Sebrae Nacional - Debrito Brasília,151,tiktok,sbrae_2025_psmn,psmn,"2025_6_BR_TRAF_CPC_MULHERES DE 25 A 45 ANOS; INTERESSES EM EMPREENDEDORISMO, PEQUENOS NEGÓCIOS E MEI; COMPORTAMENTO VOLTADO A ENGAJAMENTO COM PERFIS DE NEGÓCIOS E INFLUENCIADORES DE GESTÃO",2025_6_BR_VÍDEO_GABI BAILAS_ACAO_SBRAE_2025_PSMN0294,Tráfego,Sergipe,7217,"28,65",1144,360,"2025-06-12-PSMN-7217-28,65-1144",19369,4.8,4035
2025-06-12,Sebrae Nacional - Debrito Brasília,151,tiktok,sbrae_2025_psmn,psmn,"2025_6_BR_TRAF_CPC_MULHERES DE 25 A 45 ANOS; INTERESSES EM EMPREENDEDORISMO, PEQUENOS NEGÓCIOS E MEI; COMPORTAMENTO VOLTADO A ENGAJAMENTO COM PERFIS DE NEGÓCIOS E INFLUENCIADORES DE GESTÃO",2025_6_BR_VÍDEO_GABI BAILAS_ACAO_SBRAE_2025_PSMN0294,Tráfego,Tocantins,4337,"16,39",744,237,"2025-06-12-PSMN-4337-16,39-744",19369,4.8,4035
2025-06-13,Sebrae Nacional - Debrito Brasília,151,tiktok,sbrae_2025_psmn,psmn,"2025_6_BR_TRAF_CPC_MULHERES DE 25 A 45 ANOS; INTERESSES EM EMPREENDEDORISMO, PEQUENOS NEGÓCIOS E MEI; COMPORTAMENTO VOLTADO A ENGAJAMENTO COM PERFIS DE NEGÓCIOS E INFLUENCIADORES DE GESTÃO",2025_6_BR_VÍDEO_GABI BAILAS_ACAO_SBRAE_2025_PSMN0294,Tráfego,Não identificado,1966,"8,98",382,93,"2025-06-13-PSMN-1966-8,98-382",19369,4.8,4035
2025-06-13,Sebrae Nacional - Debrito Brasília,151,tiktok,sbrae_2025_psmn,psmn,"2025_6_BR_TRAF_CPC_MULHERES DE 25 A 45 ANOS; INTERESSES EM EMPREENDEDORISMO, PEQUENOS NEGÓCIOS E MEI; COMPORTAMENTO VOLTADO A ENGAJAMENTO COM PERFIS DE NEGÓCIOS E INFLUENCIADORES DE GESTÃO",2025_6_BR_VÍDEO_GABI BAILAS_ACAO_SBRAE_2025_PSMN0294,Tráfego,Acre,2549,"11,11",421,87,"2025-06-13-PSMN-2549-11,11-421",19369,4.8,4035
2025-06-13,Sebrae Nacional - Debrito Brasília,151,tiktok,sbrae_2025_psmn,psmn,"2025_6_BR_TRAF_CPC_MULHERES DE 25 A 45 ANOS; INTERESSES EM EMPREENDEDORISMO, PEQUENOS NEGÓCIOS E MEI; COMPORTAMENTO VOLTADO A ENGAJAMENTO COM PERFIS DE NEGÓCIOS E INFLUENCIADORES DE GESTÃO",2025_6_BR_VÍDEO_GABI BAILAS_ACAO_SBRAE_2025_PSMN0294,Tráfego,Alagoas,11372,"38,9",1615,414,"2025-06-13-PSMN-11372-38,9-1615",19369,4.8,4035
2025-06-13,Sebrae Nacional - Debrito Brasília,151,tiktok,sbrae_2025_psmn,psmn,"2025_6_BR_TRAF_CPC_MULHERES DE 25 A 45 ANOS; INTERESSES EM EMPREENDEDORISMO, PEQUENOS NEGÓCIOS E MEI; COMPORTAMENTO VOLTADO A ENGAJAMENTO COM PERFIS DE NEGÓCIOS E INFLUENCIADORES DE GESTÃO",2025_6_BR_VÍDEO_GABI BAILAS_ACAO_SBRAE_2025_PSMN0294,Tráfego,Amapá,1433,"5,83",232,61,"2025-06-13-PSMN-1433-5,83-232",19369,4.8,4035
2025-06-13,Sebrae Nacional - Debrito Brasília,151,tiktok,sbrae_2025_psmn,psmn,"2025_6_BR_TRAF_CPC_MULHERES DE 25 A 45 ANOS; INTERESSES EM EMPREENDEDORISMO, PEQUENOS NEGÓCIOS E MEI; COMPORTAMENTO VOLTADO A ENGAJAMENTO COM PERFIS DE NEGÓCIOS E INFLUENCIADORES DE GESTÃO",2025_6_BR_VÍDEO_GABI BAILAS_ACAO_SBRAE_2025_PSMN0294,Tráfego,Amazonas,9039,"34,35",1499,412,"2025-06-13-PSMN-9039-34,35-1499",19369,4.8,4035
2025-06-13,Sebrae Nacional - Debrito Brasília,151,tiktok,sbrae_2025_psmn,psmn,"2025_6_BR_TRAF_CPC_MULHERES DE 25 A 45 ANOS; INTERESSES EM EMPREENDEDORISMO, PEQUENOS NEGÓCIOS E MEI; COMPORTAMENTO VOLTADO A ENGAJAMENTO COM PERFIS DE NEGÓCIOS E INFLUENCIADORES DE GESTÃO",2025_6_BR_VÍDEO_GABI BAILAS_ACAO_SBRAE_2025_PSMN0294,Tráfego,Bahia,52434,"204,9",8023,2253,"2025-06-13-PSMN-52434-204,9-8023",19369,4.8,4035
2025-06-13,Sebrae Nacional - Debrito Brasília,151,tiktok,sbrae_2025_psmn,psmn,"2025_6_BR_TRAF_CPC_MULHERES DE 25 A 45 ANOS; INTERESSES EM EMPREENDEDORISMO, PEQUENOS NEGÓCIOS E MEI; COMPORTAMENTO VOLTADO A ENGAJAMENTO COM PERFIS DE NEGÓCIOS E INFLUENCIADORES DE GESTÃO",2025_6_BR_VÍDEO_GABI BAILAS_ACAO_SBRAE_2025_PSMN0294,Tráfego,Ceará,23440,"103,55",3881,1205,"2025-06-13-PSMN-23440-103,55-3881",19369,4.8,4035
2025-06-13,Sebrae Nacional - Debrito Brasília,151,tiktok,sbrae_2025_psmn,psmn,"2025_6_BR_TRAF_CPC_MULHERES DE 25 A 45 ANOS; INTERESSES EM EMPREENDEDORISMO, PEQUENOS NEGÓCIOS E MEI; COMPORTAMENTO VOLTADO A ENGAJAMENTO COM PERFIS DE NEGÓCIOS E INFLUENCIADORES DE GESTÃO",2025_6_BR_VÍDEO_GABI BAILAS_ACAO_SBRAE_2025_PSMN0294,Tráfego,Distrito Federal,10029,"33,96",1400,453,"2025-06-13-PSMN-10029-33,96-1400",19369,4.8,4035
2025-06-13,Sebrae Nacional - Debrito Brasília,151,tiktok,sbrae_2025_psmn,psmn,"2025_6_BR_TRAF_CPC_MULHERES DE 25 A 45 ANOS; INTERESSES EM EMPREENDEDORISMO, PEQUENOS NEGÓCIOS E MEI; COMPORTAMENTO VOLTADO A ENGAJAMENTO COM PERFIS DE NEGÓCIOS E INFLUENCIADORES DE GESTÃO",2025_6_BR_VÍDEO_GABI BAILAS_ACAO_SBRAE_2025_PSMN0294,Tráfego,Espírito Santo,15205,"51,29",1890,481,"2025-06-13-PSMN-15205-51,29-1890",19369,4.8,4035
2025-06-13,Sebrae Nacional - Debrito Brasília,151,tiktok,sbrae_2025_psmn,psmn,"2025_6_BR_TRAF_CPC_MULHERES DE 25 A 45 ANOS; INTERESSES EM EMPREENDEDORISMO, PEQUENOS NEGÓCIOS E MEI; COMPORTAMENTO VOLTADO A ENGAJAMENTO COM PERFIS DE NEGÓCIOS E INFLUENCIADORES DE GESTÃO",2025_6_BR_VÍDEO_GABI BAILAS_ACAO_SBRAE_2025_PSMN0294,Tráfego,Goiás,16078,"61,82",2373,667,"2025-06-13-PSMN-16078-61,82-2373",19369,4.8,4035
2025-06-13,Sebrae Nacional - Debrito Brasília,151,tiktok,sbrae_2025_psmn,psmn,"2025_6_BR_TRAF_CPC_MULHERES DE 25 A 45 ANOS; INTERESSES EM EMPREENDEDORISMO, PEQUENOS NEGÓCIOS E MEI; COMPORTAMENTO VOLTADO A ENGAJAMENTO COM PERFIS DE NEGÓCIOS E INFLUENCIADORES DE GESTÃO",2025_6_BR_VÍDEO_GABI BAILAS_ACAO_SBRAE_2025_PSMN0294,Tráfego,Maranhão,19728,"79,63",3283,858,"2025-06-13-PSMN-19728-79,63-3283",19369,4.8,4035
2025-06-13,Sebrae Nacional - Debrito Brasília,151,tiktok,sbrae_2025_psmn,psmn,"2025_6_BR_TRAF_CPC_MULHERES DE 25 A 45 ANOS; INTERESSES EM EMPREENDEDORISMO, PEQUENOS NEGÓCIOS E MEI; COMPORTAMENTO VOLTADO A ENGAJAMENTO COM PERFIS DE NEGÓCIOS E INFLUENCIADORES DE GESTÃO",2025_6_BR_VÍDEO_GABI BAILAS_ACAO_SBRAE_2025_PSMN0294,Tráfego,Mato Grosso,11215,"38,69",1624,440,"2025-06-13-PSMN-11215-38,69-1624",19369,4.8,4035
2025-06-13,Sebrae Nacional - Debrito Brasília,151,tiktok,sbrae_2025_psmn,psmn,"2025_6_BR_TRAF_CPC_MULHERES DE 25 A 45 ANOS; INTERESSES EM EMPREENDEDORISMO, PEQUENOS NEGÓCIOS E MEI; COMPORTAMENTO VOLTADO A ENGAJAMENTO COM PERFIS DE NEGÓCIOS E INFLUENCIADORES DE GESTÃO",2025_6_BR_VÍDEO_GABI BAILAS_ACAO_SBRAE_2025_PSMN0294,Tráfego,Mato Grosso do Sul,11204,"33,5",1305,377,"2025-06-13-PSMN-11204-33,5-1305",19369,4.8,4035
2025-06-13,Sebrae Nacional - Debrito Brasília,151,tiktok,sbrae_2025_psmn,psmn,"2025_6_BR_TRAF_CPC_MULHERES DE 25 A 45 ANOS; INTERESSES EM EMPREENDEDORISMO, PEQUENOS NEGÓCIOS E MEI; COMPORTAMENTO VOLTADO A ENGAJAMENTO COM PERFIS DE NEGÓCIOS E INFLUENCIADORES DE GESTÃO",2025_6_BR_VÍDEO_GABI BAILAS_ACAO_SBRAE_2025_PSMN0294,Tráfego,Minas Gerais,59851,"243,47",8954,2874,"2025-06-13-PSMN-59851-243,47-8954",19369,4.8,4035
2025-06-13,Sebrae Nacional - Debrito Brasília,151,tiktok,sbrae_2025_psmn,psmn,"2025_6_BR_TRAF_CPC_MULHERES DE 25 A 45 ANOS; INTERESSES EM EMPREENDEDORISMO, PEQUENOS NEGÓCIOS E MEI; COMPORTAMENTO VOLTADO A ENGAJAMENTO COM PERFIS DE NEGÓCIOS E INFLUENCIADORES DE GESTÃO",2025_6_BR_VÍDEO_GABI BAILAS_ACAO_SBRAE_2025_PSMN0294,Tráfego,Pará,20801,"84,5",3374,961,"2025-06-13-PSMN-20801-84,5-3374",19369,4.8,4035
2025-06-13,Sebrae Nacional - Debrito Brasília,151,tiktok,sbrae_2025_psmn,psmn,"2025_6_BR_TRAF_CPC_MULHERES DE 25 A 45 ANOS; INTERESSES EM EMPREENDEDORISMO, PEQUENOS NEGÓCIOS E MEI; COMPORTAMENTO VOLTADO A ENGAJAMENTO COM PERFIS DE NEGÓCIOS E INFLUENCIADORES DE GESTÃO",2025_6_BR_VÍDEO_GABI BAILAS_ACAO_SBRAE_2025_PSMN0294,Tráfego,Paraíba,13693,"48,41",1907,493,"2025-06-13-PSMN-13693-48,41-1907",19369,4.8,4035
2025-06-13,Sebrae Nacional - Debrito Brasília,151,tiktok,sbrae_2025_psmn,psmn,"2025_6_BR_TRAF_CPC_MULHERES DE 25 A 45 ANOS; INTERESSES EM EMPREENDEDORISMO, PEQUENOS NEGÓCIOS E MEI; COMPORTAMENTO VOLTADO A ENGAJAMENTO COM PERFIS DE NEGÓCIOS E INFLUENCIADORES DE GESTÃO",2025_6_BR_VÍDEO_GABI BAILAS_ACAO_SBRAE_2025_PSMN0294,Tráfego,Paraná,26741,"92,42",3456,1061,"2025-06-13-PSMN-26741-92,42-3456",19369,4.8,4035
2025-06-13,Sebrae Nacional - Debrito Brasília,151,tiktok,sbrae_2025_psmn,psmn,"2025_6_BR_TRAF_CPC_MULHERES DE 25 A 45 ANOS; INTERESSES EM EMPREENDEDORISMO, PEQUENOS NEGÓCIOS E MEI; COMPORTAMENTO VOLTADO A ENGAJAMENTO COM PERFIS DE NEGÓCIOS E INFLUENCIADORES DE GESTÃO",2025_6_BR_VÍDEO_GABI BAILAS_ACAO_SBRAE_2025_PSMN0294,Tráfego,Pernambuco,33956,"118,8",4762,1352,"2025-06-13-PSMN-33956-118,8-4762",19369,4.8,4035
2025-06-13,Sebrae Nacional - Debrito Brasília,151,tiktok,sbrae_2025_psmn,psmn,"2025_6_BR_TRAF_CPC_MULHERES DE 25 A 45 ANOS; INTERESSES EM EMPREENDEDORISMO, PEQUENOS NEGÓCIOS E MEI; COMPORTAMENTO VOLTADO A ENGAJAMENTO COM PERFIS DE NEGÓCIOS E INFLUENCIADORES DE GESTÃO",2025_6_BR_VÍDEO_GABI BAILAS_ACAO_SBRAE_2025_PSMN0294,Tráfego,Piauí,9090,"35,91",1457,372,"2025-06-13-PSMN-9090-35,91-1457",19369,4.8,4035
2025-06-13,Sebrae Nacional - Debrito Brasília,151,tiktok,sbrae_2025_psmn,psmn,"2025_6_BR_TRAF_CPC_MULHERES DE 25 A 45 ANOS; INTERESSES EM EMPREENDEDORISMO, PEQUENOS NEGÓCIOS E MEI; COMPORTAMENTO VOLTADO A ENGAJAMENTO COM PERFIS DE NEGÓCIOS E INFLUENCIADORES DE GESTÃO",2025_6_BR_VÍDEO_GABI BAILAS_ACAO_SBRAE_2025_PSMN0294,Tráfego,Rio Grande do Norte,9213,"35,03",1334,423,"2025-06-13-PSMN-9213-35,03-1334",19369,4.8,4035
2025-06-13,Sebrae Nacional - Debrito Brasília,151,tiktok,sbrae_2025_psmn,psmn,"2025_6_BR_TRAF_CPC_MULHERES DE 25 A 45 ANOS; INTERESSES EM EMPREENDEDORISMO, PEQUENOS NEGÓCIOS E MEI; COMPORTAMENTO VOLTADO A ENGAJAMENTO COM PERFIS DE NEGÓCIOS E INFLUENCIADORES DE GESTÃO",2025_6_BR_VÍDEO_GABI BAILAS_ACAO_SBRAE_2025_PSMN0294,Tráfego,Rio Grande do Sul,19394,"61,95",2383,747,"2025-06-13-PSMN-19394-61,95-2383",19369,4.8,4035
2025-06-13,Sebrae Nacional - Debrito Brasília,151,tiktok,sbrae_2025_psmn,psmn,"2025_6_BR_TRAF_CPC_MULHERES DE 25 A 45 ANOS; INTERESSES EM EMPREENDEDORISMO, PEQUENOS NEGÓCIOS E MEI; COMPORTAMENTO VOLTADO A ENGAJAMENTO COM PERFIS DE NEGÓCIOS E INFLUENCIADORES DE GESTÃO",2025_6_BR_VÍDEO_GABI BAILAS_ACAO_SBRAE_2025_PSMN0294,Tráfego,Rio de Janeiro,81871,"284,38",10706,2912,"2025-06-13-PSMN-81871-284,38-10706",19369,4.8,4035
2025-06-13,Sebrae Nacional - Debrito Brasília,151,tiktok,sbrae_2025_psmn,psmn,"2025_6_BR_TRAF_CPC_MULHERES DE 25 A 45 ANOS; INTERESSES EM EMPREENDEDORISMO, PEQUENOS NEGÓCIOS E MEI; COMPORTAMENTO VOLTADO A ENGAJAMENTO COM PERFIS DE NEGÓCIOS E INFLUENCIADORES DE GESTÃO",2025_6_BR_VÍDEO_GABI BAILAS_ACAO_SBRAE_2025_PSMN0294,Tráfego,Rondônia,4106,"14,59",634,165,"2025-06-13-PSMN-4106-14,59-634",19369,4.8,4035
2025-06-13,Sebrae Nacional - Debrito Brasília,151,tiktok,sbrae_2025_psmn,psmn,"2025_6_BR_TRAF_CPC_MULHERES DE 25 A 45 ANOS; INTERESSES EM EMPREENDEDORISMO, PEQUENOS NEGÓCIOS E MEI; COMPORTAMENTO VOLTADO A ENGAJAMENTO COM PERFIS DE NEGÓCIOS E INFLUENCIADORES DE GESTÃO",2025_6_BR_VÍDEO_GABI BAILAS_ACAO_SBRAE_2025_PSMN0294,Tráfego,Roraima,1618,"5,56",248,81,"2025-06-13-PSMN-1618-5,56-248",19369,4.8,4035
2025-06-13,Sebrae Nacional - Debrito Brasília,151,tiktok,sbrae_2025_psmn,psmn,"2025_6_BR_TRAF_CPC_MULHERES DE 25 A 45 ANOS; INTERESSES EM EMPREENDEDORISMO, PEQUENOS NEGÓCIOS E MEI; COMPORTAMENTO VOLTADO A ENGAJAMENTO COM PERFIS DE NEGÓCIOS E INFLUENCIADORES DE GESTÃO",2025_6_BR_VÍDEO_GABI BAILAS_ACAO_SBRAE_2025_PSMN0294,Tráfego,Santa Catarina,15615,"50,2",1917,586,"2025-06-13-PSMN-15615-50,2-1917",19369,4.8,4035
2025-06-13,Sebrae Nacional - Debrito Brasília,151,tiktok,sbrae_2025_psmn,psmn,"2025_6_BR_TRAF_CPC_MULHERES DE 25 A 45 ANOS; INTERESSES EM EMPREENDEDORISMO, PEQUENOS NEGÓCIOS E MEI; COMPORTAMENTO VOLTADO A ENGAJAMENTO COM PERFIS DE NEGÓCIOS E INFLUENCIADORES DE GESTÃO",2025_6_BR_VÍDEO_GABI BAILAS_ACAO_SBRAE_2025_PSMN0294,Tráfego,São Paulo,109974,"395,57",14168,4594,"2025-06-13-PSMN-109974-395,57-14168",19369,4.8,4035
2025-06-13,Sebrae Nacional - Debrito Brasília,151,tiktok,sbrae_2025_psmn,psmn,"2025_6_BR_TRAF_CPC_MULHERES DE 25 A 45 ANOS; INTERESSES EM EMPREENDEDORISMO, PEQUENOS NEGÓCIOS E MEI; COMPORTAMENTO VOLTADO A ENGAJAMENTO COM PERFIS DE NEGÓCIOS E INFLUENCIADORES DE GESTÃO",2025_6_BR_VÍDEO_GABI BAILAS_ACAO_SBRAE_2025_PSMN0294,Tráfego,Sergipe,6445,"28,72",1002,326,"2025-06-13-PSMN-6445-28,72-1002",19369,4.8,4035
2025-06-13,Sebrae Nacional - Debrito Brasília,151,tiktok,sbrae_2025_psmn,psmn,"2025_6_BR_TRAF_CPC_MULHERES DE 25 A 45 ANOS; INTERESSES EM EMPREENDEDORISMO, PEQUENOS NEGÓCIOS E MEI; COMPORTAMENTO VOLTADO A ENGAJAMENTO COM PERFIS DE NEGÓCIOS E INFLUENCIADORES DE GESTÃO",2025_6_BR_VÍDEO_GABI BAILAS_ACAO_SBRAE_2025_PSMN0294,Tráfego,Tocantins,4126,"16,46",622,194,"2025-06-13-PSMN-4126-16,46-622",19369,4.8,4035
2025-06-14,Sebrae Nacional - Debrito Brasília,151,tiktok,sbrae_2025_psmn,psmn,"2025_6_BR_TRAF_CPC_MULHERES DE 25 A 45 ANOS; INTERESSES EM EMPREENDEDORISMO, PEQUENOS NEGÓCIOS E MEI; COMPORTAMENTO VOLTADO A ENGAJAMENTO COM PERFIS DE NEGÓCIOS E INFLUENCIADORES DE GESTÃO",2025_6_BR_VÍDEO_GABI BAILAS_ACAO_SBRAE_2025_PSMN0294,Tráfego,Não identificado,2394,"8,18",330,164,"2025-06-14-PSMN-2394-8,18-330",19369,4.8,4035
2025-06-14,Sebrae Nacional - Debrito Brasília,151,tiktok,sbrae_2025_psmn,psmn,"2025_6_BR_TRAF_CPC_MULHERES DE 25 A 45 ANOS; INTERESSES EM EMPREENDEDORISMO, PEQUENOS NEGÓCIOS E MEI; COMPORTAMENTO VOLTADO A ENGAJAMENTO COM PERFIS DE NEGÓCIOS E INFLUENCIADORES DE GESTÃO",2025_6_BR_VÍDEO_GABI BAILAS_ACAO_SBRAE_2025_PSMN0294,Tráfego,Acre,4137,"9,69",513,302,"2025-06-14-PSMN-4137-9,69-513",19369,4.8,4035
2025-06-14,Sebrae Nacional - Debrito Brasília,151,tiktok,sbrae_2025_psmn,psmn,"2025_6_BR_TRAF_CPC_MULHERES DE 25 A 45 ANOS; INTERESSES EM EMPREENDEDORISMO, PEQUENOS NEGÓCIOS E MEI; COMPORTAMENTO VOLTADO A ENGAJAMENTO COM PERFIS DE NEGÓCIOS E INFLUENCIADORES DE GESTÃO",2025_6_BR_VÍDEO_GABI BAILAS_ACAO_SBRAE_2025_PSMN0294,Tráfego,Alagoas,18046,"40,45",1949,1043,"2025-06-14-PSMN-18046-40,45-1949",19369,4.8,4035
2025-06-14,Sebrae Nacional - Debrito Brasília,151,tiktok,sbrae_2025_psmn,psmn,"2025_6_BR_TRAF_CPC_MULHERES DE 25 A 45 ANOS; INTERESSES EM EMPREENDEDORISMO, PEQUENOS NEGÓCIOS E MEI; COMPORTAMENTO VOLTADO A ENGAJAMENTO COM PERFIS DE NEGÓCIOS E INFLUENCIADORES DE GESTÃO",2025_6_BR_VÍDEO_GABI BAILAS_ACAO_SBRAE_2025_PSMN0294,Tráfego,Amapá,2014,"4,6",268,114,"2025-06-14-PSMN-2014-4,6-268",19369,4.8,4035
2025-06-14,Sebrae Nacional - Debrito Brasília,151,tiktok,sbrae_2025_psmn,psmn,"2025_6_BR_TRAF_CPC_MULHERES DE 25 A 45 ANOS; INTERESSES EM EMPREENDEDORISMO, PEQUENOS NEGÓCIOS E MEI; COMPORTAMENTO VOLTADO A ENGAJAMENTO COM PERFIS DE NEGÓCIOS E INFLUENCIADORES DE GESTÃO",2025_6_BR_VÍDEO_GABI BAILAS_ACAO_SBRAE_2025_PSMN0294,Tráfego,Amazonas,14525,"33,54",1683,1025,"2025-06-14-PSMN-14525-33,54-1683",19369,4.8,4035
2025-06-14,Sebrae Nacional - Debrito Brasília,151,tiktok,sbrae_2025_psmn,psmn,"2025_6_BR_TRAF_CPC_MULHERES DE 25 A 45 ANOS; INTERESSES EM EMPREENDEDORISMO, PEQUENOS NEGÓCIOS E MEI; COMPORTAMENTO VOLTADO A ENGAJAMENTO COM PERFIS DE NEGÓCIOS E INFLUENCIADORES DE GESTÃO",2025_6_BR_VÍDEO_GABI BAILAS_ACAO_SBRAE_2025_PSMN0294,Tráfego,Bahia,71813,"192,42",8505,5542,"2025-06-14-PSMN-71813-192,42-8505",19369,4.8,4035
2025-06-14,Sebrae Nacional - Debrito Brasília,151,tiktok,sbrae_2025_psmn,psmn,"2025_6_BR_TRAF_CPC_MULHERES DE 25 A 45 ANOS; INTERESSES EM EMPREENDEDORISMO, PEQUENOS NEGÓCIOS E MEI; COMPORTAMENTO VOLTADO A ENGAJAMENTO COM PERFIS DE NEGÓCIOS E INFLUENCIADORES DE GESTÃO",2025_6_BR_VÍDEO_GABI BAILAS_ACAO_SBRAE_2025_PSMN0294,Tráfego,Ceará,38214,"109,57",4778,3030,"2025-06-14-PSMN-38214-109,57-4778",19369,4.8,4035
2025-06-14,Sebrae Nacional - Debrito Brasília,151,tiktok,sbrae_2025_psmn,psmn,"2025_6_BR_TRAF_CPC_MULHERES DE 25 A 45 ANOS; INTERESSES EM EMPREENDEDORISMO, PEQUENOS NEGÓCIOS E MEI; COMPORTAMENTO VOLTADO A ENGAJAMENTO COM PERFIS DE NEGÓCIOS E INFLUENCIADORES DE GESTÃO",2025_6_BR_VÍDEO_GABI BAILAS_ACAO_SBRAE_2025_PSMN0294,Tráfego,Distrito Federal,13656,"30,14",1411,954,"2025-06-14-PSMN-13656-30,14-1411",19369,4.8,4035
2025-06-14,Sebrae Nacional - Debrito Brasília,151,tiktok,sbrae_2025_psmn,psmn,"2025_6_BR_TRAF_CPC_MULHERES DE 25 A 45 ANOS; INTERESSES EM EMPREENDEDORISMO, PEQUENOS NEGÓCIOS E MEI; COMPORTAMENTO VOLTADO A ENGAJAMENTO COM PERFIS DE NEGÓCIOS E INFLUENCIADORES DE GESTÃO",2025_6_BR_VÍDEO_GABI BAILAS_ACAO_SBRAE_2025_PSMN0294,Tráfego,Espírito Santo,24751,"53,7",2477,1408,"2025-06-14-PSMN-24751-53,7-2477",19369,4.8,4035
2025-06-14,Sebrae Nacional - Debrito Brasília,151,tiktok,sbrae_2025_psmn,psmn,"2025_6_BR_TRAF_CPC_MULHERES DE 25 A 45 ANOS; INTERESSES EM EMPREENDEDORISMO, PEQUENOS NEGÓCIOS E MEI; COMPORTAMENTO VOLTADO A ENGAJAMENTO COM PERFIS DE NEGÓCIOS E INFLUENCIADORES DE GESTÃO",2025_6_BR_VÍDEO_GABI BAILAS_ACAO_SBRAE_2025_PSMN0294,Tráfego,Goiás,29019,"62,34",2961,1851,"2025-06-14-PSMN-29019-62,34-2961",19369,4.8,4035
2025-06-14,Sebrae Nacional - Debrito Brasília,151,tiktok,sbrae_2025_psmn,psmn,"2025_6_BR_TRAF_CPC_MULHERES DE 25 A 45 ANOS; INTERESSES EM EMPREENDEDORISMO, PEQUENOS NEGÓCIOS E MEI; COMPORTAMENTO VOLTADO A ENGAJAMENTO COM PERFIS DE NEGÓCIOS E INFLUENCIADORES DE GESTÃO",2025_6_BR_VÍDEO_GABI BAILAS_ACAO_SBRAE_2025_PSMN0294,Tráfego,Maranhão,27872,"74,62",3412,1938,"2025-06-14-PSMN-27872-74,62-3412",19369,4.8,4035
2025-06-14,Sebrae Nacional - Debrito Brasília,151,tiktok,sbrae_2025_psmn,psmn,"2025_6_BR_TRAF_CPC_MULHERES DE 25 A 45 ANOS; INTERESSES EM EMPREENDEDORISMO, PEQUENOS NEGÓCIOS E MEI; COMPORTAMENTO VOLTADO A ENGAJAMENTO COM PERFIS DE NEGÓCIOS E INFLUENCIADORES DE GESTÃO",2025_6_BR_VÍDEO_GABI BAILAS_ACAO_SBRAE_2025_PSMN0294,Tráfego,Mato Grosso,18483,"38,61",1949,1003,"2025-06-14-PSMN-18483-38,61-1949",19369,4.8,4035
2025-06-14,Sebrae Nacional - Debrito Brasília,151,tiktok,sbrae_2025_psmn,psmn,"2025_6_BR_TRAF_CPC_MULHERES DE 25 A 45 ANOS; INTERESSES EM EMPREENDEDORISMO, PEQUENOS NEGÓCIOS E MEI; COMPORTAMENTO VOLTADO A ENGAJAMENTO COM PERFIS DE NEGÓCIOS E INFLUENCIADORES DE GESTÃO",2025_6_BR_VÍDEO_GABI BAILAS_ACAO_SBRAE_2025_PSMN0294,Tráfego,Mato Grosso do Sul,13885,"29,9",1479,833,"2025-06-14-PSMN-13885-29,9-1479",19369,4.8,4035
2025-06-14,Sebrae Nacional - Debrito Brasília,151,tiktok,sbrae_2025_psmn,psmn,"2025_6_BR_TRAF_CPC_MULHERES DE 25 A 45 ANOS; INTERESSES EM EMPREENDEDORISMO, PEQUENOS NEGÓCIOS E MEI; COMPORTAMENTO VOLTADO A ENGAJAMENTO COM PERFIS DE NEGÓCIOS E INFLUENCIADORES DE GESTÃO",2025_6_BR_VÍDEO_GABI BAILAS_ACAO_SBRAE_2025_PSMN0294,Tráfego,Minas Gerais,84673,"229,08",9832,6280,"2025-06-14-PSMN-84673-229,08-9832",19369,4.8,4035
2025-06-14,Sebrae Nacional - Debrito Brasília,151,tiktok,sbrae_2025_psmn,psmn,"2025_6_BR_TRAF_CPC_MULHERES DE 25 A 45 ANOS; INTERESSES EM EMPREENDEDORISMO, PEQUENOS NEGÓCIOS E MEI; COMPORTAMENTO VOLTADO A ENGAJAMENTO COM PERFIS DE NEGÓCIOS E INFLUENCIADORES DE GESTÃO",2025_6_BR_VÍDEO_GABI BAILAS_ACAO_SBRAE_2025_PSMN0294,Tráfego,Pará,29945,"75,55",3829,2099,"2025-06-14-PSMN-29945-75,55-3829",19369,4.8,4035
2025-06-14,Sebrae Nacional - Debrito Brasília,151,tiktok,sbrae_2025_psmn,psmn,"2025_6_BR_TRAF_CPC_MULHERES DE 25 A 45 ANOS; INTERESSES EM EMPREENDEDORISMO, PEQUENOS NEGÓCIOS E MEI; COMPORTAMENTO VOLTADO A ENGAJAMENTO COM PERFIS DE NEGÓCIOS E INFLUENCIADORES DE GESTÃO",2025_6_BR_VÍDEO_GABI BAILAS_ACAO_SBRAE_2025_PSMN0294,Tráfego,Paraíba,20276,"49,58",2420,1401,"2025-06-14-PSMN-20276-49,58-2420",19369,4.8,4035
2025-06-14,Sebrae Nacional - Debrito Brasília,151,tiktok,sbrae_2025_psmn,psmn,"2025_6_BR_TRAF_CPC_MULHERES DE 25 A 45 ANOS; INTERESSES EM EMPREENDEDORISMO, PEQUENOS NEGÓCIOS E MEI; COMPORTAMENTO VOLTADO A ENGAJAMENTO COM PERFIS DE NEGÓCIOS E INFLUENCIADORES DE GESTÃO",2025_6_BR_VÍDEO_GABI BAILAS_ACAO_SBRAE_2025_PSMN0294,Tráfego,Paraná,37054,"95,1",4146,2671,"2025-06-14-PSMN-37054-95,1-4146",19369,4.8,4035
2025-06-14,Sebrae Nacional - Debrito Brasília,151,tiktok,sbrae_2025_psmn,psmn,"2025_6_BR_TRAF_CPC_MULHERES DE 25 A 45 ANOS; INTERESSES EM EMPREENDEDORISMO, PEQUENOS NEGÓCIOS E MEI; COMPORTAMENTO VOLTADO A ENGAJAMENTO COM PERFIS DE NEGÓCIOS E INFLUENCIADORES DE GESTÃO",2025_6_BR_VÍDEO_GABI BAILAS_ACAO_SBRAE_2025_PSMN0294,Tráfego,Pernambuco,51065,"117,38",5597,3314,"2025-06-14-PSMN-51065-117,38-5597",19369,4.8,4035
2025-06-14,Sebrae Nacional - Debrito Brasília,151,tiktok,sbrae_2025_psmn,psmn,"2025_6_BR_TRAF_CPC_MULHERES DE 25 A 45 ANOS; INTERESSES EM EMPREENDEDORISMO, PEQUENOS NEGÓCIOS E MEI; COMPORTAMENTO VOLTADO A ENGAJAMENTO COM PERFIS DE NEGÓCIOS E INFLUENCIADORES DE GESTÃO",2025_6_BR_VÍDEO_GABI BAILAS_ACAO_SBRAE_2025_PSMN0294,Tráfego,Piauí,13779,"34,6",1632,952,"2025-06-14-PSMN-13779-34,6-1632",19369,4.8,4035
2025-06-14,Sebrae Nacional - Debrito Brasília,151,tiktok,sbrae_2025_psmn,psmn,"2025_6_BR_TRAF_CPC_MULHERES DE 25 A 45 ANOS; INTERESSES EM EMPREENDEDORISMO, PEQUENOS NEGÓCIOS E MEI; COMPORTAMENTO VOLTADO A ENGAJAMENTO COM PERFIS DE NEGÓCIOS E INFLUENCIADORES DE GESTÃO",2025_6_BR_VÍDEO_GABI BAILAS_ACAO_SBRAE_2025_PSMN0294,Tráfego,Rio Grande do Norte,13828,"33,42",1575,1009,"2025-06-14-PSMN-13828-33,42-1575",19369,4.8,4035
2025-06-14,Sebrae Nacional - Debrito Brasília,151,tiktok,sbrae_2025_psmn,psmn,"2025_6_BR_TRAF_CPC_MULHERES DE 25 A 45 ANOS; INTERESSES EM EMPREENDEDORISMO, PEQUENOS NEGÓCIOS E MEI; COMPORTAMENTO VOLTADO A ENGAJAMENTO COM PERFIS DE NEGÓCIOS E INFLUENCIADORES DE GESTÃO",2025_6_BR_VÍDEO_GABI BAILAS_ACAO_SBRAE_2025_PSMN0294,Tráfego,Rio Grande do Sul,31255,"68,11",3198,2236,"2025-06-14-PSMN-31255-68,11-3198",19369,4.8,4035
2025-06-14,Sebrae Nacional - Debrito Brasília,151,tiktok,sbrae_2025_psmn,psmn,"2025_6_BR_TRAF_CPC_MULHERES DE 25 A 45 ANOS; INTERESSES EM EMPREENDEDORISMO, PEQUENOS NEGÓCIOS E MEI; COMPORTAMENTO VOLTADO A ENGAJAMENTO COM PERFIS DE NEGÓCIOS E INFLUENCIADORES DE GESTÃO",2025_6_BR_VÍDEO_GABI BAILAS_ACAO_SBRAE_2025_PSMN0294,Tráfego,Rio de Janeiro,128856,"296,29",12933,8303,"2025-06-14-PSMN-128856-296,29-12933",19369,4.8,4035
2025-06-14,Sebrae Nacional - Debrito Brasília,151,tiktok,sbrae_2025_psmn,psmn,"2025_6_BR_TRAF_CPC_MULHERES DE 25 A 45 ANOS; INTERESSES EM EMPREENDEDORISMO, PEQUENOS NEGÓCIOS E MEI; COMPORTAMENTO VOLTADO A ENGAJAMENTO COM PERFIS DE NEGÓCIOS E INFLUENCIADORES DE GESTÃO",2025_6_BR_VÍDEO_GABI BAILAS_ACAO_SBRAE_2025_PSMN0294,Tráfego,Rondônia,6429,"14,62",722,419,"2025-06-14-PSMN-6429-14,62-722",19369,4.8,4035
2025-06-14,Sebrae Nacional - Debrito Brasília,151,tiktok,sbrae_2025_psmn,psmn,"2025_6_BR_TRAF_CPC_MULHERES DE 25 A 45 ANOS; INTERESSES EM EMPREENDEDORISMO, PEQUENOS NEGÓCIOS E MEI; COMPORTAMENTO VOLTADO A ENGAJAMENTO COM PERFIS DE NEGÓCIOS E INFLUENCIADORES DE GESTÃO",2025_6_BR_VÍDEO_GABI BAILAS_ACAO_SBRAE_2025_PSMN0294,Tráfego,Roraima,2447,"5,56",296,170,"2025-06-14-PSMN-2447-5,56-296",19369,4.8,4035
2025-06-14,Sebrae Nacional - Debrito Brasília,151,tiktok,sbrae_2025_psmn,psmn,"2025_6_BR_TRAF_CPC_MULHERES DE 25 A 45 ANOS; INTERESSES EM EMPREENDEDORISMO, PEQUENOS NEGÓCIOS E MEI; COMPORTAMENTO VOLTADO A ENGAJAMENTO COM PERFIS DE NEGÓCIOS E INFLUENCIADORES DE GESTÃO",2025_6_BR_VÍDEO_GABI BAILAS_ACAO_SBRAE_2025_PSMN0294,Tráfego,Santa Catarina,21390,"50,1",2315,1474,"2025-06-14-PSMN-21390-50,1-2315",19369,4.8,4035
2025-06-14,Sebrae Nacional - Debrito Brasília,151,tiktok,sbrae_2025_psmn,psmn,"2025_6_BR_TRAF_CPC_MULHERES DE 25 A 45 ANOS; INTERESSES EM EMPREENDEDORISMO, PEQUENOS NEGÓCIOS E MEI; COMPORTAMENTO VOLTADO A ENGAJAMENTO COM PERFIS DE NEGÓCIOS E INFLUENCIADORES DE GESTÃO",2025_6_BR_VÍDEO_GABI BAILAS_ACAO_SBRAE_2025_PSMN0294,Tráfego,São Paulo,167086,"406,61",16942,11343,"2025-06-14-PSMN-167086-406,61-16942",19369,4.8,4035
2025-06-14,Sebrae Nacional - Debrito Brasília,151,tiktok,sbrae_2025_psmn,psmn,"2025_6_BR_TRAF_CPC_MULHERES DE 25 A 45 ANOS; INTERESSES EM EMPREENDEDORISMO, PEQUENOS NEGÓCIOS E MEI; COMPORTAMENTO VOLTADO A ENGAJAMENTO COM PERFIS DE NEGÓCIOS E INFLUENCIADORES DE GESTÃO",2025_6_BR_VÍDEO_GABI BAILAS_ACAO_SBRAE_2025_PSMN0294,Tráfego,Sergipe,11301,"28,64",1320,769,"2025-06-14-PSMN-11301-28,64-1320",19369,4.8,4035
2025-06-14,Sebrae Nacional - Debrito Brasília,151,tiktok,sbrae_2025_psmn,psmn,"2025_6_BR_TRAF_CPC_MULHERES DE 25 A 45 ANOS; INTERESSES EM EMPREENDEDORISMO, PEQUENOS NEGÓCIOS E MEI; COMPORTAMENTO VOLTADO A ENGAJAMENTO COM PERFIS DE NEGÓCIOS E INFLUENCIADORES DE GESTÃO",2025_6_BR_VÍDEO_GABI BAILAS_ACAO_SBRAE_2025_PSMN0294,Tráfego,Tocantins,6112,"14,55",695,426,"2025-06-14-PSMN-6112-14,55-695",19369,4.8,4035
2025-06-15,Sebrae Nacional - Debrito Brasília,151,tiktok,sbrae_2025_psmn,psmn,"2025_6_BR_TRAF_CPC_MULHERES DE 25 A 45 ANOS; INTERESSES EM EMPREENDEDORISMO, PEQUENOS NEGÓCIOS E MEI; COMPORTAMENTO VOLTADO A ENGAJAMENTO COM PERFIS DE NEGÓCIOS E INFLUENCIADORES DE GESTÃO",2025_6_BR_VÍDEO_GABI BAILAS_ACAO_SBRAE_2025_PSMN0294,Tráfego,Não identificado,5357,"16,66",735,288,"2025-06-15-PSMN-5357-16,66-735",19369,4.8,4035
2025-06-15,Sebrae Nacional - Debrito Brasília,151,tiktok,sbrae_2025_psmn,psmn,"2025_6_BR_TRAF_CPC_MULHERES DE 25 A 45 ANOS; INTERESSES EM EMPREENDEDORISMO, PEQUENOS NEGÓCIOS E MEI; COMPORTAMENTO VOLTADO A ENGAJAMENTO COM PERFIS DE NEGÓCIOS E INFLUENCIADORES DE GESTÃO",2025_6_BR_VÍDEO_GABI BAILAS_ACAO_SBRAE_2025_PSMN0294,Tráfego,Acre,2057,"5,09",266,140,"2025-06-15-PSMN-2057-5,09-266",19369,4.8,4035
2025-06-15,Sebrae Nacional - Debrito Brasília,151,tiktok,sbrae_2025_psmn,psmn,"2025_6_BR_TRAF_CPC_MULHERES DE 25 A 45 ANOS; INTERESSES EM EMPREENDEDORISMO, PEQUENOS NEGÓCIOS E MEI; COMPORTAMENTO VOLTADO A ENGAJAMENTO COM PERFIS DE NEGÓCIOS E INFLUENCIADORES DE GESTÃO",2025_6_BR_VÍDEO_GABI BAILAS_ACAO_SBRAE_2025_PSMN0294,Tráfego,Alagoas,10671,"23,8",1136,660,"2025-06-15-PSMN-10671-23,8-1136",19369,4.8,4035
2025-06-15,Sebrae Nacional - Debrito Brasília,151,tiktok,sbrae_2025_psmn,psmn,"2025_6_BR_TRAF_CPC_MULHERES DE 25 A 45 ANOS; INTERESSES EM EMPREENDEDORISMO, PEQUENOS NEGÓCIOS E MEI; COMPORTAMENTO VOLTADO A ENGAJAMENTO COM PERFIS DE NEGÓCIOS E INFLUENCIADORES DE GESTÃO",2025_6_BR_VÍDEO_GABI BAILAS_ACAO_SBRAE_2025_PSMN0294,Tráfego,Amapá,1251,"3,06",173,48,"2025-06-15-PSMN-1251-3,06-173",19369,4.8,4035
2025-06-15,Sebrae Nacional - Debrito Brasília,151,tiktok,sbrae_2025_psmn,psmn,"2025_6_BR_TRAF_CPC_MULHERES DE 25 A 45 ANOS; INTERESSES EM EMPREENDEDORISMO, PEQUENOS NEGÓCIOS E MEI; COMPORTAMENTO VOLTADO A ENGAJAMENTO COM PERFIS DE NEGÓCIOS E INFLUENCIADORES DE GESTÃO",2025_6_BR_VÍDEO_GABI BAILAS_ACAO_SBRAE_2025_PSMN0294,Tráfego,Amazonas,7738,"18,12",944,495,"2025-06-15-PSMN-7738-18,12-944",19369,4.8,4035
2025-06-15,Sebrae Nacional - Debrito Brasília,151,tiktok,sbrae_2025_psmn,psmn,"2025_6_BR_TRAF_CPC_MULHERES DE 25 A 45 ANOS; INTERESSES EM EMPREENDEDORISMO, PEQUENOS NEGÓCIOS E MEI; COMPORTAMENTO VOLTADO A ENGAJAMENTO COM PERFIS DE NEGÓCIOS E INFLUENCIADORES DE GESTÃO",2025_6_BR_VÍDEO_GABI BAILAS_ACAO_SBRAE_2025_PSMN0294,Tráfego,Bahia,43301,"109,91",5180,2832,"2025-06-15-PSMN-43301-109,91-5180",19369,4.8,4035
2025-06-15,Sebrae Nacional - Debrito Brasília,151,tiktok,sbrae_2025_psmn,psmn,"2025_6_BR_TRAF_CPC_MULHERES DE 25 A 45 ANOS; INTERESSES EM EMPREENDEDORISMO, PEQUENOS NEGÓCIOS E MEI; COMPORTAMENTO VOLTADO A ENGAJAMENTO COM PERFIS DE NEGÓCIOS E INFLUENCIADORES DE GESTÃO",2025_6_BR_VÍDEO_GABI BAILAS_ACAO_SBRAE_2025_PSMN0294,Tráfego,Ceará,21392,"62,28",2736,1470,"2025-06-15-PSMN-21392-62,28-2736",19369,4.8,4035
2025-06-15,Sebrae Nacional - Debrito Brasília,151,tiktok,sbrae_2025_psmn,psmn,"2025_6_BR_TRAF_CPC_MULHERES DE 25 A 45 ANOS; INTERESSES EM EMPREENDEDORISMO, PEQUENOS NEGÓCIOS E MEI; COMPORTAMENTO VOLTADO A ENGAJAMENTO COM PERFIS DE NEGÓCIOS E INFLUENCIADORES DE GESTÃO",2025_6_BR_VÍDEO_GABI BAILAS_ACAO_SBRAE_2025_PSMN0294,Tráfego,Distrito Federal,7126,"14,47",740,435,"2025-06-15-PSMN-7126-14,47-740",19369,4.8,4035
2025-06-15,Sebrae Nacional - Debrito Brasília,151,tiktok,sbrae_2025_psmn,psmn,"2025_6_BR_TRAF_CPC_MULHERES DE 25 A 45 ANOS; INTERESSES EM EMPREENDEDORISMO, PEQUENOS NEGÓCIOS E MEI; COMPORTAMENTO VOLTADO A ENGAJAMENTO COM PERFIS DE NEGÓCIOS E INFLUENCIADORES DE GESTÃO",2025_6_BR_VÍDEO_GABI BAILAS_ACAO_SBRAE_2025_PSMN0294,Tráfego,Espírito Santo,14913,"29,17",1471,800,"2025-06-15-PSMN-14913-29,17-1471",19369,4.8,4035
2025-06-15,Sebrae Nacional - Debrito Brasília,151,tiktok,sbrae_2025_psmn,psmn,"2025_6_BR_TRAF_CPC_MULHERES DE 25 A 45 ANOS; INTERESSES EM EMPREENDEDORISMO, PEQUENOS NEGÓCIOS E MEI; COMPORTAMENTO VOLTADO A ENGAJAMENTO COM PERFIS DE NEGÓCIOS E INFLUENCIADORES DE GESTÃO",2025_6_BR_VÍDEO_GABI BAILAS_ACAO_SBRAE_2025_PSMN0294,Tráfego,Goiás,17070,"34,36",1725,794,"2025-06-15-PSMN-17070-34,36-1725",19369,4.8,4035
2025-06-15,Sebrae Nacional - Debrito Brasília,151,tiktok,sbrae_2025_psmn,psmn,"2025_6_BR_TRAF_CPC_MULHERES DE 25 A 45 ANOS; INTERESSES EM EMPREENDEDORISMO, PEQUENOS NEGÓCIOS E MEI; COMPORTAMENTO VOLTADO A ENGAJAMENTO COM PERFIS DE NEGÓCIOS E INFLUENCIADORES DE GESTÃO",2025_6_BR_VÍDEO_GABI BAILAS_ACAO_SBRAE_2025_PSMN0294,Tráfego,Maranhão,16353,"43,4",2158,1048,"2025-06-15-PSMN-16353-43,4-2158",19369,4.8,4035
2025-06-15,Sebrae Nacional - Debrito Brasília,151,tiktok,sbrae_2025_psmn,psmn,"2025_6_BR_TRAF_CPC_MULHERES DE 25 A 45 ANOS; INTERESSES EM EMPREENDEDORISMO, PEQUENOS NEGÓCIOS E MEI; COMPORTAMENTO VOLTADO A ENGAJAMENTO COM PERFIS DE NEGÓCIOS E INFLUENCIADORES DE GESTÃO",2025_6_BR_VÍDEO_GABI BAILAS_ACAO_SBRAE_2025_PSMN0294,Tráfego,Mato Grosso,10722,"20,1",1138,537,"2025-06-15-PSMN-10722-20,1-1138",19369,4.8,4035
2025-06-15,Sebrae Nacional - Debrito Brasília,151,tiktok,sbrae_2025_psmn,psmn,"2025_6_BR_TRAF_CPC_MULHERES DE 25 A 45 ANOS; INTERESSES EM EMPREENDEDORISMO, PEQUENOS NEGÓCIOS E MEI; COMPORTAMENTO VOLTADO A ENGAJAMENTO COM PERFIS DE NEGÓCIOS E INFLUENCIADORES DE GESTÃO",2025_6_BR_VÍDEO_GABI BAILAS_ACAO_SBRAE_2025_PSMN0294,Tráfego,Mato Grosso do Sul,8047,"17,37",889,428,"2025-06-15-PSMN-8047-17,37-889",19369,4.8,4035
2025-06-15,Sebrae Nacional - Debrito Brasília,151,tiktok,sbrae_2025_psmn,psmn,"2025_6_BR_TRAF_CPC_MULHERES DE 25 A 45 ANOS; INTERESSES EM EMPREENDEDORISMO, PEQUENOS NEGÓCIOS E MEI; COMPORTAMENTO VOLTADO A ENGAJAMENTO COM PERFIS DE NEGÓCIOS E INFLUENCIADORES DE GESTÃO",2025_6_BR_VÍDEO_GABI BAILAS_ACAO_SBRAE_2025_PSMN0294,Tráfego,Minas Gerais,50172,"120,54",5630,2913,"2025-06-15-PSMN-50172-120,54-5630",19369,4.8,4035
2025-06-15,Sebrae Nacional - Debrito Brasília,151,tiktok,sbrae_2025_psmn,psmn,"2025_6_BR_TRAF_CPC_MULHERES DE 25 A 45 ANOS; INTERESSES EM EMPREENDEDORISMO, PEQUENOS NEGÓCIOS E MEI; COMPORTAMENTO VOLTADO A ENGAJAMENTO COM PERFIS DE NEGÓCIOS E INFLUENCIADORES DE GESTÃO",2025_6_BR_VÍDEO_GABI BAILAS_ACAO_SBRAE_2025_PSMN0294,Tráfego,Pará,18189,"45,67",2296,1211,"2025-06-15-PSMN-18189-45,67-2296",19369,4.8,4035
2025-06-15,Sebrae Nacional - Debrito Brasília,151,tiktok,sbrae_2025_psmn,psmn,"2025_6_BR_TRAF_CPC_MULHERES DE 25 A 45 ANOS; INTERESSES EM EMPREENDEDORISMO, PEQUENOS NEGÓCIOS E MEI; COMPORTAMENTO VOLTADO A ENGAJAMENTO COM PERFIS DE NEGÓCIOS E INFLUENCIADORES DE GESTÃO",2025_6_BR_VÍDEO_GABI BAILAS_ACAO_SBRAE_2025_PSMN0294,Tráfego,Paraíba,11435,"28,59",1392,657,"2025-06-15-PSMN-11435-28,59-1392",19369,4.8,4035
2025-06-15,Sebrae Nacional - Debrito Brasília,151,tiktok,sbrae_2025_psmn,psmn,"2025_6_BR_TRAF_CPC_MULHERES DE 25 A 45 ANOS; INTERESSES EM EMPREENDEDORISMO, PEQUENOS NEGÓCIOS E MEI; COMPORTAMENTO VOLTADO A ENGAJAMENTO COM PERFIS DE NEGÓCIOS E INFLUENCIADORES DE GESTÃO",2025_6_BR_VÍDEO_GABI BAILAS_ACAO_SBRAE_2025_PSMN0294,Tráfego,Paraná,23332,"53,21",2527,1213,"2025-06-15-PSMN-23332-53,21-2527",19369,4.8,4035
2025-06-15,Sebrae Nacional - Debrito Brasília,151,tiktok,sbrae_2025_psmn,psmn,"2025_6_BR_TRAF_CPC_MULHERES DE 25 A 45 ANOS; INTERESSES EM EMPREENDEDORISMO, PEQUENOS NEGÓCIOS E MEI; COMPORTAMENTO VOLTADO A ENGAJAMENTO COM PERFIS DE NEGÓCIOS E INFLUENCIADORES DE GESTÃO",2025_6_BR_VÍDEO_GABI BAILAS_ACAO_SBRAE_2025_PSMN0294,Tráfego,Pernambuco,29399,"71,23",3362,1775,"2025-06-15-PSMN-29399-71,23-3362",19369,4.8,4035
2025-06-15,Sebrae Nacional - Debrito Brasília,151,tiktok,sbrae_2025_psmn,psmn,"2025_6_BR_TRAF_CPC_MULHERES DE 25 A 45 ANOS; INTERESSES EM EMPREENDEDORISMO, PEQUENOS NEGÓCIOS E MEI; COMPORTAMENTO VOLTADO A ENGAJAMENTO COM PERFIS DE NEGÓCIOS E INFLUENCIADORES DE GESTÃO",2025_6_BR_VÍDEO_GABI BAILAS_ACAO_SBRAE_2025_PSMN0294,Tráfego,Piauí,8967,"20,32",977,573,"2025-06-15-PSMN-8967-20,32-977",19369,4.8,4035
2025-06-15,Sebrae Nacional - Debrito Brasília,151,tiktok,sbrae_2025_psmn,psmn,"2025_6_BR_TRAF_CPC_MULHERES DE 25 A 45 ANOS; INTERESSES EM EMPREENDEDORISMO, PEQUENOS NEGÓCIOS E MEI; COMPORTAMENTO VOLTADO A ENGAJAMENTO COM PERFIS DE NEGÓCIOS E INFLUENCIADORES DE GESTÃO",2025_6_BR_VÍDEO_GABI BAILAS_ACAO_SBRAE_2025_PSMN0294,Tráfego,Rio Grande do Norte,8212,"19,53",981,508,"2025-06-15-PSMN-8212-19,53-981",19369,4.8,4035
2025-06-15,Sebrae Nacional - Debrito Brasília,151,tiktok,sbrae_2025_psmn,psmn,"2025_6_BR_TRAF_CPC_MULHERES DE 25 A 45 ANOS; INTERESSES EM EMPREENDEDORISMO, PEQUENOS NEGÓCIOS E MEI; COMPORTAMENTO VOLTADO A ENGAJAMENTO COM PERFIS DE NEGÓCIOS E INFLUENCIADORES DE GESTÃO",2025_6_BR_VÍDEO_GABI BAILAS_ACAO_SBRAE_2025_PSMN0294,Tráfego,Rio Grande do Sul,19243,"33,16",1693,897,"2025-06-15-PSMN-19243-33,16-1693",19369,4.8,4035
2025-06-15,Sebrae Nacional - Debrito Brasília,151,tiktok,sbrae_2025_psmn,psmn,"2025_6_BR_TRAF_CPC_MULHERES DE 25 A 45 ANOS; INTERESSES EM EMPREENDEDORISMO, PEQUENOS NEGÓCIOS E MEI; COMPORTAMENTO VOLTADO A ENGAJAMENTO COM PERFIS DE NEGÓCIOS E INFLUENCIADORES DE GESTÃO",2025_6_BR_VÍDEO_GABI BAILAS_ACAO_SBRAE_2025_PSMN0294,Tráfego,Rio de Janeiro,63755,"144,46",6695,3902,"2025-06-15-PSMN-63755-144,46-6695",19369,4.8,4035
2025-06-15,Sebrae Nacional - Debrito Brasília,151,tiktok,sbrae_2025_psmn,psmn,"2025_6_BR_TRAF_CPC_MULHERES DE 25 A 45 ANOS; INTERESSES EM EMPREENDEDORISMO, PEQUENOS NEGÓCIOS E MEI; COMPORTAMENTO VOLTADO A ENGAJAMENTO COM PERFIS DE NEGÓCIOS E INFLUENCIADORES DE GESTÃO",2025_6_BR_VÍDEO_GABI BAILAS_ACAO_SBRAE_2025_PSMN0294,Tráfego,Rondônia,3801,"7,65",435,195,"2025-06-15-PSMN-3801-7,65-435",19369,4.8,4035
2025-06-15,Sebrae Nacional - Debrito Brasília,151,tiktok,sbrae_2025_psmn,psmn,"2025_6_BR_TRAF_CPC_MULHERES DE 25 A 45 ANOS; INTERESSES EM EMPREENDEDORISMO, PEQUENOS NEGÓCIOS E MEI; COMPORTAMENTO VOLTADO A ENGAJAMENTO COM PERFIS DE NEGÓCIOS E INFLUENCIADORES DE GESTÃO",2025_6_BR_VÍDEO_GABI BAILAS_ACAO_SBRAE_2025_PSMN0294,Tráfego,Roraima,1580,"2,92",187,82,"2025-06-15-PSMN-1580-2,92-187",19369,4.8,4035
2025-06-15,Sebrae Nacional - Debrito Brasília,151,tiktok,sbrae_2025_psmn,psmn,"2025_6_BR_TRAF_CPC_MULHERES DE 25 A 45 ANOS; INTERESSES EM EMPREENDEDORISMO, PEQUENOS NEGÓCIOS E MEI; COMPORTAMENTO VOLTADO A ENGAJAMENTO COM PERFIS DE NEGÓCIOS E INFLUENCIADORES DE GESTÃO",2025_6_BR_VÍDEO_GABI BAILAS_ACAO_SBRAE_2025_PSMN0294,Tráfego,Santa Catarina,13457,"26,78",1461,716,"2025-06-15-PSMN-13457-26,78-1461",19369,4.8,4035
2025-06-15,Sebrae Nacional - Debrito Brasília,151,tiktok,sbrae_2025_psmn,psmn,"2025_6_BR_TRAF_CPC_MULHERES DE 25 A 45 ANOS; INTERESSES EM EMPREENDEDORISMO, PEQUENOS NEGÓCIOS E MEI; COMPORTAMENTO VOLTADO A ENGAJAMENTO COM PERFIS DE NEGÓCIOS E INFLUENCIADORES DE GESTÃO",2025_6_BR_VÍDEO_GABI BAILAS_ACAO_SBRAE_2025_PSMN0294,Tráfego,São Paulo,99593,"223,1",9814,5380,"2025-06-15-PSMN-99593-223,1-9814",19369,4.8,4035
2025-06-15,Sebrae Nacional - Debrito Brasília,151,tiktok,sbrae_2025_psmn,psmn,"2025_6_BR_TRAF_CPC_MULHERES DE 25 A 45 ANOS; INTERESSES EM EMPREENDEDORISMO, PEQUENOS NEGÓCIOS E MEI; COMPORTAMENTO VOLTADO A ENGAJAMENTO COM PERFIS DE NEGÓCIOS E INFLUENCIADORES DE GESTÃO",2025_6_BR_VÍDEO_GABI BAILAS_ACAO_SBRAE_2025_PSMN0294,Tráfego,Sergipe,7624,"17,63",889,382,"2025-06-15-PSMN-7624-17,63-889",19369,4.8,4035
2025-06-15,Sebrae Nacional - Debrito Brasília,151,tiktok,sbrae_2025_psmn,psmn,"2025_6_BR_TRAF_CPC_MULHERES DE 25 A 45 ANOS; INTERESSES EM EMPREENDEDORISMO, PEQUENOS NEGÓCIOS E MEI; COMPORTAMENTO VOLTADO A ENGAJAMENTO COM PERFIS DE NEGÓCIOS E INFLUENCIADORES DE GESTÃO",2025_6_BR_VÍDEO_GABI BAILAS_ACAO_SBRAE_2025_PSMN0294,Tráfego,Tocantins,3722,"8,89",481,252,"2025-06-15-PSMN-3722-8,89-481",19369,4.8,4035
