date,account_name,id_veiculo,veiculo,id_campanha,campanha,ad_group_name,ad_name,objective,age,impressions,cost,link_clicks,video_watched_100,id,verba,custo_por_resultado_projetado,volume_esperado
2025-06-06,Sebrae Nacional - DEBRITO,2,instagram,sbrae_2025_psmn,psmn,"2025_6_BR_TRAF_CPC_MULHERES DE 25 A 45 ANOS; INTERESSES EM EMPREENDEDORISMO, PEQUENOS NEGÓCIOS E MEI; COMPORTAMENTO VOLTADO A ENGAJAMENTO COM PERFIS DE NEGÓCIOS E INFLUENCIADORES DE GESTÃO",2025_6_BR_REELS_GABRIELA BAILAS REELS_ACAO_SBRAE_2025_PSMN0289,Tráfego,25-34,56787,"242,83",325,15,"2025-06-06-PSMN-56787-242,83-325",50440,2.5,20176
2025-06-06,Sebrae Nacional - DEBRITO,2,instagram,sbrae_2025_psmn,psmn,"2025_6_BR_TRAF_CPC_MULHERES DE 25 A 45 ANOS; INTERESSES EM EMPREENDEDORISMO, PEQUENOS NEGÓCIOS E MEI; COMPORTAMENTO VOLTADO A ENGAJAMENTO COM PERFIS DE NEGÓCIOS E INFLUENCIADORES DE GESTÃO",2025_6_BR_REELS_VIC CERIDONO REELS_ACAO_SBRAE_2025_PSMN0290,Tráfego,25-34,126204,"875,03",848,220,"2025-06-06-PSMN-126204-875,03-848",50440,2.5,20176
2025-06-06,Sebrae Nacional - DEBRITO,2,instagram,sbrae_2025_psmn,psmn,"2025_6_BR_TRAF_CPC_MULHERES DE 25 A 45 ANOS; INTERESSES EM EMPREENDEDORISMO, PEQUENOS NEGÓCIOS E MEI; COMPORTAMENTO VOLTADO A ENGAJAMENTO COM PERFIS DE NEGÓCIOS E INFLUENCIADORES DE GESTÃO",2025_6_BR_STORIES_GABRIELA BAILAS STORIES_ACAO_SBRAE_2025_PSMN0292,Tráfego,25-34,1261,"12,24",8,26,"2025-06-06-PSMN-1261-12,24-8",50440,2.5,20176
2025-06-06,Sebrae Nacional - DEBRITO,2,instagram,sbrae_2025_psmn,psmn,"2025_6_BR_TRAF_CPC_MULHERES DE 25 A 45 ANOS; INTERESSES EM EMPREENDEDORISMO, PEQUENOS NEGÓCIOS E MEI; COMPORTAMENTO VOLTADO A ENGAJAMENTO COM PERFIS DE NEGÓCIOS E INFLUENCIADORES DE GESTÃO",2025_6_BR_STORIES_VIC CERIDONO STORIES_ACAO_SBRAE_2025_PSMN0291,Tráfego,25-34,10950,"85,2",190,331,"2025-06-06-PSMN-10950-85,2-190",50440,2.5,20176
2025-06-06,Sebrae Nacional - DEBRITO,2,instagram,sbrae_2025_psmn,psmn,"2025_6_BR_TRAF_CPC_MULHERES DE 25 A 45 ANOS; INTERESSES EM EMPREENDEDORISMO, PEQUENOS NEGÓCIOS E MEI; COMPORTAMENTO VOLTADO A ENGAJAMENTO COM PERFIS DE NEGÓCIOS E INFLUENCIADORES DE GESTÃO",2025_6_BR_REELS_GABRIELA BAILAS REELS_ACAO_SBRAE_2025_PSMN0289,Tráfego,35-44,19039,"115,25",155,10,"2025-06-06-PSMN-19039-115,25-155",50440,2.5,20176
2025-06-06,Sebrae Nacional - DEBRITO,2,instagram,sbrae_2025_psmn,psmn,"2025_6_BR_TRAF_CPC_MULHERES DE 25 A 45 ANOS; INTERESSES EM EMPREENDEDORISMO, PEQUENOS NEGÓCIOS E MEI; COMPORTAMENTO VOLTADO A ENGAJAMENTO COM PERFIS DE NEGÓCIOS E INFLUENCIADORES DE GESTÃO",2025_6_BR_REELS_VIC CERIDONO REELS_ACAO_SBRAE_2025_PSMN0290,Tráfego,35-44,93730,"901,66",790,243,"2025-06-06-PSMN-93730-901,66-790",50440,2.5,20176
2025-06-06,Sebrae Nacional - DEBRITO,2,instagram,sbrae_2025_psmn,psmn,"2025_6_BR_TRAF_CPC_MULHERES DE 25 A 45 ANOS; INTERESSES EM EMPREENDEDORISMO, PEQUENOS NEGÓCIOS E MEI; COMPORTAMENTO VOLTADO A ENGAJAMENTO COM PERFIS DE NEGÓCIOS E INFLUENCIADORES DE GESTÃO",2025_6_BR_STORIES_GABRIELA BAILAS STORIES_ACAO_SBRAE_2025_PSMN0292,Tráfego,35-44,1699,"22,12",23,55,"2025-06-06-PSMN-1699-22,12-23",50440,2.5,20176
2025-06-06,Sebrae Nacional - DEBRITO,2,instagram,sbrae_2025_psmn,psmn,"2025_6_BR_TRAF_CPC_MULHERES DE 25 A 45 ANOS; INTERESSES EM EMPREENDEDORISMO, PEQUENOS NEGÓCIOS E MEI; COMPORTAMENTO VOLTADO A ENGAJAMENTO COM PERFIS DE NEGÓCIOS E INFLUENCIADORES DE GESTÃO",2025_6_BR_STORIES_VIC CERIDONO STORIES_ACAO_SBRAE_2025_PSMN0291,Tráfego,35-44,18218,"125,69",273,649,"2025-06-06-PSMN-18218-125,69-273",50440,2.5,20176
2025-06-06,Sebrae Nacional - DEBRITO,2,instagram,sbrae_2025_psmn,psmn,"2025_6_BR_TRAF_CPC_MULHERES DE 25 A 45 ANOS; INTERESSES EM EMPREENDEDORISMO, PEQUENOS NEGÓCIOS E MEI; COMPORTAMENTO VOLTADO A ENGAJAMENTO COM PERFIS DE NEGÓCIOS E INFLUENCIADORES DE GESTÃO",2025_6_BR_REELS_GABRIELA BAILAS REELS_ACAO_SBRAE_2025_PSMN0289,Tráfego,45-54,3787,38,59,2,2025-06-06-PSMN-3787-38-59,50440,2.5,20176
2025-06-06,Sebrae Nacional - DEBRITO,2,instagram,sbrae_2025_psmn,psmn,"2025_6_BR_TRAF_CPC_MULHERES DE 25 A 45 ANOS; INTERESSES EM EMPREENDEDORISMO, PEQUENOS NEGÓCIOS E MEI; COMPORTAMENTO VOLTADO A ENGAJAMENTO COM PERFIS DE NEGÓCIOS E INFLUENCIADORES DE GESTÃO",2025_6_BR_REELS_VIC CERIDONO REELS_ACAO_SBRAE_2025_PSMN0290,Tráfego,45-54,34837,"327,39",434,93,"2025-06-06-PSMN-34837-327,39-434",50440,2.5,20176
2025-06-06,Sebrae Nacional - DEBRITO,2,instagram,sbrae_2025_psmn,psmn,"2025_6_BR_TRAF_CPC_MULHERES DE 25 A 45 ANOS; INTERESSES EM EMPREENDEDORISMO, PEQUENOS NEGÓCIOS E MEI; COMPORTAMENTO VOLTADO A ENGAJAMENTO COM PERFIS DE NEGÓCIOS E INFLUENCIADORES DE GESTÃO",2025_6_BR_STORIES_GABRIELA BAILAS STORIES_ACAO_SBRAE_2025_PSMN0292,Tráfego,45-54,705,"5,79",13,19,"2025-06-06-PSMN-705-5,79-13",50440,2.5,20176
2025-06-06,Sebrae Nacional - DEBRITO,2,instagram,sbrae_2025_psmn,psmn,"2025_6_BR_TRAF_CPC_MULHERES DE 25 A 45 ANOS; INTERESSES EM EMPREENDEDORISMO, PEQUENOS NEGÓCIOS E MEI; COMPORTAMENTO VOLTADO A ENGAJAMENTO COM PERFIS DE NEGÓCIOS E INFLUENCIADORES DE GESTÃO",2025_6_BR_STORIES_VIC CERIDONO STORIES_ACAO_SBRAE_2025_PSMN0291,Tráfego,45-54,13580,91,290,584,2025-06-06-PSMN-13580-91-290,50440,2.5,20176
2025-06-06,Sebrae Nacional - DEBRITO,2,instagram,sbrae_2025_psmn,psmn,"2025_6_BR_TRAF_CPC_MULHERES DE 25 A 45 ANOS; INTERESSES EM EMPREENDEDORISMO, PEQUENOS NEGÓCIOS E MEI; COMPORTAMENTO VOLTADO A ENGAJAMENTO COM PERFIS DE NEGÓCIOS E INFLUENCIADORES DE GESTÃO",2025_6_BR_REELS_GABRIELA BAILAS REELS_ACAO_SBRAE_2025_PSMN0289,Tráfego,55+,1663,"29,77",55,3,"2025-06-06-PSMN-1663-29,77-55",50440,2.5,20176
2025-06-06,Sebrae Nacional - DEBRITO,2,instagram,sbrae_2025_psmn,psmn,"2025_6_BR_TRAF_CPC_MULHERES DE 25 A 45 ANOS; INTERESSES EM EMPREENDEDORISMO, PEQUENOS NEGÓCIOS E MEI; COMPORTAMENTO VOLTADO A ENGAJAMENTO COM PERFIS DE NEGÓCIOS E INFLUENCIADORES DE GESTÃO",2025_6_BR_REELS_VIC CERIDONO REELS_ACAO_SBRAE_2025_PSMN0290,Tráfego,55+,26669,"249,09",447,92,"2025-06-06-PSMN-26669-249,09-447",50440,2.5,20176
2025-06-06,Sebrae Nacional - DEBRITO,2,instagram,sbrae_2025_psmn,psmn,"2025_6_BR_TRAF_CPC_MULHERES DE 25 A 45 ANOS; INTERESSES EM EMPREENDEDORISMO, PEQUENOS NEGÓCIOS E MEI; COMPORTAMENTO VOLTADO A ENGAJAMENTO COM PERFIS DE NEGÓCIOS E INFLUENCIADORES DE GESTÃO",2025_6_BR_STORIES_GABRIELA BAILAS STORIES_ACAO_SBRAE_2025_PSMN0292,Tráfego,55+,603,"5,02",16,17,"2025-06-06-PSMN-603-5,02-16",50440,2.5,20176
2025-06-06,Sebrae Nacional - DEBRITO,2,instagram,sbrae_2025_psmn,psmn,"2025_6_BR_TRAF_CPC_MULHERES DE 25 A 45 ANOS; INTERESSES EM EMPREENDEDORISMO, PEQUENOS NEGÓCIOS E MEI; COMPORTAMENTO VOLTADO A ENGAJAMENTO COM PERFIS DE NEGÓCIOS E INFLUENCIADORES DE GESTÃO",2025_6_BR_STORIES_VIC CERIDONO STORIES_ACAO_SBRAE_2025_PSMN0291,Tráfego,55+,10874,"80,92",256,547,"2025-06-06-PSMN-10874-80,92-256",50440,2.5,20176
2025-06-06,Sebrae Nacional - DEBRITO,2,instagram,sbrae_2025_psmn,psmn,"2025_6_BR_TRAF_CPC_MULHERES DE 25 A 45 ANOS; INTERESSES EM EMPREENDEDORISMO, PEQUENOS NEGÓCIOS E MEI; COMPORTAMENTO VOLTADO A ENGAJAMENTO COM PERFIS DE NEGÓCIOS E INFLUENCIADORES DE GESTÃO",2025_6_BR_REELS_GABRIELA BAILAS REELS_ACAO_SBRAE_2025_PSMN0289,Tráfego,55+,1030,"32,74",62,1,"2025-06-06-PSMN-1030-32,74-62",50440,2.5,20176
2025-06-06,Sebrae Nacional - DEBRITO,2,instagram,sbrae_2025_psmn,psmn,"2025_6_BR_TRAF_CPC_MULHERES DE 25 A 45 ANOS; INTERESSES EM EMPREENDEDORISMO, PEQUENOS NEGÓCIOS E MEI; COMPORTAMENTO VOLTADO A ENGAJAMENTO COM PERFIS DE NEGÓCIOS E INFLUENCIADORES DE GESTÃO",2025_6_BR_REELS_VIC CERIDONO REELS_ACAO_SBRAE_2025_PSMN0290,Tráfego,55+,27239,"364,78",812,147,"2025-06-06-PSMN-27239-364,78-812",50440,2.5,20176
2025-06-06,Sebrae Nacional - DEBRITO,2,instagram,sbrae_2025_psmn,psmn,"2025_6_BR_TRAF_CPC_MULHERES DE 25 A 45 ANOS; INTERESSES EM EMPREENDEDORISMO, PEQUENOS NEGÓCIOS E MEI; COMPORTAMENTO VOLTADO A ENGAJAMENTO COM PERFIS DE NEGÓCIOS E INFLUENCIADORES DE GESTÃO",2025_6_BR_STORIES_GABRIELA BAILAS STORIES_ACAO_SBRAE_2025_PSMN0292,Tráfego,55+,421,"5,86",22,12,"2025-06-06-PSMN-421-5,86-22",50440,2.5,20176
2025-06-06,Sebrae Nacional - DEBRITO,2,instagram,sbrae_2025_psmn,psmn,"2025_6_BR_TRAF_CPC_MULHERES DE 25 A 45 ANOS; INTERESSES EM EMPREENDEDORISMO, PEQUENOS NEGÓCIOS E MEI; COMPORTAMENTO VOLTADO A ENGAJAMENTO COM PERFIS DE NEGÓCIOS E INFLUENCIADORES DE GESTÃO",2025_6_BR_STORIES_VIC CERIDONO STORIES_ACAO_SBRAE_2025_PSMN0291,Tráfego,55+,9489,"124,3",421,598,"2025-06-06-PSMN-9489-124,3-421",50440,2.5,20176
2025-06-07,Sebrae Nacional - DEBRITO,2,instagram,sbrae_2025_psmn,psmn,"2025_6_BR_TRAF_CPC_MULHERES DE 25 A 45 ANOS; INTERESSES EM EMPREENDEDORISMO, PEQUENOS NEGÓCIOS E MEI; COMPORTAMENTO VOLTADO A ENGAJAMENTO COM PERFIS DE NEGÓCIOS E INFLUENCIADORES DE GESTÃO",2025_6_BR_REELS_GABRIELA BAILAS REELS_ACAO_SBRAE_2025_PSMN0289,Tráfego,25-34,201835,"724,58",1286,10,"2025-06-07-PSMN-201835-724,58-1286",50440,2.5,20176
2025-06-07,Sebrae Nacional - DEBRITO,2,instagram,sbrae_2025_psmn,psmn,"2025_6_BR_TRAF_CPC_MULHERES DE 25 A 45 ANOS; INTERESSES EM EMPREENDEDORISMO, PEQUENOS NEGÓCIOS E MEI; COMPORTAMENTO VOLTADO A ENGAJAMENTO COM PERFIS DE NEGÓCIOS E INFLUENCIADORES DE GESTÃO",2025_6_BR_REELS_VIC CERIDONO REELS_ACAO_SBRAE_2025_PSMN0290,Tráfego,25-34,175537,"862,79",1633,306,"2025-06-07-PSMN-175537-862,79-1633",50440,2.5,20176
2025-06-07,Sebrae Nacional - DEBRITO,2,instagram,sbrae_2025_psmn,psmn,"2025_6_BR_TRAF_CPC_MULHERES DE 25 A 45 ANOS; INTERESSES EM EMPREENDEDORISMO, PEQUENOS NEGÓCIOS E MEI; COMPORTAMENTO VOLTADO A ENGAJAMENTO COM PERFIS DE NEGÓCIOS E INFLUENCIADORES DE GESTÃO",2025_6_BR_STORIES_GABRIELA BAILAS STORIES_ACAO_SBRAE_2025_PSMN0292,Tráfego,25-34,16117,"135,91",403,226,"2025-06-07-PSMN-16117-135,91-403",50440,2.5,20176
2025-06-07,Sebrae Nacional - DEBRITO,2,instagram,sbrae_2025_psmn,psmn,"2025_6_BR_TRAF_CPC_MULHERES DE 25 A 45 ANOS; INTERESSES EM EMPREENDEDORISMO, PEQUENOS NEGÓCIOS E MEI; COMPORTAMENTO VOLTADO A ENGAJAMENTO COM PERFIS DE NEGÓCIOS E INFLUENCIADORES DE GESTÃO",2025_6_BR_STORIES_VIC CERIDONO STORIES_ACAO_SBRAE_2025_PSMN0291,Tráfego,25-34,24011,"163,65",432,714,"2025-06-07-PSMN-24011-163,65-432",50440,2.5,20176
2025-06-07,Sebrae Nacional - DEBRITO,2,instagram,sbrae_2025_psmn,psmn,"2025_6_BR_TRAF_CPC_MULHERES DE 25 A 45 ANOS; INTERESSES EM EMPREENDEDORISMO, PEQUENOS NEGÓCIOS E MEI; COMPORTAMENTO VOLTADO A ENGAJAMENTO COM PERFIS DE NEGÓCIOS E INFLUENCIADORES DE GESTÃO",2025_6_BR_REELS_GABRIELA BAILAS REELS_ACAO_SBRAE_2025_PSMN0289,Tráfego,35-44,46894,"243,66",445,6,"2025-06-07-PSMN-46894-243,66-445",50440,2.5,20176
2025-06-07,Sebrae Nacional - DEBRITO,2,instagram,sbrae_2025_psmn,psmn,"2025_6_BR_TRAF_CPC_MULHERES DE 25 A 45 ANOS; INTERESSES EM EMPREENDEDORISMO, PEQUENOS NEGÓCIOS E MEI; COMPORTAMENTO VOLTADO A ENGAJAMENTO COM PERFIS DE NEGÓCIOS E INFLUENCIADORES DE GESTÃO",2025_6_BR_REELS_VIC CERIDONO REELS_ACAO_SBRAE_2025_PSMN0290,Tráfego,35-44,64314,"452,26",887,193,"2025-06-07-PSMN-64314-452,26-887",50440,2.5,20176
2025-06-07,Sebrae Nacional - DEBRITO,2,instagram,sbrae_2025_psmn,psmn,"2025_6_BR_TRAF_CPC_MULHERES DE 25 A 45 ANOS; INTERESSES EM EMPREENDEDORISMO, PEQUENOS NEGÓCIOS E MEI; COMPORTAMENTO VOLTADO A ENGAJAMENTO COM PERFIS DE NEGÓCIOS E INFLUENCIADORES DE GESTÃO",2025_6_BR_STORIES_GABRIELA BAILAS STORIES_ACAO_SBRAE_2025_PSMN0292,Tráfego,35-44,17572,"135,03",453,266,"2025-06-07-PSMN-17572-135,03-453",50440,2.5,20176
2025-06-07,Sebrae Nacional - DEBRITO,2,instagram,sbrae_2025_psmn,psmn,"2025_6_BR_TRAF_CPC_MULHERES DE 25 A 45 ANOS; INTERESSES EM EMPREENDEDORISMO, PEQUENOS NEGÓCIOS E MEI; COMPORTAMENTO VOLTADO A ENGAJAMENTO COM PERFIS DE NEGÓCIOS E INFLUENCIADORES DE GESTÃO",2025_6_BR_STORIES_VIC CERIDONO STORIES_ACAO_SBRAE_2025_PSMN0291,Tráfego,35-44,38413,"242,6",668,1418,"2025-06-07-PSMN-38413-242,6-668",50440,2.5,20176
2025-06-07,Sebrae Nacional - DEBRITO,2,instagram,sbrae_2025_psmn,psmn,"2025_6_BR_TRAF_CPC_MULHERES DE 25 A 45 ANOS; INTERESSES EM EMPREENDEDORISMO, PEQUENOS NEGÓCIOS E MEI; COMPORTAMENTO VOLTADO A ENGAJAMENTO COM PERFIS DE NEGÓCIOS E INFLUENCIADORES DE GESTÃO",2025_6_BR_REELS_GABRIELA BAILAS REELS_ACAO_SBRAE_2025_PSMN0289,Tráfego,45-54,8253,"68,41",135,2,"2025-06-07-PSMN-8253-68,41-135",50440,2.5,20176
2025-06-07,Sebrae Nacional - DEBRITO,2,instagram,sbrae_2025_psmn,psmn,"2025_6_BR_TRAF_CPC_MULHERES DE 25 A 45 ANOS; INTERESSES EM EMPREENDEDORISMO, PEQUENOS NEGÓCIOS E MEI; COMPORTAMENTO VOLTADO A ENGAJAMENTO COM PERFIS DE NEGÓCIOS E INFLUENCIADORES DE GESTÃO",2025_6_BR_REELS_VIC CERIDONO REELS_ACAO_SBRAE_2025_PSMN0290,Tráfego,45-54,28338,"211,25",585,107,"2025-06-07-PSMN-28338-211,25-585",50440,2.5,20176
2025-06-07,Sebrae Nacional - DEBRITO,2,instagram,sbrae_2025_psmn,psmn,"2025_6_BR_TRAF_CPC_MULHERES DE 25 A 45 ANOS; INTERESSES EM EMPREENDEDORISMO, PEQUENOS NEGÓCIOS E MEI; COMPORTAMENTO VOLTADO A ENGAJAMENTO COM PERFIS DE NEGÓCIOS E INFLUENCIADORES DE GESTÃO",2025_6_BR_STORIES_GABRIELA BAILAS STORIES_ACAO_SBRAE_2025_PSMN0292,Tráfego,45-54,16354,"116,82",515,282,"2025-06-07-PSMN-16354-116,82-515",50440,2.5,20176
2025-06-07,Sebrae Nacional - DEBRITO,2,instagram,sbrae_2025_psmn,psmn,"2025_6_BR_TRAF_CPC_MULHERES DE 25 A 45 ANOS; INTERESSES EM EMPREENDEDORISMO, PEQUENOS NEGÓCIOS E MEI; COMPORTAMENTO VOLTADO A ENGAJAMENTO COM PERFIS DE NEGÓCIOS E INFLUENCIADORES DE GESTÃO",2025_6_BR_STORIES_VIC CERIDONO STORIES_ACAO_SBRAE_2025_PSMN0291,Tráfego,45-54,42500,"261,45",1022,1940,"2025-06-07-PSMN-42500-261,45-1022",50440,2.5,20176
2025-06-07,Sebrae Nacional - DEBRITO,2,instagram,sbrae_2025_psmn,psmn,"2025_6_BR_TRAF_CPC_MULHERES DE 25 A 45 ANOS; INTERESSES EM EMPREENDEDORISMO, PEQUENOS NEGÓCIOS E MEI; COMPORTAMENTO VOLTADO A ENGAJAMENTO COM PERFIS DE NEGÓCIOS E INFLUENCIADORES DE GESTÃO",2025_6_BR_REELS_GABRIELA BAILAS REELS_ACAO_SBRAE_2025_PSMN0289,Tráfego,55+,3166,"50,31",110,1,"2025-06-07-PSMN-3166-50,31-110",50440,2.5,20176
2025-06-07,Sebrae Nacional - DEBRITO,2,instagram,sbrae_2025_psmn,psmn,"2025_6_BR_TRAF_CPC_MULHERES DE 25 A 45 ANOS; INTERESSES EM EMPREENDEDORISMO, PEQUENOS NEGÓCIOS E MEI; COMPORTAMENTO VOLTADO A ENGAJAMENTO COM PERFIS DE NEGÓCIOS E INFLUENCIADORES DE GESTÃO",2025_6_BR_REELS_VIC CERIDONO REELS_ACAO_SBRAE_2025_PSMN0290,Tráfego,55+,29187,"251,21",758,142,"2025-06-07-PSMN-29187-251,21-758",50440,2.5,20176
2025-06-07,Sebrae Nacional - DEBRITO,2,instagram,sbrae_2025_psmn,psmn,"2025_6_BR_TRAF_CPC_MULHERES DE 25 A 45 ANOS; INTERESSES EM EMPREENDEDORISMO, PEQUENOS NEGÓCIOS E MEI; COMPORTAMENTO VOLTADO A ENGAJAMENTO COM PERFIS DE NEGÓCIOS E INFLUENCIADORES DE GESTÃO",2025_6_BR_STORIES_GABRIELA BAILAS STORIES_ACAO_SBRAE_2025_PSMN0292,Tráfego,55+,18952,"157,54",827,431,"2025-06-07-PSMN-18952-157,54-827",50440,2.5,20176
2025-06-07,Sebrae Nacional - DEBRITO,2,instagram,sbrae_2025_psmn,psmn,"2025_6_BR_TRAF_CPC_MULHERES DE 25 A 45 ANOS; INTERESSES EM EMPREENDEDORISMO, PEQUENOS NEGÓCIOS E MEI; COMPORTAMENTO VOLTADO A ENGAJAMENTO COM PERFIS DE NEGÓCIOS E INFLUENCIADORES DE GESTÃO",2025_6_BR_STORIES_VIC CERIDONO STORIES_ACAO_SBRAE_2025_PSMN0291,Tráfego,55+,35547,"247,9",976,1847,"2025-06-07-PSMN-35547-247,9-976",50440,2.5,20176
2025-06-07,Sebrae Nacional - DEBRITO,2,instagram,sbrae_2025_psmn,psmn,"2025_6_BR_TRAF_CPC_MULHERES DE 25 A 45 ANOS; INTERESSES EM EMPREENDEDORISMO, PEQUENOS NEGÓCIOS E MEI; COMPORTAMENTO VOLTADO A ENGAJAMENTO COM PERFIS DE NEGÓCIOS E INFLUENCIADORES DE GESTÃO",2025_6_BR_REELS_GABRIELA BAILAS REELS_ACAO_SBRAE_2025_PSMN0289,Tráfego,55+,2307,"58,1",133,2,"2025-06-07-PSMN-2307-58,1-133",50440,2.5,20176
2025-06-07,Sebrae Nacional - DEBRITO,2,instagram,sbrae_2025_psmn,psmn,"2025_6_BR_TRAF_CPC_MULHERES DE 25 A 45 ANOS; INTERESSES EM EMPREENDEDORISMO, PEQUENOS NEGÓCIOS E MEI; COMPORTAMENTO VOLTADO A ENGAJAMENTO COM PERFIS DE NEGÓCIOS E INFLUENCIADORES DE GESTÃO",2025_6_BR_REELS_VIC CERIDONO REELS_ACAO_SBRAE_2025_PSMN0290,Tráfego,55+,41198,"577,67",1690,275,"2025-06-07-PSMN-41198-577,67-1690",50440,2.5,20176
2025-06-07,Sebrae Nacional - DEBRITO,2,instagram,sbrae_2025_psmn,psmn,"2025_6_BR_TRAF_CPC_MULHERES DE 25 A 45 ANOS; INTERESSES EM EMPREENDEDORISMO, PEQUENOS NEGÓCIOS E MEI; COMPORTAMENTO VOLTADO A ENGAJAMENTO COM PERFIS DE NEGÓCIOS E INFLUENCIADORES DE GESTÃO",2025_6_BR_STORIES_GABRIELA BAILAS STORIES_ACAO_SBRAE_2025_PSMN0292,Tráfego,55+,25033,"351,35",1883,828,"2025-06-07-PSMN-25033-351,35-1883",50440,2.5,20176
2025-06-07,Sebrae Nacional - DEBRITO,2,instagram,sbrae_2025_psmn,psmn,"2025_6_BR_TRAF_CPC_MULHERES DE 25 A 45 ANOS; INTERESSES EM EMPREENDEDORISMO, PEQUENOS NEGÓCIOS E MEI; COMPORTAMENTO VOLTADO A ENGAJAMENTO COM PERFIS DE NEGÓCIOS E INFLUENCIADORES DE GESTÃO",2025_6_BR_STORIES_VIC CERIDONO STORIES_ACAO_SBRAE_2025_PSMN0291,Tráfego,55+,30513,"366,07",1341,1794,"2025-06-07-PSMN-30513-366,07-1341",50440,2.5,20176
2025-06-08,Sebrae Nacional - DEBRITO,2,instagram,sbrae_2025_psmn,psmn,"2025_6_BR_TRAF_CPC_MULHERES DE 25 A 45 ANOS; INTERESSES EM EMPREENDEDORISMO, PEQUENOS NEGÓCIOS E MEI; COMPORTAMENTO VOLTADO A ENGAJAMENTO COM PERFIS DE NEGÓCIOS E INFLUENCIADORES DE GESTÃO",2025_6_BR_REELS_GABRIELA BAILAS REELS_ACAO_SBRAE_2025_PSMN0289,Tráfego,25-34,71706,"172,65",467,2,"2025-06-08-PSMN-71706-172,65-467",50440,2.5,20176
2025-06-08,Sebrae Nacional - DEBRITO,2,instagram,sbrae_2025_psmn,psmn,"2025_6_BR_TRAF_CPC_MULHERES DE 25 A 45 ANOS; INTERESSES EM EMPREENDEDORISMO, PEQUENOS NEGÓCIOS E MEI; COMPORTAMENTO VOLTADO A ENGAJAMENTO COM PERFIS DE NEGÓCIOS E INFLUENCIADORES DE GESTÃO",2025_6_BR_REELS_VIC CERIDONO REELS_ACAO_SBRAE_2025_PSMN0290,Tráfego,25-34,74876,"276,37",673,163,"2025-06-08-PSMN-74876-276,37-673",50440,2.5,20176
2025-06-08,Sebrae Nacional - DEBRITO,2,instagram,sbrae_2025_psmn,psmn,"2025_6_BR_TRAF_CPC_MULHERES DE 25 A 45 ANOS; INTERESSES EM EMPREENDEDORISMO, PEQUENOS NEGÓCIOS E MEI; COMPORTAMENTO VOLTADO A ENGAJAMENTO COM PERFIS DE NEGÓCIOS E INFLUENCIADORES DE GESTÃO",2025_6_BR_STORIES_GABRIELA BAILAS STORIES_ACAO_SBRAE_2025_PSMN0292,Tráfego,25-34,19421,"124,54",438,248,"2025-06-08-PSMN-19421-124,54-438",50440,2.5,20176
2025-06-08,Sebrae Nacional - DEBRITO,2,instagram,sbrae_2025_psmn,psmn,"2025_6_BR_TRAF_CPC_MULHERES DE 25 A 45 ANOS; INTERESSES EM EMPREENDEDORISMO, PEQUENOS NEGÓCIOS E MEI; COMPORTAMENTO VOLTADO A ENGAJAMENTO COM PERFIS DE NEGÓCIOS E INFLUENCIADORES DE GESTÃO",2025_6_BR_STORIES_VIC CERIDONO STORIES_ACAO_SBRAE_2025_PSMN0291,Tráfego,25-34,25214,"123,65",404,611,"2025-06-08-PSMN-25214-123,65-404",50440,2.5,20176
2025-06-08,Sebrae Nacional - DEBRITO,2,instagram,sbrae_2025_psmn,psmn,"2025_6_BR_TRAF_CPC_MULHERES DE 25 A 45 ANOS; INTERESSES EM EMPREENDEDORISMO, PEQUENOS NEGÓCIOS E MEI; COMPORTAMENTO VOLTADO A ENGAJAMENTO COM PERFIS DE NEGÓCIOS E INFLUENCIADORES DE GESTÃO",2025_6_BR_REELS_GABRIELA BAILAS REELS_ACAO_SBRAE_2025_PSMN0289,Tráfego,35-44,25470,"86,91",237,8,"2025-06-08-PSMN-25470-86,91-237",50440,2.5,20176
2025-06-08,Sebrae Nacional - DEBRITO,2,instagram,sbrae_2025_psmn,psmn,"2025_6_BR_TRAF_CPC_MULHERES DE 25 A 45 ANOS; INTERESSES EM EMPREENDEDORISMO, PEQUENOS NEGÓCIOS E MEI; COMPORTAMENTO VOLTADO A ENGAJAMENTO COM PERFIS DE NEGÓCIOS E INFLUENCIADORES DE GESTÃO",2025_6_BR_REELS_VIC CERIDONO REELS_ACAO_SBRAE_2025_PSMN0290,Tráfego,35-44,40153,"207,13",558,117,"2025-06-08-PSMN-40153-207,13-558",50440,2.5,20176
2025-06-08,Sebrae Nacional - DEBRITO,2,instagram,sbrae_2025_psmn,psmn,"2025_6_BR_TRAF_CPC_MULHERES DE 25 A 45 ANOS; INTERESSES EM EMPREENDEDORISMO, PEQUENOS NEGÓCIOS E MEI; COMPORTAMENTO VOLTADO A ENGAJAMENTO COM PERFIS DE NEGÓCIOS E INFLUENCIADORES DE GESTÃO",2025_6_BR_STORIES_GABRIELA BAILAS STORIES_ACAO_SBRAE_2025_PSMN0292,Tráfego,35-44,26220,"143,53",513,379,"2025-06-08-PSMN-26220-143,53-513",50440,2.5,20176
2025-06-08,Sebrae Nacional - DEBRITO,2,instagram,sbrae_2025_psmn,psmn,"2025_6_BR_TRAF_CPC_MULHERES DE 25 A 45 ANOS; INTERESSES EM EMPREENDEDORISMO, PEQUENOS NEGÓCIOS E MEI; COMPORTAMENTO VOLTADO A ENGAJAMENTO COM PERFIS DE NEGÓCIOS E INFLUENCIADORES DE GESTÃO",2025_6_BR_STORIES_VIC CERIDONO STORIES_ACAO_SBRAE_2025_PSMN0291,Tráfego,35-44,59408,"266,66",875,2124,"2025-06-08-PSMN-59408-266,66-875",50440,2.5,20176
2025-06-08,Sebrae Nacional - DEBRITO,2,instagram,sbrae_2025_psmn,psmn,"2025_6_BR_TRAF_CPC_MULHERES DE 25 A 45 ANOS; INTERESSES EM EMPREENDEDORISMO, PEQUENOS NEGÓCIOS E MEI; COMPORTAMENTO VOLTADO A ENGAJAMENTO COM PERFIS DE NEGÓCIOS E INFLUENCIADORES DE GESTÃO",2025_6_BR_REELS_GABRIELA BAILAS REELS_ACAO_SBRAE_2025_PSMN0289,Tráfego,45-54,11932,"76,31",194,3,"2025-06-08-PSMN-11932-76,31-194",50440,2.5,20176
2025-06-08,Sebrae Nacional - DEBRITO,2,instagram,sbrae_2025_psmn,psmn,"2025_6_BR_TRAF_CPC_MULHERES DE 25 A 45 ANOS; INTERESSES EM EMPREENDEDORISMO, PEQUENOS NEGÓCIOS E MEI; COMPORTAMENTO VOLTADO A ENGAJAMENTO COM PERFIS DE NEGÓCIOS E INFLUENCIADORES DE GESTÃO",2025_6_BR_REELS_VIC CERIDONO REELS_ACAO_SBRAE_2025_PSMN0290,Tráfego,45-54,46778,"334,05",960,189,"2025-06-08-PSMN-46778-334,05-960",50440,2.5,20176
2025-06-08,Sebrae Nacional - DEBRITO,2,instagram,sbrae_2025_psmn,psmn,"2025_6_BR_TRAF_CPC_MULHERES DE 25 A 45 ANOS; INTERESSES EM EMPREENDEDORISMO, PEQUENOS NEGÓCIOS E MEI; COMPORTAMENTO VOLTADO A ENGAJAMENTO COM PERFIS DE NEGÓCIOS E INFLUENCIADORES DE GESTÃO",2025_6_BR_STORIES_GABRIELA BAILAS STORIES_ACAO_SBRAE_2025_PSMN0292,Tráfego,45-54,39847,"225,62",976,660,"2025-06-08-PSMN-39847-225,62-976",50440,2.5,20176
2025-06-08,Sebrae Nacional - DEBRITO,2,instagram,sbrae_2025_psmn,psmn,"2025_6_BR_TRAF_CPC_MULHERES DE 25 A 45 ANOS; INTERESSES EM EMPREENDEDORISMO, PEQUENOS NEGÓCIOS E MEI; COMPORTAMENTO VOLTADO A ENGAJAMENTO COM PERFIS DE NEGÓCIOS E INFLUENCIADORES DE GESTÃO",2025_6_BR_STORIES_VIC CERIDONO STORIES_ACAO_SBRAE_2025_PSMN0291,Tráfego,45-54,95026,"479,02",1770,4248,"2025-06-08-PSMN-95026-479,02-1770",50440,2.5,20176
2025-06-08,Sebrae Nacional - DEBRITO,2,instagram,sbrae_2025_psmn,psmn,"2025_6_BR_TRAF_CPC_MULHERES DE 25 A 45 ANOS; INTERESSES EM EMPREENDEDORISMO, PEQUENOS NEGÓCIOS E MEI; COMPORTAMENTO VOLTADO A ENGAJAMENTO COM PERFIS DE NEGÓCIOS E INFLUENCIADORES DE GESTÃO",2025_6_BR_REELS_GABRIELA BAILAS REELS_ACAO_SBRAE_2025_PSMN0289,Tráfego,55+,5981,"77,24",223,1,"2025-06-08-PSMN-5981-77,24-223",50440,2.5,20176
2025-06-08,Sebrae Nacional - DEBRITO,2,instagram,sbrae_2025_psmn,psmn,"2025_6_BR_TRAF_CPC_MULHERES DE 25 A 45 ANOS; INTERESSES EM EMPREENDEDORISMO, PEQUENOS NEGÓCIOS E MEI; COMPORTAMENTO VOLTADO A ENGAJAMENTO COM PERFIS DE NEGÓCIOS E INFLUENCIADORES DE GESTÃO",2025_6_BR_REELS_VIC CERIDONO REELS_ACAO_SBRAE_2025_PSMN0290,Tráfego,55+,50706,"430,46",1348,258,"2025-06-08-PSMN-50706-430,46-1348",50440,2.5,20176
2025-06-08,Sebrae Nacional - DEBRITO,2,instagram,sbrae_2025_psmn,psmn,"2025_6_BR_TRAF_CPC_MULHERES DE 25 A 45 ANOS; INTERESSES EM EMPREENDEDORISMO, PEQUENOS NEGÓCIOS E MEI; COMPORTAMENTO VOLTADO A ENGAJAMENTO COM PERFIS DE NEGÓCIOS E INFLUENCIADORES DE GESTÃO",2025_6_BR_STORIES_GABRIELA BAILAS STORIES_ACAO_SBRAE_2025_PSMN0292,Tráfego,55+,43550,"317,62",1537,958,"2025-06-08-PSMN-43550-317,62-1537",50440,2.5,20176
2025-06-08,Sebrae Nacional - DEBRITO,2,instagram,sbrae_2025_psmn,psmn,"2025_6_BR_TRAF_CPC_MULHERES DE 25 A 45 ANOS; INTERESSES EM EMPREENDEDORISMO, PEQUENOS NEGÓCIOS E MEI; COMPORTAMENTO VOLTADO A ENGAJAMENTO COM PERFIS DE NEGÓCIOS E INFLUENCIADORES DE GESTÃO",2025_6_BR_STORIES_VIC CERIDONO STORIES_ACAO_SBRAE_2025_PSMN0291,Tráfego,55+,67951,"396,61",1611,3554,"2025-06-08-PSMN-67951-396,61-1611",50440,2.5,20176
2025-06-08,Sebrae Nacional - DEBRITO,2,instagram,sbrae_2025_psmn,psmn,"2025_6_BR_TRAF_CPC_MULHERES DE 25 A 45 ANOS; INTERESSES EM EMPREENDEDORISMO, PEQUENOS NEGÓCIOS E MEI; COMPORTAMENTO VOLTADO A ENGAJAMENTO COM PERFIS DE NEGÓCIOS E INFLUENCIADORES DE GESTÃO",2025_6_BR_REELS_GABRIELA BAILAS REELS_ACAO_SBRAE_2025_PSMN0289,Tráfego,55+,3801,"85,62",242,1,"2025-06-08-PSMN-3801-85,62-242",50440,2.5,20176
2025-06-08,Sebrae Nacional - DEBRITO,2,instagram,sbrae_2025_psmn,psmn,"2025_6_BR_TRAF_CPC_MULHERES DE 25 A 45 ANOS; INTERESSES EM EMPREENDEDORISMO, PEQUENOS NEGÓCIOS E MEI; COMPORTAMENTO VOLTADO A ENGAJAMENTO COM PERFIS DE NEGÓCIOS E INFLUENCIADORES DE GESTÃO",2025_6_BR_REELS_VIC CERIDONO REELS_ACAO_SBRAE_2025_PSMN0290,Tráfego,55+,64004,"761,05",2474,402,"2025-06-08-PSMN-64004-761,05-2474",50440,2.5,20176
2025-06-08,Sebrae Nacional - DEBRITO,2,instagram,sbrae_2025_psmn,psmn,"2025_6_BR_TRAF_CPC_MULHERES DE 25 A 45 ANOS; INTERESSES EM EMPREENDEDORISMO, PEQUENOS NEGÓCIOS E MEI; COMPORTAMENTO VOLTADO A ENGAJAMENTO COM PERFIS DE NEGÓCIOS E INFLUENCIADORES DE GESTÃO",2025_6_BR_STORIES_GABRIELA BAILAS STORIES_ACAO_SBRAE_2025_PSMN0292,Tráfego,55+,55996,"685,81",3342,1919,"2025-06-08-PSMN-55996-685,81-3342",50440,2.5,20176
2025-06-08,Sebrae Nacional - DEBRITO,2,instagram,sbrae_2025_psmn,psmn,"2025_6_BR_TRAF_CPC_MULHERES DE 25 A 45 ANOS; INTERESSES EM EMPREENDEDORISMO, PEQUENOS NEGÓCIOS E MEI; COMPORTAMENTO VOLTADO A ENGAJAMENTO COM PERFIS DE NEGÓCIOS E INFLUENCIADORES DE GESTÃO",2025_6_BR_STORIES_VIC CERIDONO STORIES_ACAO_SBRAE_2025_PSMN0291,Tráfego,55+,48749,"461,55",1985,2755,"2025-06-08-PSMN-48749-461,55-1985",50440,2.5,20176
2025-06-09,Sebrae Nacional - DEBRITO,2,instagram,sbrae_2025_psmn,psmn,"2025_6_BR_TRAF_CPC_MULHERES DE 25 A 45 ANOS; INTERESSES EM EMPREENDEDORISMO, PEQUENOS NEGÓCIOS E MEI; COMPORTAMENTO VOLTADO A ENGAJAMENTO COM PERFIS DE NEGÓCIOS E INFLUENCIADORES DE GESTÃO",2025_6_BR_CARD_KV_ACAO_SBRAE_2025_PSMN0293,Tráfego,25-34,65894,"202,76",456,0,"2025-06-09-PSMN-65894-202,76-456",50440,2.5,20176
2025-06-09,Sebrae Nacional - DEBRITO,2,instagram,sbrae_2025_psmn,psmn,"2025_6_BR_TRAF_CPC_MULHERES DE 25 A 45 ANOS; INTERESSES EM EMPREENDEDORISMO, PEQUENOS NEGÓCIOS E MEI; COMPORTAMENTO VOLTADO A ENGAJAMENTO COM PERFIS DE NEGÓCIOS E INFLUENCIADORES DE GESTÃO",2025_6_BR_REELS_GABRIELA BAILAS REELS_ACAO_SBRAE_2025_PSMN0289,Tráfego,25-34,52014,"139,5",322,2,"2025-06-09-PSMN-52014-139,5-322",50440,2.5,20176
2025-06-09,Sebrae Nacional - DEBRITO,2,instagram,sbrae_2025_psmn,psmn,"2025_6_BR_TRAF_CPC_MULHERES DE 25 A 45 ANOS; INTERESSES EM EMPREENDEDORISMO, PEQUENOS NEGÓCIOS E MEI; COMPORTAMENTO VOLTADO A ENGAJAMENTO COM PERFIS DE NEGÓCIOS E INFLUENCIADORES DE GESTÃO",2025_6_BR_REELS_VIC CERIDONO REELS_ACAO_SBRAE_2025_PSMN0290,Tráfego,25-34,67584,"378,91",978,116,"2025-06-09-PSMN-67584-378,91-978",50440,2.5,20176
2025-06-09,Sebrae Nacional - DEBRITO,2,instagram,sbrae_2025_psmn,psmn,"2025_6_BR_TRAF_CPC_MULHERES DE 25 A 45 ANOS; INTERESSES EM EMPREENDEDORISMO, PEQUENOS NEGÓCIOS E MEI; COMPORTAMENTO VOLTADO A ENGAJAMENTO COM PERFIS DE NEGÓCIOS E INFLUENCIADORES DE GESTÃO",2025_6_BR_STORIES_GABRIELA BAILAS STORIES_ACAO_SBRAE_2025_PSMN0292,Tráfego,25-34,19864,"104,64",367,207,"2025-06-09-PSMN-19864-104,64-367",50440,2.5,20176
2025-06-09,Sebrae Nacional - DEBRITO,2,instagram,sbrae_2025_psmn,psmn,"2025_6_BR_TRAF_CPC_MULHERES DE 25 A 45 ANOS; INTERESSES EM EMPREENDEDORISMO, PEQUENOS NEGÓCIOS E MEI; COMPORTAMENTO VOLTADO A ENGAJAMENTO COM PERFIS DE NEGÓCIOS E INFLUENCIADORES DE GESTÃO",2025_6_BR_STORIES_VIC CERIDONO STORIES_ACAO_SBRAE_2025_PSMN0291,Tráfego,25-34,19351,"99,2",337,458,"2025-06-09-PSMN-19351-99,2-337",50440,2.5,20176
2025-06-09,Sebrae Nacional - DEBRITO,2,instagram,sbrae_2025_psmn,psmn,"2025_6_BR_TRAF_CPC_MULHERES DE 25 A 45 ANOS; INTERESSES EM EMPREENDEDORISMO, PEQUENOS NEGÓCIOS E MEI; COMPORTAMENTO VOLTADO A ENGAJAMENTO COM PERFIS DE NEGÓCIOS E INFLUENCIADORES DE GESTÃO",2025_6_BR_CARD_KV_ACAO_SBRAE_2025_PSMN0293,Tráfego,35-44,25915,"113,04",287,0,"2025-06-09-PSMN-25915-113,04-287",50440,2.5,20176
2025-06-09,Sebrae Nacional - DEBRITO,2,instagram,sbrae_2025_psmn,psmn,"2025_6_BR_TRAF_CPC_MULHERES DE 25 A 45 ANOS; INTERESSES EM EMPREENDEDORISMO, PEQUENOS NEGÓCIOS E MEI; COMPORTAMENTO VOLTADO A ENGAJAMENTO COM PERFIS DE NEGÓCIOS E INFLUENCIADORES DE GESTÃO",2025_6_BR_REELS_GABRIELA BAILAS REELS_ACAO_SBRAE_2025_PSMN0289,Tráfego,35-44,17013,"67,51",180,1,"2025-06-09-PSMN-17013-67,51-180",50440,2.5,20176
2025-06-09,Sebrae Nacional - DEBRITO,2,instagram,sbrae_2025_psmn,psmn,"2025_6_BR_TRAF_CPC_MULHERES DE 25 A 45 ANOS; INTERESSES EM EMPREENDEDORISMO, PEQUENOS NEGÓCIOS E MEI; COMPORTAMENTO VOLTADO A ENGAJAMENTO COM PERFIS DE NEGÓCIOS E INFLUENCIADORES DE GESTÃO",2025_6_BR_REELS_VIC CERIDONO REELS_ACAO_SBRAE_2025_PSMN0290,Tráfego,35-44,46604,"350,39",1028,126,"2025-06-09-PSMN-46604-350,39-1028",50440,2.5,20176
2025-06-09,Sebrae Nacional - DEBRITO,2,instagram,sbrae_2025_psmn,psmn,"2025_6_BR_TRAF_CPC_MULHERES DE 25 A 45 ANOS; INTERESSES EM EMPREENDEDORISMO, PEQUENOS NEGÓCIOS E MEI; COMPORTAMENTO VOLTADO A ENGAJAMENTO COM PERFIS DE NEGÓCIOS E INFLUENCIADORES DE GESTÃO",2025_6_BR_STORIES_GABRIELA BAILAS STORIES_ACAO_SBRAE_2025_PSMN0292,Tráfego,35-44,29781,"145,14",458,365,"2025-06-09-PSMN-29781-145,14-458",50440,2.5,20176
2025-06-09,Sebrae Nacional - DEBRITO,2,instagram,sbrae_2025_psmn,psmn,"2025_6_BR_TRAF_CPC_MULHERES DE 25 A 45 ANOS; INTERESSES EM EMPREENDEDORISMO, PEQUENOS NEGÓCIOS E MEI; COMPORTAMENTO VOLTADO A ENGAJAMENTO COM PERFIS DE NEGÓCIOS E INFLUENCIADORES DE GESTÃO",2025_6_BR_STORIES_VIC CERIDONO STORIES_ACAO_SBRAE_2025_PSMN0291,Tráfego,35-44,49174,"230,54",747,1522,"2025-06-09-PSMN-49174-230,54-747",50440,2.5,20176
2025-06-09,Sebrae Nacional - DEBRITO,2,instagram,sbrae_2025_psmn,psmn,"2025_6_BR_TRAF_CPC_MULHERES DE 25 A 45 ANOS; INTERESSES EM EMPREENDEDORISMO, PEQUENOS NEGÓCIOS E MEI; COMPORTAMENTO VOLTADO A ENGAJAMENTO COM PERFIS DE NEGÓCIOS E INFLUENCIADORES DE GESTÃO",2025_6_BR_CARD_KV_ACAO_SBRAE_2025_PSMN0293,Tráfego,45-54,13891,"71,62",177,0,"2025-06-09-PSMN-13891-71,62-177",50440,2.5,20176
2025-06-09,Sebrae Nacional - DEBRITO,2,instagram,sbrae_2025_psmn,psmn,"2025_6_BR_TRAF_CPC_MULHERES DE 25 A 45 ANOS; INTERESSES EM EMPREENDEDORISMO, PEQUENOS NEGÓCIOS E MEI; COMPORTAMENTO VOLTADO A ENGAJAMENTO COM PERFIS DE NEGÓCIOS E INFLUENCIADORES DE GESTÃO",2025_6_BR_REELS_GABRIELA BAILAS REELS_ACAO_SBRAE_2025_PSMN0289,Tráfego,45-54,8330,"65,64",182,2,"2025-06-09-PSMN-8330-65,64-182",50440,2.5,20176
2025-06-09,Sebrae Nacional - DEBRITO,2,instagram,sbrae_2025_psmn,psmn,"2025_6_BR_TRAF_CPC_MULHERES DE 25 A 45 ANOS; INTERESSES EM EMPREENDEDORISMO, PEQUENOS NEGÓCIOS E MEI; COMPORTAMENTO VOLTADO A ENGAJAMENTO COM PERFIS DE NEGÓCIOS E INFLUENCIADORES DE GESTÃO",2025_6_BR_REELS_VIC CERIDONO REELS_ACAO_SBRAE_2025_PSMN0290,Tráfego,45-54,66842,"617,48",2087,276,"2025-06-09-PSMN-66842-617,48-2087",50440,2.5,20176
2025-06-09,Sebrae Nacional - DEBRITO,2,instagram,sbrae_2025_psmn,psmn,"2025_6_BR_TRAF_CPC_MULHERES DE 25 A 45 ANOS; INTERESSES EM EMPREENDEDORISMO, PEQUENOS NEGÓCIOS E MEI; COMPORTAMENTO VOLTADO A ENGAJAMENTO COM PERFIS DE NEGÓCIOS E INFLUENCIADORES DE GESTÃO",2025_6_BR_STORIES_GABRIELA BAILAS STORIES_ACAO_SBRAE_2025_PSMN0292,Tráfego,45-54,43725,"246,36",937,733,"2025-06-09-PSMN-43725-246,36-937",50440,2.5,20176
2025-06-09,Sebrae Nacional - DEBRITO,2,instagram,sbrae_2025_psmn,psmn,"2025_6_BR_TRAF_CPC_MULHERES DE 25 A 45 ANOS; INTERESSES EM EMPREENDEDORISMO, PEQUENOS NEGÓCIOS E MEI; COMPORTAMENTO VOLTADO A ENGAJAMENTO COM PERFIS DE NEGÓCIOS E INFLUENCIADORES DE GESTÃO",2025_6_BR_STORIES_VIC CERIDONO STORIES_ACAO_SBRAE_2025_PSMN0291,Tráfego,45-54,79978,"424,11",1460,3100,"2025-06-09-PSMN-79978-424,11-1460",50440,2.5,20176
2025-06-09,Sebrae Nacional - DEBRITO,2,instagram,sbrae_2025_psmn,psmn,"2025_6_BR_TRAF_CPC_MULHERES DE 25 A 45 ANOS; INTERESSES EM EMPREENDEDORISMO, PEQUENOS NEGÓCIOS E MEI; COMPORTAMENTO VOLTADO A ENGAJAMENTO COM PERFIS DE NEGÓCIOS E INFLUENCIADORES DE GESTÃO",2025_6_BR_CARD_KV_ACAO_SBRAE_2025_PSMN0293,Tráfego,55+,7175,"44,48",116,0,"2025-06-09-PSMN-7175-44,48-116",50440,2.5,20176
2025-06-09,Sebrae Nacional - DEBRITO,2,instagram,sbrae_2025_psmn,psmn,"2025_6_BR_TRAF_CPC_MULHERES DE 25 A 45 ANOS; INTERESSES EM EMPREENDEDORISMO, PEQUENOS NEGÓCIOS E MEI; COMPORTAMENTO VOLTADO A ENGAJAMENTO COM PERFIS DE NEGÓCIOS E INFLUENCIADORES DE GESTÃO",2025_6_BR_REELS_GABRIELA BAILAS REELS_ACAO_SBRAE_2025_PSMN0289,Tráfego,55+,3920,"59,49",150,0,"2025-06-09-PSMN-3920-59,49-150",50440,2.5,20176
2025-06-09,Sebrae Nacional - DEBRITO,2,instagram,sbrae_2025_psmn,psmn,"2025_6_BR_TRAF_CPC_MULHERES DE 25 A 45 ANOS; INTERESSES EM EMPREENDEDORISMO, PEQUENOS NEGÓCIOS E MEI; COMPORTAMENTO VOLTADO A ENGAJAMENTO COM PERFIS DE NEGÓCIOS E INFLUENCIADORES DE GESTÃO",2025_6_BR_REELS_VIC CERIDONO REELS_ACAO_SBRAE_2025_PSMN0290,Tráfego,55+,61273,"589,37",2086,286,"2025-06-09-PSMN-61273-589,37-2086",50440,2.5,20176
2025-06-09,Sebrae Nacional - DEBRITO,2,instagram,sbrae_2025_psmn,psmn,"2025_6_BR_TRAF_CPC_MULHERES DE 25 A 45 ANOS; INTERESSES EM EMPREENDEDORISMO, PEQUENOS NEGÓCIOS E MEI; COMPORTAMENTO VOLTADO A ENGAJAMENTO COM PERFIS DE NEGÓCIOS E INFLUENCIADORES DE GESTÃO",2025_6_BR_STORIES_GABRIELA BAILAS STORIES_ACAO_SBRAE_2025_PSMN0292,Tráfego,55+,38999,"272,91",1219,823,"2025-06-09-PSMN-38999-272,91-1219",50440,2.5,20176
2025-06-09,Sebrae Nacional - DEBRITO,2,instagram,sbrae_2025_psmn,psmn,"2025_6_BR_TRAF_CPC_MULHERES DE 25 A 45 ANOS; INTERESSES EM EMPREENDEDORISMO, PEQUENOS NEGÓCIOS E MEI; COMPORTAMENTO VOLTADO A ENGAJAMENTO COM PERFIS DE NEGÓCIOS E INFLUENCIADORES DE GESTÃO",2025_6_BR_STORIES_VIC CERIDONO STORIES_ACAO_SBRAE_2025_PSMN0291,Tráfego,55+,57428,"353,65",1368,2459,"2025-06-09-PSMN-57428-353,65-1368",50440,2.5,20176
2025-06-09,Sebrae Nacional - DEBRITO,2,instagram,sbrae_2025_psmn,psmn,"2025_6_BR_TRAF_CPC_MULHERES DE 25 A 45 ANOS; INTERESSES EM EMPREENDEDORISMO, PEQUENOS NEGÓCIOS E MEI; COMPORTAMENTO VOLTADO A ENGAJAMENTO COM PERFIS DE NEGÓCIOS E INFLUENCIADORES DE GESTÃO",2025_6_BR_CARD_KV_ACAO_SBRAE_2025_PSMN0293,Tráfego,55+,3827,"32,14",72,0,"2025-06-09-PSMN-3827-32,14-72",50440,2.5,20176
2025-06-09,Sebrae Nacional - DEBRITO,2,instagram,sbrae_2025_psmn,psmn,"2025_6_BR_TRAF_CPC_MULHERES DE 25 A 45 ANOS; INTERESSES EM EMPREENDEDORISMO, PEQUENOS NEGÓCIOS E MEI; COMPORTAMENTO VOLTADO A ENGAJAMENTO COM PERFIS DE NEGÓCIOS E INFLUENCIADORES DE GESTÃO",2025_6_BR_REELS_GABRIELA BAILAS REELS_ACAO_SBRAE_2025_PSMN0289,Tráfego,55+,2537,"60,91",153,0,"2025-06-09-PSMN-2537-60,91-153",50440,2.5,20176
2025-06-09,Sebrae Nacional - DEBRITO,2,instagram,sbrae_2025_psmn,psmn,"2025_6_BR_TRAF_CPC_MULHERES DE 25 A 45 ANOS; INTERESSES EM EMPREENDEDORISMO, PEQUENOS NEGÓCIOS E MEI; COMPORTAMENTO VOLTADO A ENGAJAMENTO COM PERFIS DE NEGÓCIOS E INFLUENCIADORES DE GESTÃO",2025_6_BR_REELS_VIC CERIDONO REELS_ACAO_SBRAE_2025_PSMN0290,Tráfego,55+,62630,"806,7",2783,396,"2025-06-09-PSMN-62630-806,7-2783",50440,2.5,20176
2025-06-09,Sebrae Nacional - DEBRITO,2,instagram,sbrae_2025_psmn,psmn,"2025_6_BR_TRAF_CPC_MULHERES DE 25 A 45 ANOS; INTERESSES EM EMPREENDEDORISMO, PEQUENOS NEGÓCIOS E MEI; COMPORTAMENTO VOLTADO A ENGAJAMENTO COM PERFIS DE NEGÓCIOS E INFLUENCIADORES DE GESTÃO",2025_6_BR_STORIES_GABRIELA BAILAS STORIES_ACAO_SBRAE_2025_PSMN0292,Tráfego,55+,41148,"473,13",2360,1213,"2025-06-09-PSMN-41148-473,13-2360",50440,2.5,20176
2025-06-09,Sebrae Nacional - DEBRITO,2,instagram,sbrae_2025_psmn,psmn,"2025_6_BR_TRAF_CPC_MULHERES DE 25 A 45 ANOS; INTERESSES EM EMPREENDEDORISMO, PEQUENOS NEGÓCIOS E MEI; COMPORTAMENTO VOLTADO A ENGAJAMENTO COM PERFIS DE NEGÓCIOS E INFLUENCIADORES DE GESTÃO",2025_6_BR_STORIES_VIC CERIDONO STORIES_ACAO_SBRAE_2025_PSMN0291,Tráfego,55+,42822,"416,18",1658,2142,"2025-06-09-PSMN-42822-416,18-1658",50440,2.5,20176
2025-06-10,Sebrae Nacional - DEBRITO,2,instagram,sbrae_2025_psmn,psmn,"2025_6_BR_TRAF_CPC_MULHERES DE 25 A 45 ANOS; INTERESSES EM EMPREENDEDORISMO, PEQUENOS NEGÓCIOS E MEI; COMPORTAMENTO VOLTADO A ENGAJAMENTO COM PERFIS DE NEGÓCIOS E INFLUENCIADORES DE GESTÃO",2025_6_BR_CARD_KV_ACAO_SBRAE_2025_PSMN0293,Tráfego,25-34,1285,"3,74",14,0,"2025-06-10-PSMN-1285-3,74-14",50440,2.5,20176
2025-06-10,Sebrae Nacional - DEBRITO,2,instagram,sbrae_2025_psmn,psmn,"2025_6_BR_TRAF_CPC_MULHERES DE 25 A 45 ANOS; INTERESSES EM EMPREENDEDORISMO, PEQUENOS NEGÓCIOS E MEI; COMPORTAMENTO VOLTADO A ENGAJAMENTO COM PERFIS DE NEGÓCIOS E INFLUENCIADORES DE GESTÃO",2025_6_BR_REELS_GABRIELA BAILAS REELS_ACAO_SBRAE_2025_PSMN0289,Tráfego,25-34,81,"0,23",1,0,"2025-06-10-PSMN-81-0,23-1",50440,2.5,20176
2025-06-10,Sebrae Nacional - DEBRITO,2,instagram,sbrae_2025_psmn,psmn,"2025_6_BR_TRAF_CPC_MULHERES DE 25 A 45 ANOS; INTERESSES EM EMPREENDEDORISMO, PEQUENOS NEGÓCIOS E MEI; COMPORTAMENTO VOLTADO A ENGAJAMENTO COM PERFIS DE NEGÓCIOS E INFLUENCIADORES DE GESTÃO",2025_6_BR_REELS_VIC CERIDONO REELS_ACAO_SBRAE_2025_PSMN0290,Tráfego,25-34,4577,"58,64",250,37,"2025-06-10-PSMN-4577-58,64-250",50440,2.5,20176
2025-06-10,Sebrae Nacional - DEBRITO,2,instagram,sbrae_2025_psmn,psmn,"2025_6_BR_TRAF_CPC_MULHERES DE 25 A 45 ANOS; INTERESSES EM EMPREENDEDORISMO, PEQUENOS NEGÓCIOS E MEI; COMPORTAMENTO VOLTADO A ENGAJAMENTO COM PERFIS DE NEGÓCIOS E INFLUENCIADORES DE GESTÃO",2025_6_BR_STORIES_GABRIELA BAILAS STORIES_ACAO_SBRAE_2025_PSMN0292,Tráfego,25-34,8219,"67,3",394,45,"2025-06-10-PSMN-8219-67,3-394",50440,2.5,20176
2025-06-10,Sebrae Nacional - DEBRITO,2,instagram,sbrae_2025_psmn,psmn,"2025_6_BR_TRAF_CPC_MULHERES DE 25 A 45 ANOS; INTERESSES EM EMPREENDEDORISMO, PEQUENOS NEGÓCIOS E MEI; COMPORTAMENTO VOLTADO A ENGAJAMENTO COM PERFIS DE NEGÓCIOS E INFLUENCIADORES DE GESTÃO",2025_6_BR_STORIES_VIC CERIDONO STORIES_ACAO_SBRAE_2025_PSMN0291,Tráfego,25-34,18684,"107,38",559,238,"2025-06-10-PSMN-18684-107,38-559",50440,2.5,20176
2025-06-10,Sebrae Nacional - DEBRITO,2,instagram,sbrae_2025_psmn,psmn,"2025_6_BR_TRAF_CPC_MULHERES DE 25 A 45 ANOS; INTERESSES EM EMPREENDEDORISMO, PEQUENOS NEGÓCIOS E MEI; COMPORTAMENTO VOLTADO A ENGAJAMENTO COM PERFIS DE NEGÓCIOS E INFLUENCIADORES DE GESTÃO",2025_6_BR_CARD_KV_ACAO_SBRAE_2025_PSMN0293,Tráfego,35-44,909,"3,31",12,0,"2025-06-10-PSMN-909-3,31-12",50440,2.5,20176
2025-06-10,Sebrae Nacional - DEBRITO,2,instagram,sbrae_2025_psmn,psmn,"2025_6_BR_TRAF_CPC_MULHERES DE 25 A 45 ANOS; INTERESSES EM EMPREENDEDORISMO, PEQUENOS NEGÓCIOS E MEI; COMPORTAMENTO VOLTADO A ENGAJAMENTO COM PERFIS DE NEGÓCIOS E INFLUENCIADORES DE GESTÃO",2025_6_BR_REELS_GABRIELA BAILAS REELS_ACAO_SBRAE_2025_PSMN0289,Tráfego,35-44,43,"0,18",0,0,"2025-06-10-PSMN-43-0,18-0",50440,2.5,20176
2025-06-10,Sebrae Nacional - DEBRITO,2,instagram,sbrae_2025_psmn,psmn,"2025_6_BR_TRAF_CPC_MULHERES DE 25 A 45 ANOS; INTERESSES EM EMPREENDEDORISMO, PEQUENOS NEGÓCIOS E MEI; COMPORTAMENTO VOLTADO A ENGAJAMENTO COM PERFIS DE NEGÓCIOS E INFLUENCIADORES DE GESTÃO",2025_6_BR_REELS_VIC CERIDONO REELS_ACAO_SBRAE_2025_PSMN0290,Tráfego,35-44,5486,"56,87",236,30,"2025-06-10-PSMN-5486-56,87-236",50440,2.5,20176
2025-06-10,Sebrae Nacional - DEBRITO,2,instagram,sbrae_2025_psmn,psmn,"2025_6_BR_TRAF_CPC_MULHERES DE 25 A 45 ANOS; INTERESSES EM EMPREENDEDORISMO, PEQUENOS NEGÓCIOS E MEI; COMPORTAMENTO VOLTADO A ENGAJAMENTO COM PERFIS DE NEGÓCIOS E INFLUENCIADORES DE GESTÃO",2025_6_BR_STORIES_GABRIELA BAILAS STORIES_ACAO_SBRAE_2025_PSMN0292,Tráfego,35-44,11208,"74,26",396,53,"2025-06-10-PSMN-11208-74,26-396",50440,2.5,20176
2025-06-10,Sebrae Nacional - DEBRITO,2,instagram,sbrae_2025_psmn,psmn,"2025_6_BR_TRAF_CPC_MULHERES DE 25 A 45 ANOS; INTERESSES EM EMPREENDEDORISMO, PEQUENOS NEGÓCIOS E MEI; COMPORTAMENTO VOLTADO A ENGAJAMENTO COM PERFIS DE NEGÓCIOS E INFLUENCIADORES DE GESTÃO",2025_6_BR_STORIES_VIC CERIDONO STORIES_ACAO_SBRAE_2025_PSMN0291,Tráfego,35-44,34458,"167,72",772,559,"2025-06-10-PSMN-34458-167,72-772",50440,2.5,20176
2025-06-10,Sebrae Nacional - DEBRITO,2,instagram,sbrae_2025_psmn,psmn,"2025_6_BR_TRAF_CPC_MULHERES DE 25 A 45 ANOS; INTERESSES EM EMPREENDEDORISMO, PEQUENOS NEGÓCIOS E MEI; COMPORTAMENTO VOLTADO A ENGAJAMENTO COM PERFIS DE NEGÓCIOS E INFLUENCIADORES DE GESTÃO",2025_6_BR_CARD_KV_ACAO_SBRAE_2025_PSMN0293,Tráfego,45-54,871,"3,22",11,0,"2025-06-10-PSMN-871-3,22-11",50440,2.5,20176
2025-06-10,Sebrae Nacional - DEBRITO,2,instagram,sbrae_2025_psmn,psmn,"2025_6_BR_TRAF_CPC_MULHERES DE 25 A 45 ANOS; INTERESSES EM EMPREENDEDORISMO, PEQUENOS NEGÓCIOS E MEI; COMPORTAMENTO VOLTADO A ENGAJAMENTO COM PERFIS DE NEGÓCIOS E INFLUENCIADORES DE GESTÃO",2025_6_BR_REELS_GABRIELA BAILAS REELS_ACAO_SBRAE_2025_PSMN0289,Tráfego,45-54,24,"0,23",2,0,"2025-06-10-PSMN-24-0,23-2",50440,2.5,20176
2025-06-10,Sebrae Nacional - DEBRITO,2,instagram,sbrae_2025_psmn,psmn,"2025_6_BR_TRAF_CPC_MULHERES DE 25 A 45 ANOS; INTERESSES EM EMPREENDEDORISMO, PEQUENOS NEGÓCIOS E MEI; COMPORTAMENTO VOLTADO A ENGAJAMENTO COM PERFIS DE NEGÓCIOS E INFLUENCIADORES DE GESTÃO",2025_6_BR_REELS_VIC CERIDONO REELS_ACAO_SBRAE_2025_PSMN0290,Tráfego,45-54,17972,"195,24",899,119,"2025-06-10-PSMN-17972-195,24-899",50440,2.5,20176
2025-06-10,Sebrae Nacional - DEBRITO,2,instagram,sbrae_2025_psmn,psmn,"2025_6_BR_TRAF_CPC_MULHERES DE 25 A 45 ANOS; INTERESSES EM EMPREENDEDORISMO, PEQUENOS NEGÓCIOS E MEI; COMPORTAMENTO VOLTADO A ENGAJAMENTO COM PERFIS DE NEGÓCIOS E INFLUENCIADORES DE GESTÃO",2025_6_BR_STORIES_GABRIELA BAILAS STORIES_ACAO_SBRAE_2025_PSMN0292,Tráfego,45-54,27527,"192,49",1102,133,"2025-06-10-PSMN-27527-192,49-1102",50440,2.5,20176
2025-06-10,Sebrae Nacional - DEBRITO,2,instagram,sbrae_2025_psmn,psmn,"2025_6_BR_TRAF_CPC_MULHERES DE 25 A 45 ANOS; INTERESSES EM EMPREENDEDORISMO, PEQUENOS NEGÓCIOS E MEI; COMPORTAMENTO VOLTADO A ENGAJAMENTO COM PERFIS DE NEGÓCIOS E INFLUENCIADORES DE GESTÃO",2025_6_BR_STORIES_VIC CERIDONO STORIES_ACAO_SBRAE_2025_PSMN0291,Tráfego,45-54,77751,"414,35",2075,1675,"2025-06-10-PSMN-77751-414,35-2075",50440,2.5,20176
2025-06-10,Sebrae Nacional - DEBRITO,2,instagram,sbrae_2025_psmn,psmn,"2025_6_BR_TRAF_CPC_MULHERES DE 25 A 45 ANOS; INTERESSES EM EMPREENDEDORISMO, PEQUENOS NEGÓCIOS E MEI; COMPORTAMENTO VOLTADO A ENGAJAMENTO COM PERFIS DE NEGÓCIOS E INFLUENCIADORES DE GESTÃO",2025_6_BR_CARD_KV_ACAO_SBRAE_2025_PSMN0293,Tráfego,55+,812,"2,86",8,0,"2025-06-10-PSMN-812-2,86-8",50440,2.5,20176
2025-06-10,Sebrae Nacional - DEBRITO,2,instagram,sbrae_2025_psmn,psmn,"2025_6_BR_TRAF_CPC_MULHERES DE 25 A 45 ANOS; INTERESSES EM EMPREENDEDORISMO, PEQUENOS NEGÓCIOS E MEI; COMPORTAMENTO VOLTADO A ENGAJAMENTO COM PERFIS DE NEGÓCIOS E INFLUENCIADORES DE GESTÃO",2025_6_BR_REELS_GABRIELA BAILAS REELS_ACAO_SBRAE_2025_PSMN0289,Tráfego,55+,31,"0,24",3,0,"2025-06-10-PSMN-31-0,24-3",50440,2.5,20176
2025-06-10,Sebrae Nacional - DEBRITO,2,instagram,sbrae_2025_psmn,psmn,"2025_6_BR_TRAF_CPC_MULHERES DE 25 A 45 ANOS; INTERESSES EM EMPREENDEDORISMO, PEQUENOS NEGÓCIOS E MEI; COMPORTAMENTO VOLTADO A ENGAJAMENTO COM PERFIS DE NEGÓCIOS E INFLUENCIADORES DE GESTÃO",2025_6_BR_REELS_VIC CERIDONO REELS_ACAO_SBRAE_2025_PSMN0290,Tráfego,55+,30061,"333,35",1496,194,"2025-06-10-PSMN-30061-333,35-1496",50440,2.5,20176
2025-06-10,Sebrae Nacional - DEBRITO,2,instagram,sbrae_2025_psmn,psmn,"2025_6_BR_TRAF_CPC_MULHERES DE 25 A 45 ANOS; INTERESSES EM EMPREENDEDORISMO, PEQUENOS NEGÓCIOS E MEI; COMPORTAMENTO VOLTADO A ENGAJAMENTO COM PERFIS DE NEGÓCIOS E INFLUENCIADORES DE GESTÃO",2025_6_BR_STORIES_GABRIELA BAILAS STORIES_ACAO_SBRAE_2025_PSMN0292,Tráfego,55+,51387,"466,07",2905,366,"2025-06-10-PSMN-51387-466,07-2905",50440,2.5,20176
2025-06-10,Sebrae Nacional - DEBRITO,2,instagram,sbrae_2025_psmn,psmn,"2025_6_BR_TRAF_CPC_MULHERES DE 25 A 45 ANOS; INTERESSES EM EMPREENDEDORISMO, PEQUENOS NEGÓCIOS E MEI; COMPORTAMENTO VOLTADO A ENGAJAMENTO COM PERFIS DE NEGÓCIOS E INFLUENCIADORES DE GESTÃO",2025_6_BR_STORIES_VIC CERIDONO STORIES_ACAO_SBRAE_2025_PSMN0291,Tráfego,55+,104006,"668,62",3560,2930,"2025-06-10-PSMN-104006-668,62-3560",50440,2.5,20176
2025-06-10,Sebrae Nacional - DEBRITO,2,instagram,sbrae_2025_psmn,psmn,"2025_6_BR_TRAF_CPC_MULHERES DE 25 A 45 ANOS; INTERESSES EM EMPREENDEDORISMO, PEQUENOS NEGÓCIOS E MEI; COMPORTAMENTO VOLTADO A ENGAJAMENTO COM PERFIS DE NEGÓCIOS E INFLUENCIADORES DE GESTÃO",2025_6_BR_CARD_KV_ACAO_SBRAE_2025_PSMN0293,Tráfego,55+,560,"1,55",4,0,"2025-06-10-PSMN-560-1,55-4",50440,2.5,20176
2025-06-10,Sebrae Nacional - DEBRITO,2,instagram,sbrae_2025_psmn,psmn,"2025_6_BR_TRAF_CPC_MULHERES DE 25 A 45 ANOS; INTERESSES EM EMPREENDEDORISMO, PEQUENOS NEGÓCIOS E MEI; COMPORTAMENTO VOLTADO A ENGAJAMENTO COM PERFIS DE NEGÓCIOS E INFLUENCIADORES DE GESTÃO",2025_6_BR_REELS_GABRIELA BAILAS REELS_ACAO_SBRAE_2025_PSMN0289,Tráfego,55+,11,"0,11",3,0,"2025-06-10-PSMN-11-0,11-3",50440,2.5,20176
2025-06-10,Sebrae Nacional - DEBRITO,2,instagram,sbrae_2025_psmn,psmn,"2025_6_BR_TRAF_CPC_MULHERES DE 25 A 45 ANOS; INTERESSES EM EMPREENDEDORISMO, PEQUENOS NEGÓCIOS E MEI; COMPORTAMENTO VOLTADO A ENGAJAMENTO COM PERFIS DE NEGÓCIOS E INFLUENCIADORES DE GESTÃO",2025_6_BR_REELS_VIC CERIDONO REELS_ACAO_SBRAE_2025_PSMN0290,Tráfego,55+,38653,"472,27",2259,295,"2025-06-10-PSMN-38653-472,27-2259",50440,2.5,20176
2025-06-10,Sebrae Nacional - DEBRITO,2,instagram,sbrae_2025_psmn,psmn,"2025_6_BR_TRAF_CPC_MULHERES DE 25 A 45 ANOS; INTERESSES EM EMPREENDEDORISMO, PEQUENOS NEGÓCIOS E MEI; COMPORTAMENTO VOLTADO A ENGAJAMENTO COM PERFIS DE NEGÓCIOS E INFLUENCIADORES DE GESTÃO",2025_6_BR_STORIES_GABRIELA BAILAS STORIES_ACAO_SBRAE_2025_PSMN0292,Tráfego,55+,79338,"1098,78",7732,1140,"2025-06-10-PSMN-79338-1098,78-7732",50440,2.5,20176
2025-06-10,Sebrae Nacional - DEBRITO,2,instagram,sbrae_2025_psmn,psmn,"2025_6_BR_TRAF_CPC_MULHERES DE 25 A 45 ANOS; INTERESSES EM EMPREENDEDORISMO, PEQUENOS NEGÓCIOS E MEI; COMPORTAMENTO VOLTADO A ENGAJAMENTO COM PERFIS DE NEGÓCIOS E INFLUENCIADORES DE GESTÃO",2025_6_BR_STORIES_VIC CERIDONO STORIES_ACAO_SBRAE_2025_PSMN0291,Tráfego,55+,112184,"1052,83",6118,4509,"2025-06-10-PSMN-112184-1052,83-6118",50440,2.5,20176
2025-06-11,Sebrae Nacional - DEBRITO,2,instagram,sbrae_2025_psmn,psmn,"2025_6_BR_TRAF_CPC_MULHERES DE 25 A 45 ANOS; INTERESSES EM EMPREENDEDORISMO, PEQUENOS NEGÓCIOS E MEI; COMPORTAMENTO VOLTADO A ENGAJAMENTO COM PERFIS DE NEGÓCIOS E INFLUENCIADORES DE GESTÃO",2025_6_BR_CARD_KV_ACAO_SBRAE_2025_PSMN0293,Tráfego,25-34,4746,"14,25",49,0,"2025-06-11-PSMN-4746-14,25-49",50440,2.5,20176
2025-06-11,Sebrae Nacional - DEBRITO,2,instagram,sbrae_2025_psmn,psmn,"2025_6_BR_TRAF_CPC_MULHERES DE 25 A 45 ANOS; INTERESSES EM EMPREENDEDORISMO, PEQUENOS NEGÓCIOS E MEI; COMPORTAMENTO VOLTADO A ENGAJAMENTO COM PERFIS DE NEGÓCIOS E INFLUENCIADORES DE GESTÃO",2025_6_BR_REELS_GABRIELA BAILAS REELS_ACAO_SBRAE_2025_PSMN0289,Tráfego,25-34,67,"0,27",0,0,"2025-06-11-PSMN-67-0,27-0",50440,2.5,20176
2025-06-11,Sebrae Nacional - DEBRITO,2,instagram,sbrae_2025_psmn,psmn,"2025_6_BR_TRAF_CPC_MULHERES DE 25 A 45 ANOS; INTERESSES EM EMPREENDEDORISMO, PEQUENOS NEGÓCIOS E MEI; COMPORTAMENTO VOLTADO A ENGAJAMENTO COM PERFIS DE NEGÓCIOS E INFLUENCIADORES DE GESTÃO",2025_6_BR_REELS_VIC CERIDONO REELS_ACAO_SBRAE_2025_PSMN0290,Tráfego,25-34,1727,"4,24",11,2,"2025-06-11-PSMN-1727-4,24-11",50440,2.5,20176
2025-06-11,Sebrae Nacional - DEBRITO,2,instagram,sbrae_2025_psmn,psmn,"2025_6_BR_TRAF_CPC_MULHERES DE 25 A 45 ANOS; INTERESSES EM EMPREENDEDORISMO, PEQUENOS NEGÓCIOS E MEI; COMPORTAMENTO VOLTADO A ENGAJAMENTO COM PERFIS DE NEGÓCIOS E INFLUENCIADORES DE GESTÃO",2025_6_BR_STORIES_GABRIELA BAILAS STORIES_ACAO_SBRAE_2025_PSMN0292,Tráfego,25-34,9996,"87,45",419,76,"2025-06-11-PSMN-9996-87,45-419",50440,2.5,20176
2025-06-11,Sebrae Nacional - DEBRITO,2,instagram,sbrae_2025_psmn,psmn,"2025_6_BR_TRAF_CPC_MULHERES DE 25 A 45 ANOS; INTERESSES EM EMPREENDEDORISMO, PEQUENOS NEGÓCIOS E MEI; COMPORTAMENTO VOLTADO A ENGAJAMENTO COM PERFIS DE NEGÓCIOS E INFLUENCIADORES DE GESTÃO",2025_6_BR_STORIES_VIC CERIDONO STORIES_ACAO_SBRAE_2025_PSMN0291,Tráfego,25-34,21920,"127,86",568,266,"2025-06-11-PSMN-21920-127,86-568",50440,2.5,20176
2025-06-11,Sebrae Nacional - DEBRITO,2,instagram,sbrae_2025_psmn,psmn,"2025_6_BR_TRAF_CPC_MULHERES DE 25 A 45 ANOS; INTERESSES EM EMPREENDEDORISMO, PEQUENOS NEGÓCIOS E MEI; COMPORTAMENTO VOLTADO A ENGAJAMENTO COM PERFIS DE NEGÓCIOS E INFLUENCIADORES DE GESTÃO",2025_6_BR_CARD_KV_ACAO_SBRAE_2025_PSMN0293,Tráfego,35-44,1860,"6,85",30,0,"2025-06-11-PSMN-1860-6,85-30",50440,2.5,20176
2025-06-11,Sebrae Nacional - DEBRITO,2,instagram,sbrae_2025_psmn,psmn,"2025_6_BR_TRAF_CPC_MULHERES DE 25 A 45 ANOS; INTERESSES EM EMPREENDEDORISMO, PEQUENOS NEGÓCIOS E MEI; COMPORTAMENTO VOLTADO A ENGAJAMENTO COM PERFIS DE NEGÓCIOS E INFLUENCIADORES DE GESTÃO",2025_6_BR_REELS_GABRIELA BAILAS REELS_ACAO_SBRAE_2025_PSMN0289,Tráfego,35-44,73,"0,32",1,0,"2025-06-11-PSMN-73-0,32-1",50440,2.5,20176
2025-06-11,Sebrae Nacional - DEBRITO,2,instagram,sbrae_2025_psmn,psmn,"2025_6_BR_TRAF_CPC_MULHERES DE 25 A 45 ANOS; INTERESSES EM EMPREENDEDORISMO, PEQUENOS NEGÓCIOS E MEI; COMPORTAMENTO VOLTADO A ENGAJAMENTO COM PERFIS DE NEGÓCIOS E INFLUENCIADORES DE GESTÃO",2025_6_BR_REELS_VIC CERIDONO REELS_ACAO_SBRAE_2025_PSMN0290,Tráfego,35-44,2128,"5,41",16,7,"2025-06-11-PSMN-2128-5,41-16",50440,2.5,20176
2025-06-11,Sebrae Nacional - DEBRITO,2,instagram,sbrae_2025_psmn,psmn,"2025_6_BR_TRAF_CPC_MULHERES DE 25 A 45 ANOS; INTERESSES EM EMPREENDEDORISMO, PEQUENOS NEGÓCIOS E MEI; COMPORTAMENTO VOLTADO A ENGAJAMENTO COM PERFIS DE NEGÓCIOS E INFLUENCIADORES DE GESTÃO",2025_6_BR_STORIES_GABRIELA BAILAS STORIES_ACAO_SBRAE_2025_PSMN0292,Tráfego,35-44,12234,"87,87",400,78,"2025-06-11-PSMN-12234-87,87-400",50440,2.5,20176
2025-06-11,Sebrae Nacional - DEBRITO,2,instagram,sbrae_2025_psmn,psmn,"2025_6_BR_TRAF_CPC_MULHERES DE 25 A 45 ANOS; INTERESSES EM EMPREENDEDORISMO, PEQUENOS NEGÓCIOS E MEI; COMPORTAMENTO VOLTADO A ENGAJAMENTO COM PERFIS DE NEGÓCIOS E INFLUENCIADORES DE GESTÃO",2025_6_BR_STORIES_VIC CERIDONO STORIES_ACAO_SBRAE_2025_PSMN0291,Tráfego,35-44,38435,"205,36",909,574,"2025-06-11-PSMN-38435-205,36-909",50440,2.5,20176
2025-06-11,Sebrae Nacional - DEBRITO,2,instagram,sbrae_2025_psmn,psmn,"2025_6_BR_TRAF_CPC_MULHERES DE 25 A 45 ANOS; INTERESSES EM EMPREENDEDORISMO, PEQUENOS NEGÓCIOS E MEI; COMPORTAMENTO VOLTADO A ENGAJAMENTO COM PERFIS DE NEGÓCIOS E INFLUENCIADORES DE GESTÃO",2025_6_BR_CARD_KV_ACAO_SBRAE_2025_PSMN0293,Tráfego,45-54,1559,"6,54",26,0,"2025-06-11-PSMN-1559-6,54-26",50440,2.5,20176
2025-06-11,Sebrae Nacional - DEBRITO,2,instagram,sbrae_2025_psmn,psmn,"2025_6_BR_TRAF_CPC_MULHERES DE 25 A 45 ANOS; INTERESSES EM EMPREENDEDORISMO, PEQUENOS NEGÓCIOS E MEI; COMPORTAMENTO VOLTADO A ENGAJAMENTO COM PERFIS DE NEGÓCIOS E INFLUENCIADORES DE GESTÃO",2025_6_BR_REELS_GABRIELA BAILAS REELS_ACAO_SBRAE_2025_PSMN0289,Tráfego,45-54,47,"0,39",3,0,"2025-06-11-PSMN-47-0,39-3",50440,2.5,20176
2025-06-11,Sebrae Nacional - DEBRITO,2,instagram,sbrae_2025_psmn,psmn,"2025_6_BR_TRAF_CPC_MULHERES DE 25 A 45 ANOS; INTERESSES EM EMPREENDEDORISMO, PEQUENOS NEGÓCIOS E MEI; COMPORTAMENTO VOLTADO A ENGAJAMENTO COM PERFIS DE NEGÓCIOS E INFLUENCIADORES DE GESTÃO",2025_6_BR_REELS_VIC CERIDONO REELS_ACAO_SBRAE_2025_PSMN0290,Tráfego,45-54,4855,"15,75",43,15,"2025-06-11-PSMN-4855-15,75-43",50440,2.5,20176
2025-06-11,Sebrae Nacional - DEBRITO,2,instagram,sbrae_2025_psmn,psmn,"2025_6_BR_TRAF_CPC_MULHERES DE 25 A 45 ANOS; INTERESSES EM EMPREENDEDORISMO, PEQUENOS NEGÓCIOS E MEI; COMPORTAMENTO VOLTADO A ENGAJAMENTO COM PERFIS DE NEGÓCIOS E INFLUENCIADORES DE GESTÃO",2025_6_BR_STORIES_GABRIELA BAILAS STORIES_ACAO_SBRAE_2025_PSMN0292,Tráfego,45-54,28790,"212,57",1034,236,"2025-06-11-PSMN-28790-212,57-1034",50440,2.5,20176
2025-06-11,Sebrae Nacional - DEBRITO,2,instagram,sbrae_2025_psmn,psmn,"2025_6_BR_TRAF_CPC_MULHERES DE 25 A 45 ANOS; INTERESSES EM EMPREENDEDORISMO, PEQUENOS NEGÓCIOS E MEI; COMPORTAMENTO VOLTADO A ENGAJAMENTO COM PERFIS DE NEGÓCIOS E INFLUENCIADORES DE GESTÃO",2025_6_BR_STORIES_VIC CERIDONO STORIES_ACAO_SBRAE_2025_PSMN0291,Tráfego,45-54,75617,"428,66",1874,1680,"2025-06-11-PSMN-75617-428,66-1874",50440,2.5,20176
2025-06-11,Sebrae Nacional - DEBRITO,2,instagram,sbrae_2025_psmn,psmn,"2025_6_BR_TRAF_CPC_MULHERES DE 25 A 45 ANOS; INTERESSES EM EMPREENDEDORISMO, PEQUENOS NEGÓCIOS E MEI; COMPORTAMENTO VOLTADO A ENGAJAMENTO COM PERFIS DE NEGÓCIOS E INFLUENCIADORES DE GESTÃO",2025_6_BR_CARD_KV_ACAO_SBRAE_2025_PSMN0293,Tráfego,55+,1416,"5,08",16,0,"2025-06-11-PSMN-1416-5,08-16",50440,2.5,20176
2025-06-11,Sebrae Nacional - DEBRITO,2,instagram,sbrae_2025_psmn,psmn,"2025_6_BR_TRAF_CPC_MULHERES DE 25 A 45 ANOS; INTERESSES EM EMPREENDEDORISMO, PEQUENOS NEGÓCIOS E MEI; COMPORTAMENTO VOLTADO A ENGAJAMENTO COM PERFIS DE NEGÓCIOS E INFLUENCIADORES DE GESTÃO",2025_6_BR_REELS_GABRIELA BAILAS REELS_ACAO_SBRAE_2025_PSMN0289,Tráfego,55+,40,"0,68",2,0,"2025-06-11-PSMN-40-0,68-2",50440,2.5,20176
2025-06-11,Sebrae Nacional - DEBRITO,2,instagram,sbrae_2025_psmn,psmn,"2025_6_BR_TRAF_CPC_MULHERES DE 25 A 45 ANOS; INTERESSES EM EMPREENDEDORISMO, PEQUENOS NEGÓCIOS E MEI; COMPORTAMENTO VOLTADO A ENGAJAMENTO COM PERFIS DE NEGÓCIOS E INFLUENCIADORES DE GESTÃO",2025_6_BR_REELS_VIC CERIDONO REELS_ACAO_SBRAE_2025_PSMN0290,Tráfego,55+,9790,"47,47",186,29,"2025-06-11-PSMN-9790-47,47-186",50440,2.5,20176
2025-06-11,Sebrae Nacional - DEBRITO,2,instagram,sbrae_2025_psmn,psmn,"2025_6_BR_TRAF_CPC_MULHERES DE 25 A 45 ANOS; INTERESSES EM EMPREENDEDORISMO, PEQUENOS NEGÓCIOS E MEI; COMPORTAMENTO VOLTADO A ENGAJAMENTO COM PERFIS DE NEGÓCIOS E INFLUENCIADORES DE GESTÃO",2025_6_BR_STORIES_GABRIELA BAILAS STORIES_ACAO_SBRAE_2025_PSMN0292,Tráfego,55+,53948,"491,07",2463,495,"2025-06-11-PSMN-53948-491,07-2463",50440,2.5,20176
2025-06-11,Sebrae Nacional - DEBRITO,2,instagram,sbrae_2025_psmn,psmn,"2025_6_BR_TRAF_CPC_MULHERES DE 25 A 45 ANOS; INTERESSES EM EMPREENDEDORISMO, PEQUENOS NEGÓCIOS E MEI; COMPORTAMENTO VOLTADO A ENGAJAMENTO COM PERFIS DE NEGÓCIOS E INFLUENCIADORES DE GESTÃO",2025_6_BR_STORIES_VIC CERIDONO STORIES_ACAO_SBRAE_2025_PSMN0291,Tráfego,55+,99014,"671,02",3041,2778,"2025-06-11-PSMN-99014-671,02-3041",50440,2.5,20176
2025-06-11,Sebrae Nacional - DEBRITO,2,instagram,sbrae_2025_psmn,psmn,"2025_6_BR_TRAF_CPC_MULHERES DE 25 A 45 ANOS; INTERESSES EM EMPREENDEDORISMO, PEQUENOS NEGÓCIOS E MEI; COMPORTAMENTO VOLTADO A ENGAJAMENTO COM PERFIS DE NEGÓCIOS E INFLUENCIADORES DE GESTÃO",2025_6_BR_CARD_KV_ACAO_SBRAE_2025_PSMN0293,Tráfego,55+,1007,"2,72",13,0,"2025-06-11-PSMN-1007-2,72-13",50440,2.5,20176
2025-06-11,Sebrae Nacional - DEBRITO,2,instagram,sbrae_2025_psmn,psmn,"2025_6_BR_TRAF_CPC_MULHERES DE 25 A 45 ANOS; INTERESSES EM EMPREENDEDORISMO, PEQUENOS NEGÓCIOS E MEI; COMPORTAMENTO VOLTADO A ENGAJAMENTO COM PERFIS DE NEGÓCIOS E INFLUENCIADORES DE GESTÃO",2025_6_BR_REELS_GABRIELA BAILAS REELS_ACAO_SBRAE_2025_PSMN0289,Tráfego,55+,21,"0,33",1,0,"2025-06-11-PSMN-21-0,33-1",50440,2.5,20176
2025-06-11,Sebrae Nacional - DEBRITO,2,instagram,sbrae_2025_psmn,psmn,"2025_6_BR_TRAF_CPC_MULHERES DE 25 A 45 ANOS; INTERESSES EM EMPREENDEDORISMO, PEQUENOS NEGÓCIOS E MEI; COMPORTAMENTO VOLTADO A ENGAJAMENTO COM PERFIS DE NEGÓCIOS E INFLUENCIADORES DE GESTÃO",2025_6_BR_REELS_VIC CERIDONO REELS_ACAO_SBRAE_2025_PSMN0290,Tráfego,55+,15033,"107,42",419,60,"2025-06-11-PSMN-15033-107,42-419",50440,2.5,20176
2025-06-11,Sebrae Nacional - DEBRITO,2,instagram,sbrae_2025_psmn,psmn,"2025_6_BR_TRAF_CPC_MULHERES DE 25 A 45 ANOS; INTERESSES EM EMPREENDEDORISMO, PEQUENOS NEGÓCIOS E MEI; COMPORTAMENTO VOLTADO A ENGAJAMENTO COM PERFIS DE NEGÓCIOS E INFLUENCIADORES DE GESTÃO",2025_6_BR_STORIES_GABRIELA BAILAS STORIES_ACAO_SBRAE_2025_PSMN0292,Tráfego,55+,95209,"1347,32",7754,1636,"2025-06-11-PSMN-95209-1347,32-7754",50440,2.5,20176
2025-06-11,Sebrae Nacional - DEBRITO,2,instagram,sbrae_2025_psmn,psmn,"2025_6_BR_TRAF_CPC_MULHERES DE 25 A 45 ANOS; INTERESSES EM EMPREENDEDORISMO, PEQUENOS NEGÓCIOS E MEI; COMPORTAMENTO VOLTADO A ENGAJAMENTO COM PERFIS DE NEGÓCIOS E INFLUENCIADORES DE GESTÃO",2025_6_BR_STORIES_VIC CERIDONO STORIES_ACAO_SBRAE_2025_PSMN0291,Tráfego,55+,119021,"1210,87",6030,4851,"2025-06-11-PSMN-119021-1210,87-6030",50440,2.5,20176
2025-06-12,Sebrae Nacional - DEBRITO,2,instagram,sbrae_2025_psmn,psmn,"2025_6_BR_TRAF_CPC_MULHERES DE 25 A 45 ANOS; INTERESSES EM EMPREENDEDORISMO, PEQUENOS NEGÓCIOS E MEI; COMPORTAMENTO VOLTADO A ENGAJAMENTO COM PERFIS DE NEGÓCIOS E INFLUENCIADORES DE GESTÃO",2025_6_BR_CARD_KV_ACAO_SBRAE_2025_PSMN0293,Tráfego,25-34,12179,"35,82",115,0,"2025-06-12-PSMN-12179-35,82-115",50440,2.5,20176
2025-06-12,Sebrae Nacional - DEBRITO,2,instagram,sbrae_2025_psmn,psmn,"2025_6_BR_TRAF_CPC_MULHERES DE 25 A 45 ANOS; INTERESSES EM EMPREENDEDORISMO, PEQUENOS NEGÓCIOS E MEI; COMPORTAMENTO VOLTADO A ENGAJAMENTO COM PERFIS DE NEGÓCIOS E INFLUENCIADORES DE GESTÃO",2025_6_BR_REELS_GABRIELA BAILAS REELS_ACAO_SBRAE_2025_PSMN0289,Tráfego,25-34,261,"1,01",4,3,"2025-06-12-PSMN-261-1,01-4",50440,2.5,20176
2025-06-12,Sebrae Nacional - DEBRITO,2,instagram,sbrae_2025_psmn,psmn,"2025_6_BR_TRAF_CPC_MULHERES DE 25 A 45 ANOS; INTERESSES EM EMPREENDEDORISMO, PEQUENOS NEGÓCIOS E MEI; COMPORTAMENTO VOLTADO A ENGAJAMENTO COM PERFIS DE NEGÓCIOS E INFLUENCIADORES DE GESTÃO",2025_6_BR_REELS_VIC CERIDONO REELS_ACAO_SBRAE_2025_PSMN0290,Tráfego,25-34,2591,"7,59",31,5,"2025-06-12-PSMN-2591-7,59-31",50440,2.5,20176
2025-06-12,Sebrae Nacional - DEBRITO,2,instagram,sbrae_2025_psmn,psmn,"2025_6_BR_TRAF_CPC_MULHERES DE 25 A 45 ANOS; INTERESSES EM EMPREENDEDORISMO, PEQUENOS NEGÓCIOS E MEI; COMPORTAMENTO VOLTADO A ENGAJAMENTO COM PERFIS DE NEGÓCIOS E INFLUENCIADORES DE GESTÃO",2025_6_BR_STORIES_GABRIELA BAILAS STORIES_ACAO_SBRAE_2025_PSMN0292,Tráfego,25-34,9475,"79,72",367,71,"2025-06-12-PSMN-9475-79,72-367",50440,2.5,20176
2025-06-12,Sebrae Nacional - DEBRITO,2,instagram,sbrae_2025_psmn,psmn,"2025_6_BR_TRAF_CPC_MULHERES DE 25 A 45 ANOS; INTERESSES EM EMPREENDEDORISMO, PEQUENOS NEGÓCIOS E MEI; COMPORTAMENTO VOLTADO A ENGAJAMENTO COM PERFIS DE NEGÓCIOS E INFLUENCIADORES DE GESTÃO",2025_6_BR_STORIES_VIC CERIDONO STORIES_ACAO_SBRAE_2025_PSMN0291,Tráfego,25-34,19867,"118,42",459,289,"2025-06-12-PSMN-19867-118,42-459",50440,2.5,20176
2025-06-12,Sebrae Nacional - DEBRITO,2,instagram,sbrae_2025_psmn,psmn,"2025_6_BR_TRAF_CPC_MULHERES DE 25 A 45 ANOS; INTERESSES EM EMPREENDEDORISMO, PEQUENOS NEGÓCIOS E MEI; COMPORTAMENTO VOLTADO A ENGAJAMENTO COM PERFIS DE NEGÓCIOS E INFLUENCIADORES DE GESTÃO",2025_6_BR_CARD_KV_ACAO_SBRAE_2025_PSMN0293,Tráfego,35-44,3285,"11,72",43,0,"2025-06-12-PSMN-3285-11,72-43",50440,2.5,20176
2025-06-12,Sebrae Nacional - DEBRITO,2,instagram,sbrae_2025_psmn,psmn,"2025_6_BR_TRAF_CPC_MULHERES DE 25 A 45 ANOS; INTERESSES EM EMPREENDEDORISMO, PEQUENOS NEGÓCIOS E MEI; COMPORTAMENTO VOLTADO A ENGAJAMENTO COM PERFIS DE NEGÓCIOS E INFLUENCIADORES DE GESTÃO",2025_6_BR_REELS_GABRIELA BAILAS REELS_ACAO_SBRAE_2025_PSMN0289,Tráfego,35-44,238,"1,67",9,2,"2025-06-12-PSMN-238-1,67-9",50440,2.5,20176
2025-06-12,Sebrae Nacional - DEBRITO,2,instagram,sbrae_2025_psmn,psmn,"2025_6_BR_TRAF_CPC_MULHERES DE 25 A 45 ANOS; INTERESSES EM EMPREENDEDORISMO, PEQUENOS NEGÓCIOS E MEI; COMPORTAMENTO VOLTADO A ENGAJAMENTO COM PERFIS DE NEGÓCIOS E INFLUENCIADORES DE GESTÃO",2025_6_BR_REELS_VIC CERIDONO REELS_ACAO_SBRAE_2025_PSMN0290,Tráfego,35-44,2923,"8,27",31,7,"2025-06-12-PSMN-2923-8,27-31",50440,2.5,20176
2025-06-12,Sebrae Nacional - DEBRITO,2,instagram,sbrae_2025_psmn,psmn,"2025_6_BR_TRAF_CPC_MULHERES DE 25 A 45 ANOS; INTERESSES EM EMPREENDEDORISMO, PEQUENOS NEGÓCIOS E MEI; COMPORTAMENTO VOLTADO A ENGAJAMENTO COM PERFIS DE NEGÓCIOS E INFLUENCIADORES DE GESTÃO",2025_6_BR_STORIES_GABRIELA BAILAS STORIES_ACAO_SBRAE_2025_PSMN0292,Tráfego,35-44,11122,"75,18",300,96,"2025-06-12-PSMN-11122-75,18-300",50440,2.5,20176
2025-06-12,Sebrae Nacional - DEBRITO,2,instagram,sbrae_2025_psmn,psmn,"2025_6_BR_TRAF_CPC_MULHERES DE 25 A 45 ANOS; INTERESSES EM EMPREENDEDORISMO, PEQUENOS NEGÓCIOS E MEI; COMPORTAMENTO VOLTADO A ENGAJAMENTO COM PERFIS DE NEGÓCIOS E INFLUENCIADORES DE GESTÃO",2025_6_BR_STORIES_VIC CERIDONO STORIES_ACAO_SBRAE_2025_PSMN0291,Tráfego,35-44,33271,"174,23",692,523,"2025-06-12-PSMN-33271-174,23-692",50440,2.5,20176
2025-06-12,Sebrae Nacional - DEBRITO,2,instagram,sbrae_2025_psmn,psmn,"2025_6_BR_TRAF_CPC_MULHERES DE 25 A 45 ANOS; INTERESSES EM EMPREENDEDORISMO, PEQUENOS NEGÓCIOS E MEI; COMPORTAMENTO VOLTADO A ENGAJAMENTO COM PERFIS DE NEGÓCIOS E INFLUENCIADORES DE GESTÃO",2025_6_BR_CARD_KV_ACAO_SBRAE_2025_PSMN0293,Tráfego,45-54,2548,"10,42",40,0,"2025-06-12-PSMN-2548-10,42-40",50440,2.5,20176
2025-06-12,Sebrae Nacional - DEBRITO,2,instagram,sbrae_2025_psmn,psmn,"2025_6_BR_TRAF_CPC_MULHERES DE 25 A 45 ANOS; INTERESSES EM EMPREENDEDORISMO, PEQUENOS NEGÓCIOS E MEI; COMPORTAMENTO VOLTADO A ENGAJAMENTO COM PERFIS DE NEGÓCIOS E INFLUENCIADORES DE GESTÃO",2025_6_BR_REELS_GABRIELA BAILAS REELS_ACAO_SBRAE_2025_PSMN0289,Tráfego,45-54,200,"1,73",8,2,"2025-06-12-PSMN-200-1,73-8",50440,2.5,20176
2025-06-12,Sebrae Nacional - DEBRITO,2,instagram,sbrae_2025_psmn,psmn,"2025_6_BR_TRAF_CPC_MULHERES DE 25 A 45 ANOS; INTERESSES EM EMPREENDEDORISMO, PEQUENOS NEGÓCIOS E MEI; COMPORTAMENTO VOLTADO A ENGAJAMENTO COM PERFIS DE NEGÓCIOS E INFLUENCIADORES DE GESTÃO",2025_6_BR_REELS_VIC CERIDONO REELS_ACAO_SBRAE_2025_PSMN0290,Tráfego,45-54,8472,"39,9",153,25,"2025-06-12-PSMN-8472-39,9-153",50440,2.5,20176
2025-06-12,Sebrae Nacional - DEBRITO,2,instagram,sbrae_2025_psmn,psmn,"2025_6_BR_TRAF_CPC_MULHERES DE 25 A 45 ANOS; INTERESSES EM EMPREENDEDORISMO, PEQUENOS NEGÓCIOS E MEI; COMPORTAMENTO VOLTADO A ENGAJAMENTO COM PERFIS DE NEGÓCIOS E INFLUENCIADORES DE GESTÃO",2025_6_BR_STORIES_GABRIELA BAILAS STORIES_ACAO_SBRAE_2025_PSMN0292,Tráfego,45-54,27770,"180,39",802,225,"2025-06-12-PSMN-27770-180,39-802",50440,2.5,20176
2025-06-12,Sebrae Nacional - DEBRITO,2,instagram,sbrae_2025_psmn,psmn,"2025_6_BR_TRAF_CPC_MULHERES DE 25 A 45 ANOS; INTERESSES EM EMPREENDEDORISMO, PEQUENOS NEGÓCIOS E MEI; COMPORTAMENTO VOLTADO A ENGAJAMENTO COM PERFIS DE NEGÓCIOS E INFLUENCIADORES DE GESTÃO",2025_6_BR_STORIES_VIC CERIDONO STORIES_ACAO_SBRAE_2025_PSMN0291,Tráfego,45-54,73394,"393,31",1556,1490,"2025-06-12-PSMN-73394-393,31-1556",50440,2.5,20176
2025-06-12,Sebrae Nacional - DEBRITO,2,instagram,sbrae_2025_psmn,psmn,"2025_6_BR_TRAF_CPC_MULHERES DE 25 A 45 ANOS; INTERESSES EM EMPREENDEDORISMO, PEQUENOS NEGÓCIOS E MEI; COMPORTAMENTO VOLTADO A ENGAJAMENTO COM PERFIS DE NEGÓCIOS E INFLUENCIADORES DE GESTÃO",2025_6_BR_CARD_KV_ACAO_SBRAE_2025_PSMN0293,Tráfego,55+,2091,"7,79",26,0,"2025-06-12-PSMN-2091-7,79-26",50440,2.5,20176
2025-06-12,Sebrae Nacional - DEBRITO,2,instagram,sbrae_2025_psmn,psmn,"2025_6_BR_TRAF_CPC_MULHERES DE 25 A 45 ANOS; INTERESSES EM EMPREENDEDORISMO, PEQUENOS NEGÓCIOS E MEI; COMPORTAMENTO VOLTADO A ENGAJAMENTO COM PERFIS DE NEGÓCIOS E INFLUENCIADORES DE GESTÃO",2025_6_BR_REELS_GABRIELA BAILAS REELS_ACAO_SBRAE_2025_PSMN0289,Tráfego,55+,204,"2,38",2,1,"2025-06-12-PSMN-204-2,38-2",50440,2.5,20176
2025-06-12,Sebrae Nacional - DEBRITO,2,instagram,sbrae_2025_psmn,psmn,"2025_6_BR_TRAF_CPC_MULHERES DE 25 A 45 ANOS; INTERESSES EM EMPREENDEDORISMO, PEQUENOS NEGÓCIOS E MEI; COMPORTAMENTO VOLTADO A ENGAJAMENTO COM PERFIS DE NEGÓCIOS E INFLUENCIADORES DE GESTÃO",2025_6_BR_REELS_VIC CERIDONO REELS_ACAO_SBRAE_2025_PSMN0290,Tráfego,55+,19272,"113,28",412,62,"2025-06-12-PSMN-19272-113,28-412",50440,2.5,20176
2025-06-12,Sebrae Nacional - DEBRITO,2,instagram,sbrae_2025_psmn,psmn,"2025_6_BR_TRAF_CPC_MULHERES DE 25 A 45 ANOS; INTERESSES EM EMPREENDEDORISMO, PEQUENOS NEGÓCIOS E MEI; COMPORTAMENTO VOLTADO A ENGAJAMENTO COM PERFIS DE NEGÓCIOS E INFLUENCIADORES DE GESTÃO",2025_6_BR_STORIES_GABRIELA BAILAS STORIES_ACAO_SBRAE_2025_PSMN0292,Tráfego,55+,52968,"428,52",2067,606,"2025-06-12-PSMN-52968-428,52-2067",50440,2.5,20176
2025-06-12,Sebrae Nacional - DEBRITO,2,instagram,sbrae_2025_psmn,psmn,"2025_6_BR_TRAF_CPC_MULHERES DE 25 A 45 ANOS; INTERESSES EM EMPREENDEDORISMO, PEQUENOS NEGÓCIOS E MEI; COMPORTAMENTO VOLTADO A ENGAJAMENTO COM PERFIS DE NEGÓCIOS E INFLUENCIADORES DE GESTÃO",2025_6_BR_STORIES_VIC CERIDONO STORIES_ACAO_SBRAE_2025_PSMN0291,Tráfego,55+,108310,"685,67",2979,3056,"2025-06-12-PSMN-108310-685,67-2979",50440,2.5,20176
2025-06-12,Sebrae Nacional - DEBRITO,2,instagram,sbrae_2025_psmn,psmn,"2025_6_BR_TRAF_CPC_MULHERES DE 25 A 45 ANOS; INTERESSES EM EMPREENDEDORISMO, PEQUENOS NEGÓCIOS E MEI; COMPORTAMENTO VOLTADO A ENGAJAMENTO COM PERFIS DE NEGÓCIOS E INFLUENCIADORES DE GESTÃO",2025_6_BR_CARD_KV_ACAO_SBRAE_2025_PSMN0293,Tráfego,55+,1266,"4,37",16,0,"2025-06-12-PSMN-1266-4,37-16",50440,2.5,20176
2025-06-12,Sebrae Nacional - DEBRITO,2,instagram,sbrae_2025_psmn,psmn,"2025_6_BR_TRAF_CPC_MULHERES DE 25 A 45 ANOS; INTERESSES EM EMPREENDEDORISMO, PEQUENOS NEGÓCIOS E MEI; COMPORTAMENTO VOLTADO A ENGAJAMENTO COM PERFIS DE NEGÓCIOS E INFLUENCIADORES DE GESTÃO",2025_6_BR_REELS_GABRIELA BAILAS REELS_ACAO_SBRAE_2025_PSMN0289,Tráfego,55+,130,"2,37",8,2,"2025-06-12-PSMN-130-2,37-8",50440,2.5,20176
2025-06-12,Sebrae Nacional - DEBRITO,2,instagram,sbrae_2025_psmn,psmn,"2025_6_BR_TRAF_CPC_MULHERES DE 25 A 45 ANOS; INTERESSES EM EMPREENDEDORISMO, PEQUENOS NEGÓCIOS E MEI; COMPORTAMENTO VOLTADO A ENGAJAMENTO COM PERFIS DE NEGÓCIOS E INFLUENCIADORES DE GESTÃO",2025_6_BR_REELS_VIC CERIDONO REELS_ACAO_SBRAE_2025_PSMN0290,Tráfego,55+,29019,"232,58",860,106,"2025-06-12-PSMN-29019-232,58-860",50440,2.5,20176
2025-06-12,Sebrae Nacional - DEBRITO,2,instagram,sbrae_2025_psmn,psmn,"2025_6_BR_TRAF_CPC_MULHERES DE 25 A 45 ANOS; INTERESSES EM EMPREENDEDORISMO, PEQUENOS NEGÓCIOS E MEI; COMPORTAMENTO VOLTADO A ENGAJAMENTO COM PERFIS DE NEGÓCIOS E INFLUENCIADORES DE GESTÃO",2025_6_BR_STORIES_GABRIELA BAILAS STORIES_ACAO_SBRAE_2025_PSMN0292,Tráfego,55+,94354,"1257,08",6389,1831,"2025-06-12-PSMN-94354-1257,08-6389",50440,2.5,20176
2025-06-12,Sebrae Nacional - DEBRITO,2,instagram,sbrae_2025_psmn,psmn,"2025_6_BR_TRAF_CPC_MULHERES DE 25 A 45 ANOS; INTERESSES EM EMPREENDEDORISMO, PEQUENOS NEGÓCIOS E MEI; COMPORTAMENTO VOLTADO A ENGAJAMENTO COM PERFIS DE NEGÓCIOS E INFLUENCIADORES DE GESTÃO",2025_6_BR_STORIES_VIC CERIDONO STORIES_ACAO_SBRAE_2025_PSMN0291,Tráfego,55+,143049,"1332,37",6117,5652,"2025-06-12-PSMN-143049-1332,37-6117",50440,2.5,20176
2025-06-13,Sebrae Nacional - DEBRITO,2,instagram,sbrae_2025_psmn,psmn,"2025_6_BR_TRAF_CPC_MULHERES DE 25 A 45 ANOS; INTERESSES EM EMPREENDEDORISMO, PEQUENOS NEGÓCIOS E MEI; COMPORTAMENTO VOLTADO A ENGAJAMENTO COM PERFIS DE NEGÓCIOS E INFLUENCIADORES DE GESTÃO",2025_6_BR_CARD_KV_ACAO_SBRAE_2025_PSMN0293,Tráfego,25-34,91656,"274,77",969,0,"2025-06-13-PSMN-91656-274,77-969",50440,2.5,20176
2025-06-13,Sebrae Nacional - DEBRITO,2,instagram,sbrae_2025_psmn,psmn,"2025_6_BR_TRAF_CPC_MULHERES DE 25 A 45 ANOS; INTERESSES EM EMPREENDEDORISMO, PEQUENOS NEGÓCIOS E MEI; COMPORTAMENTO VOLTADO A ENGAJAMENTO COM PERFIS DE NEGÓCIOS E INFLUENCIADORES DE GESTÃO",2025_6_BR_REELS_GABRIELA BAILAS REELS_ACAO_SBRAE_2025_PSMN0289,Tráfego,25-34,2691,"13,81",62,9,"2025-06-13-PSMN-2691-13,81-62",50440,2.5,20176
2025-06-13,Sebrae Nacional - DEBRITO,2,instagram,sbrae_2025_psmn,psmn,"2025_6_BR_TRAF_CPC_MULHERES DE 25 A 45 ANOS; INTERESSES EM EMPREENDEDORISMO, PEQUENOS NEGÓCIOS E MEI; COMPORTAMENTO VOLTADO A ENGAJAMENTO COM PERFIS DE NEGÓCIOS E INFLUENCIADORES DE GESTÃO",2025_6_BR_REELS_VIC CERIDONO REELS_ACAO_SBRAE_2025_PSMN0290,Tráfego,25-34,4979,"11,12",45,1,"2025-06-13-PSMN-4979-11,12-45",50440,2.5,20176
2025-06-13,Sebrae Nacional - DEBRITO,2,instagram,sbrae_2025_psmn,psmn,"2025_6_BR_TRAF_CPC_MULHERES DE 25 A 45 ANOS; INTERESSES EM EMPREENDEDORISMO, PEQUENOS NEGÓCIOS E MEI; COMPORTAMENTO VOLTADO A ENGAJAMENTO COM PERFIS DE NEGÓCIOS E INFLUENCIADORES DE GESTÃO",2025_6_BR_STORIES_GABRIELA BAILAS STORIES_ACAO_SBRAE_2025_PSMN0292,Tráfego,25-34,10366,"83,79",373,83,"2025-06-13-PSMN-10366-83,79-373",50440,2.5,20176
2025-06-13,Sebrae Nacional - DEBRITO,2,instagram,sbrae_2025_psmn,psmn,"2025_6_BR_TRAF_CPC_MULHERES DE 25 A 45 ANOS; INTERESSES EM EMPREENDEDORISMO, PEQUENOS NEGÓCIOS E MEI; COMPORTAMENTO VOLTADO A ENGAJAMENTO COM PERFIS DE NEGÓCIOS E INFLUENCIADORES DE GESTÃO",2025_6_BR_STORIES_VIC CERIDONO STORIES_ACAO_SBRAE_2025_PSMN0291,Tráfego,25-34,22539,"127,47",555,300,"2025-06-13-PSMN-22539-127,47-555",50440,2.5,20176
2025-06-13,Sebrae Nacional - DEBRITO,2,instagram,sbrae_2025_psmn,psmn,"2025_6_BR_TRAF_CPC_MULHERES DE 25 A 45 ANOS; INTERESSES EM EMPREENDEDORISMO, PEQUENOS NEGÓCIOS E MEI; COMPORTAMENTO VOLTADO A ENGAJAMENTO COM PERFIS DE NEGÓCIOS E INFLUENCIADORES DE GESTÃO",2025_6_BR_CARD_KV_ACAO_SBRAE_2025_PSMN0293,Tráfego,35-44,15185,"51,93",170,0,"2025-06-13-PSMN-15185-51,93-170",50440,2.5,20176
2025-06-13,Sebrae Nacional - DEBRITO,2,instagram,sbrae_2025_psmn,psmn,"2025_6_BR_TRAF_CPC_MULHERES DE 25 A 45 ANOS; INTERESSES EM EMPREENDEDORISMO, PEQUENOS NEGÓCIOS E MEI; COMPORTAMENTO VOLTADO A ENGAJAMENTO COM PERFIS DE NEGÓCIOS E INFLUENCIADORES DE GESTÃO",2025_6_BR_REELS_GABRIELA BAILAS REELS_ACAO_SBRAE_2025_PSMN0289,Tráfego,35-44,1934,"13,99",58,18,"2025-06-13-PSMN-1934-13,99-58",50440,2.5,20176
2025-06-13,Sebrae Nacional - DEBRITO,2,instagram,sbrae_2025_psmn,psmn,"2025_6_BR_TRAF_CPC_MULHERES DE 25 A 45 ANOS; INTERESSES EM EMPREENDEDORISMO, PEQUENOS NEGÓCIOS E MEI; COMPORTAMENTO VOLTADO A ENGAJAMENTO COM PERFIS DE NEGÓCIOS E INFLUENCIADORES DE GESTÃO",2025_6_BR_REELS_VIC CERIDONO REELS_ACAO_SBRAE_2025_PSMN0290,Tráfego,35-44,5212,"13,64",44,3,"2025-06-13-PSMN-5212-13,64-44",50440,2.5,20176
2025-06-13,Sebrae Nacional - DEBRITO,2,instagram,sbrae_2025_psmn,psmn,"2025_6_BR_TRAF_CPC_MULHERES DE 25 A 45 ANOS; INTERESSES EM EMPREENDEDORISMO, PEQUENOS NEGÓCIOS E MEI; COMPORTAMENTO VOLTADO A ENGAJAMENTO COM PERFIS DE NEGÓCIOS E INFLUENCIADORES DE GESTÃO",2025_6_BR_STORIES_GABRIELA BAILAS STORIES_ACAO_SBRAE_2025_PSMN0292,Tráfego,35-44,11549,"78,12",329,102,"2025-06-13-PSMN-11549-78,12-329",50440,2.5,20176
2025-06-13,Sebrae Nacional - DEBRITO,2,instagram,sbrae_2025_psmn,psmn,"2025_6_BR_TRAF_CPC_MULHERES DE 25 A 45 ANOS; INTERESSES EM EMPREENDEDORISMO, PEQUENOS NEGÓCIOS E MEI; COMPORTAMENTO VOLTADO A ENGAJAMENTO COM PERFIS DE NEGÓCIOS E INFLUENCIADORES DE GESTÃO",2025_6_BR_STORIES_VIC CERIDONO STORIES_ACAO_SBRAE_2025_PSMN0291,Tráfego,35-44,35886,"185,74",692,503,"2025-06-13-PSMN-35886-185,74-692",50440,2.5,20176
2025-06-13,Sebrae Nacional - DEBRITO,2,instagram,sbrae_2025_psmn,psmn,"2025_6_BR_TRAF_CPC_MULHERES DE 25 A 45 ANOS; INTERESSES EM EMPREENDEDORISMO, PEQUENOS NEGÓCIOS E MEI; COMPORTAMENTO VOLTADO A ENGAJAMENTO COM PERFIS DE NEGÓCIOS E INFLUENCIADORES DE GESTÃO",2025_6_BR_CARD_KV_ACAO_SBRAE_2025_PSMN0293,Tráfego,45-54,4507,"16,93",64,0,"2025-06-13-PSMN-4507-16,93-64",50440,2.5,20176
2025-06-13,Sebrae Nacional - DEBRITO,2,instagram,sbrae_2025_psmn,psmn,"2025_6_BR_TRAF_CPC_MULHERES DE 25 A 45 ANOS; INTERESSES EM EMPREENDEDORISMO, PEQUENOS NEGÓCIOS E MEI; COMPORTAMENTO VOLTADO A ENGAJAMENTO COM PERFIS DE NEGÓCIOS E INFLUENCIADORES DE GESTÃO",2025_6_BR_REELS_GABRIELA BAILAS REELS_ACAO_SBRAE_2025_PSMN0289,Tráfego,45-54,1357,"11,5",56,11,"2025-06-13-PSMN-1357-11,5-56",50440,2.5,20176
2025-06-13,Sebrae Nacional - DEBRITO,2,instagram,sbrae_2025_psmn,psmn,"2025_6_BR_TRAF_CPC_MULHERES DE 25 A 45 ANOS; INTERESSES EM EMPREENDEDORISMO, PEQUENOS NEGÓCIOS E MEI; COMPORTAMENTO VOLTADO A ENGAJAMENTO COM PERFIS DE NEGÓCIOS E INFLUENCIADORES DE GESTÃO",2025_6_BR_REELS_VIC CERIDONO REELS_ACAO_SBRAE_2025_PSMN0290,Tráfego,45-54,13995,"56,68",207,31,"2025-06-13-PSMN-13995-56,68-207",50440,2.5,20176
2025-06-13,Sebrae Nacional - DEBRITO,2,instagram,sbrae_2025_psmn,psmn,"2025_6_BR_TRAF_CPC_MULHERES DE 25 A 45 ANOS; INTERESSES EM EMPREENDEDORISMO, PEQUENOS NEGÓCIOS E MEI; COMPORTAMENTO VOLTADO A ENGAJAMENTO COM PERFIS DE NEGÓCIOS E INFLUENCIADORES DE GESTÃO",2025_6_BR_STORIES_GABRIELA BAILAS STORIES_ACAO_SBRAE_2025_PSMN0292,Tráfego,45-54,27807,"186,58",789,248,"2025-06-13-PSMN-27807-186,58-789",50440,2.5,20176
2025-06-13,Sebrae Nacional - DEBRITO,2,instagram,sbrae_2025_psmn,psmn,"2025_6_BR_TRAF_CPC_MULHERES DE 25 A 45 ANOS; INTERESSES EM EMPREENDEDORISMO, PEQUENOS NEGÓCIOS E MEI; COMPORTAMENTO VOLTADO A ENGAJAMENTO COM PERFIS DE NEGÓCIOS E INFLUENCIADORES DE GESTÃO",2025_6_BR_STORIES_VIC CERIDONO STORIES_ACAO_SBRAE_2025_PSMN0291,Tráfego,45-54,69601,"369,75",1438,1435,"2025-06-13-PSMN-69601-369,75-1438",50440,2.5,20176
2025-06-13,Sebrae Nacional - DEBRITO,2,instagram,sbrae_2025_psmn,psmn,"2025_6_BR_TRAF_CPC_MULHERES DE 25 A 45 ANOS; INTERESSES EM EMPREENDEDORISMO, PEQUENOS NEGÓCIOS E MEI; COMPORTAMENTO VOLTADO A ENGAJAMENTO COM PERFIS DE NEGÓCIOS E INFLUENCIADORES DE GESTÃO",2025_6_BR_CARD_KV_ACAO_SBRAE_2025_PSMN0293,Tráfego,55+,2510,"8,78",31,0,"2025-06-13-PSMN-2510-8,78-31",50440,2.5,20176
2025-06-13,Sebrae Nacional - DEBRITO,2,instagram,sbrae_2025_psmn,psmn,"2025_6_BR_TRAF_CPC_MULHERES DE 25 A 45 ANOS; INTERESSES EM EMPREENDEDORISMO, PEQUENOS NEGÓCIOS E MEI; COMPORTAMENTO VOLTADO A ENGAJAMENTO COM PERFIS DE NEGÓCIOS E INFLUENCIADORES DE GESTÃO",2025_6_BR_REELS_GABRIELA BAILAS REELS_ACAO_SBRAE_2025_PSMN0289,Tráfego,55+,1197,"14,27",51,12,"2025-06-13-PSMN-1197-14,27-51",50440,2.5,20176
2025-06-13,Sebrae Nacional - DEBRITO,2,instagram,sbrae_2025_psmn,psmn,"2025_6_BR_TRAF_CPC_MULHERES DE 25 A 45 ANOS; INTERESSES EM EMPREENDEDORISMO, PEQUENOS NEGÓCIOS E MEI; COMPORTAMENTO VOLTADO A ENGAJAMENTO COM PERFIS DE NEGÓCIOS E INFLUENCIADORES DE GESTÃO",2025_6_BR_REELS_VIC CERIDONO REELS_ACAO_SBRAE_2025_PSMN0290,Tráfego,55+,27995,"144,68",523,73,"2025-06-13-PSMN-27995-144,68-523",50440,2.5,20176
2025-06-13,Sebrae Nacional - DEBRITO,2,instagram,sbrae_2025_psmn,psmn,"2025_6_BR_TRAF_CPC_MULHERES DE 25 A 45 ANOS; INTERESSES EM EMPREENDEDORISMO, PEQUENOS NEGÓCIOS E MEI; COMPORTAMENTO VOLTADO A ENGAJAMENTO COM PERFIS DE NEGÓCIOS E INFLUENCIADORES DE GESTÃO",2025_6_BR_STORIES_GABRIELA BAILAS STORIES_ACAO_SBRAE_2025_PSMN0292,Tráfego,55+,49828,"413,6",1879,564,"2025-06-13-PSMN-49828-413,6-1879",50440,2.5,20176
2025-06-13,Sebrae Nacional - DEBRITO,2,instagram,sbrae_2025_psmn,psmn,"2025_6_BR_TRAF_CPC_MULHERES DE 25 A 45 ANOS; INTERESSES EM EMPREENDEDORISMO, PEQUENOS NEGÓCIOS E MEI; COMPORTAMENTO VOLTADO A ENGAJAMENTO COM PERFIS DE NEGÓCIOS E INFLUENCIADORES DE GESTÃO",2025_6_BR_STORIES_VIC CERIDONO STORIES_ACAO_SBRAE_2025_PSMN0291,Tráfego,55+,97369,"624,28",2647,2685,"2025-06-13-PSMN-97369-624,28-2647",50440,2.5,20176
2025-06-13,Sebrae Nacional - DEBRITO,2,instagram,sbrae_2025_psmn,psmn,"2025_6_BR_TRAF_CPC_MULHERES DE 25 A 45 ANOS; INTERESSES EM EMPREENDEDORISMO, PEQUENOS NEGÓCIOS E MEI; COMPORTAMENTO VOLTADO A ENGAJAMENTO COM PERFIS DE NEGÓCIOS E INFLUENCIADORES DE GESTÃO",2025_6_BR_CARD_KV_ACAO_SBRAE_2025_PSMN0293,Tráfego,55+,1800,"5,77",24,0,"2025-06-13-PSMN-1800-5,77-24",50440,2.5,20176
2025-06-13,Sebrae Nacional - DEBRITO,2,instagram,sbrae_2025_psmn,psmn,"2025_6_BR_TRAF_CPC_MULHERES DE 25 A 45 ANOS; INTERESSES EM EMPREENDEDORISMO, PEQUENOS NEGÓCIOS E MEI; COMPORTAMENTO VOLTADO A ENGAJAMENTO COM PERFIS DE NEGÓCIOS E INFLUENCIADORES DE GESTÃO",2025_6_BR_REELS_GABRIELA BAILAS REELS_ACAO_SBRAE_2025_PSMN0289,Tráfego,55+,815,"13,45",40,8,"2025-06-13-PSMN-815-13,45-40",50440,2.5,20176
2025-06-13,Sebrae Nacional - DEBRITO,2,instagram,sbrae_2025_psmn,psmn,"2025_6_BR_TRAF_CPC_MULHERES DE 25 A 45 ANOS; INTERESSES EM EMPREENDEDORISMO, PEQUENOS NEGÓCIOS E MEI; COMPORTAMENTO VOLTADO A ENGAJAMENTO COM PERFIS DE NEGÓCIOS E INFLUENCIADORES DE GESTÃO",2025_6_BR_REELS_VIC CERIDONO REELS_ACAO_SBRAE_2025_PSMN0290,Tráfego,55+,37737,"265,05",969,152,"2025-06-13-PSMN-37737-265,05-969",50440,2.5,20176
2025-06-13,Sebrae Nacional - DEBRITO,2,instagram,sbrae_2025_psmn,psmn,"2025_6_BR_TRAF_CPC_MULHERES DE 25 A 45 ANOS; INTERESSES EM EMPREENDEDORISMO, PEQUENOS NEGÓCIOS E MEI; COMPORTAMENTO VOLTADO A ENGAJAMENTO COM PERFIS DE NEGÓCIOS E INFLUENCIADORES DE GESTÃO",2025_6_BR_STORIES_GABRIELA BAILAS STORIES_ACAO_SBRAE_2025_PSMN0292,Tráfego,55+,86534,"1149,92",5399,1776,"2025-06-13-PSMN-86534-1149,92-5399",50440,2.5,20176
2025-06-13,Sebrae Nacional - DEBRITO,2,instagram,sbrae_2025_psmn,psmn,"2025_6_BR_TRAF_CPC_MULHERES DE 25 A 45 ANOS; INTERESSES EM EMPREENDEDORISMO, PEQUENOS NEGÓCIOS E MEI; COMPORTAMENTO VOLTADO A ENGAJAMENTO COM PERFIS DE NEGÓCIOS E INFLUENCIADORES DE GESTÃO",2025_6_BR_STORIES_VIC CERIDONO STORIES_ACAO_SBRAE_2025_PSMN0291,Tráfego,55+,131774,"1282,96",5576,5245,"2025-06-13-PSMN-131774-1282,96-5576",50440,2.5,20176
2025-06-14,Sebrae Nacional - DEBRITO,2,instagram,sbrae_2025_psmn,psmn,"2025_6_BR_TRAF_CPC_MULHERES DE 25 A 45 ANOS; INTERESSES EM EMPREENDEDORISMO, PEQUENOS NEGÓCIOS E MEI; COMPORTAMENTO VOLTADO A ENGAJAMENTO COM PERFIS DE NEGÓCIOS E INFLUENCIADORES DE GESTÃO",2025_6_BR_CARD_KV_ACAO_SBRAE_2025_PSMN0293,Tráfego,25-34,128737,"457,28",1675,0,"2025-06-14-PSMN-128737-457,28-1675",50440,2.5,20176
2025-06-14,Sebrae Nacional - DEBRITO,2,instagram,sbrae_2025_psmn,psmn,"2025_6_BR_TRAF_CPC_MULHERES DE 25 A 45 ANOS; INTERESSES EM EMPREENDEDORISMO, PEQUENOS NEGÓCIOS E MEI; COMPORTAMENTO VOLTADO A ENGAJAMENTO COM PERFIS DE NEGÓCIOS E INFLUENCIADORES DE GESTÃO",2025_6_BR_REELS_GABRIELA BAILAS REELS_ACAO_SBRAE_2025_PSMN0289,Tráfego,25-34,6096,"33,81",113,31,"2025-06-14-PSMN-6096-33,81-113",50440,2.5,20176
2025-06-14,Sebrae Nacional - DEBRITO,2,instagram,sbrae_2025_psmn,psmn,"2025_6_BR_TRAF_CPC_MULHERES DE 25 A 45 ANOS; INTERESSES EM EMPREENDEDORISMO, PEQUENOS NEGÓCIOS E MEI; COMPORTAMENTO VOLTADO A ENGAJAMENTO COM PERFIS DE NEGÓCIOS E INFLUENCIADORES DE GESTÃO",2025_6_BR_REELS_VIC CERIDONO REELS_ACAO_SBRAE_2025_PSMN0290,Tráfego,25-34,4445,"12,41",44,7,"2025-06-14-PSMN-4445-12,41-44",50440,2.5,20176
2025-06-14,Sebrae Nacional - DEBRITO,2,instagram,sbrae_2025_psmn,psmn,"2025_6_BR_TRAF_CPC_MULHERES DE 25 A 45 ANOS; INTERESSES EM EMPREENDEDORISMO, PEQUENOS NEGÓCIOS E MEI; COMPORTAMENTO VOLTADO A ENGAJAMENTO COM PERFIS DE NEGÓCIOS E INFLUENCIADORES DE GESTÃO",2025_6_BR_STORIES_GABRIELA BAILAS STORIES_ACAO_SBRAE_2025_PSMN0292,Tráfego,25-34,9553,"84,23",368,71,"2025-06-14-PSMN-9553-84,23-368",50440,2.5,20176
2025-06-14,Sebrae Nacional - DEBRITO,2,instagram,sbrae_2025_psmn,psmn,"2025_6_BR_TRAF_CPC_MULHERES DE 25 A 45 ANOS; INTERESSES EM EMPREENDEDORISMO, PEQUENOS NEGÓCIOS E MEI; COMPORTAMENTO VOLTADO A ENGAJAMENTO COM PERFIS DE NEGÓCIOS E INFLUENCIADORES DE GESTÃO",2025_6_BR_STORIES_VIC CERIDONO STORIES_ACAO_SBRAE_2025_PSMN0291,Tráfego,25-34,22146,"124,82",527,240,"2025-06-14-PSMN-22146-124,82-527",50440,2.5,20176
2025-06-14,Sebrae Nacional - DEBRITO,2,instagram,sbrae_2025_psmn,psmn,"2025_6_BR_TRAF_CPC_MULHERES DE 25 A 45 ANOS; INTERESSES EM EMPREENDEDORISMO, PEQUENOS NEGÓCIOS E MEI; COMPORTAMENTO VOLTADO A ENGAJAMENTO COM PERFIS DE NEGÓCIOS E INFLUENCIADORES DE GESTÃO",2025_6_BR_CARD_KV_ACAO_SBRAE_2025_PSMN0293,Tráfego,35-44,20466,"84,56",305,0,"2025-06-14-PSMN-20466-84,56-305",50440,2.5,20176
2025-06-14,Sebrae Nacional - DEBRITO,2,instagram,sbrae_2025_psmn,psmn,"2025_6_BR_TRAF_CPC_MULHERES DE 25 A 45 ANOS; INTERESSES EM EMPREENDEDORISMO, PEQUENOS NEGÓCIOS E MEI; COMPORTAMENTO VOLTADO A ENGAJAMENTO COM PERFIS DE NEGÓCIOS E INFLUENCIADORES DE GESTÃO",2025_6_BR_REELS_GABRIELA BAILAS REELS_ACAO_SBRAE_2025_PSMN0289,Tráfego,35-44,4799,"37,1",155,38,"2025-06-14-PSMN-4799-37,1-155",50440,2.5,20176
2025-06-14,Sebrae Nacional - DEBRITO,2,instagram,sbrae_2025_psmn,psmn,"2025_6_BR_TRAF_CPC_MULHERES DE 25 A 45 ANOS; INTERESSES EM EMPREENDEDORISMO, PEQUENOS NEGÓCIOS E MEI; COMPORTAMENTO VOLTADO A ENGAJAMENTO COM PERFIS DE NEGÓCIOS E INFLUENCIADORES DE GESTÃO",2025_6_BR_REELS_VIC CERIDONO REELS_ACAO_SBRAE_2025_PSMN0290,Tráfego,35-44,4752,"16,39",63,17,"2025-06-14-PSMN-4752-16,39-63",50440,2.5,20176
2025-06-14,Sebrae Nacional - DEBRITO,2,instagram,sbrae_2025_psmn,psmn,"2025_6_BR_TRAF_CPC_MULHERES DE 25 A 45 ANOS; INTERESSES EM EMPREENDEDORISMO, PEQUENOS NEGÓCIOS E MEI; COMPORTAMENTO VOLTADO A ENGAJAMENTO COM PERFIS DE NEGÓCIOS E INFLUENCIADORES DE GESTÃO",2025_6_BR_STORIES_GABRIELA BAILAS STORIES_ACAO_SBRAE_2025_PSMN0292,Tráfego,35-44,10623,"82,53",358,102,"2025-06-14-PSMN-10623-82,53-358",50440,2.5,20176
2025-06-14,Sebrae Nacional - DEBRITO,2,instagram,sbrae_2025_psmn,psmn,"2025_6_BR_TRAF_CPC_MULHERES DE 25 A 45 ANOS; INTERESSES EM EMPREENDEDORISMO, PEQUENOS NEGÓCIOS E MEI; COMPORTAMENTO VOLTADO A ENGAJAMENTO COM PERFIS DE NEGÓCIOS E INFLUENCIADORES DE GESTÃO",2025_6_BR_STORIES_VIC CERIDONO STORIES_ACAO_SBRAE_2025_PSMN0291,Tráfego,35-44,35656,"181,29",860,527,"2025-06-14-PSMN-35656-181,29-860",50440,2.5,20176
2025-06-14,Sebrae Nacional - DEBRITO,2,instagram,sbrae_2025_psmn,psmn,"2025_6_BR_TRAF_CPC_MULHERES DE 25 A 45 ANOS; INTERESSES EM EMPREENDEDORISMO, PEQUENOS NEGÓCIOS E MEI; COMPORTAMENTO VOLTADO A ENGAJAMENTO COM PERFIS DE NEGÓCIOS E INFLUENCIADORES DE GESTÃO",2025_6_BR_CARD_KV_ACAO_SBRAE_2025_PSMN0293,Tráfego,45-54,5385,"22,34",78,0,"2025-06-14-PSMN-5385-22,34-78",50440,2.5,20176
2025-06-14,Sebrae Nacional - DEBRITO,2,instagram,sbrae_2025_psmn,psmn,"2025_6_BR_TRAF_CPC_MULHERES DE 25 A 45 ANOS; INTERESSES EM EMPREENDEDORISMO, PEQUENOS NEGÓCIOS E MEI; COMPORTAMENTO VOLTADO A ENGAJAMENTO COM PERFIS DE NEGÓCIOS E INFLUENCIADORES DE GESTÃO",2025_6_BR_REELS_GABRIELA BAILAS REELS_ACAO_SBRAE_2025_PSMN0289,Tráfego,45-54,3204,"31,12",102,23,"2025-06-14-PSMN-3204-31,12-102",50440,2.5,20176
2025-06-14,Sebrae Nacional - DEBRITO,2,instagram,sbrae_2025_psmn,psmn,"2025_6_BR_TRAF_CPC_MULHERES DE 25 A 45 ANOS; INTERESSES EM EMPREENDEDORISMO, PEQUENOS NEGÓCIOS E MEI; COMPORTAMENTO VOLTADO A ENGAJAMENTO COM PERFIS DE NEGÓCIOS E INFLUENCIADORES DE GESTÃO",2025_6_BR_REELS_VIC CERIDONO REELS_ACAO_SBRAE_2025_PSMN0290,Tráfego,45-54,14437,"66,01",226,62,"2025-06-14-PSMN-14437-66,01-226",50440,2.5,20176
2025-06-14,Sebrae Nacional - DEBRITO,2,instagram,sbrae_2025_psmn,psmn,"2025_6_BR_TRAF_CPC_MULHERES DE 25 A 45 ANOS; INTERESSES EM EMPREENDEDORISMO, PEQUENOS NEGÓCIOS E MEI; COMPORTAMENTO VOLTADO A ENGAJAMENTO COM PERFIS DE NEGÓCIOS E INFLUENCIADORES DE GESTÃO",2025_6_BR_STORIES_GABRIELA BAILAS STORIES_ACAO_SBRAE_2025_PSMN0292,Tráfego,45-54,25439,"182,55",799,195,"2025-06-14-PSMN-25439-182,55-799",50440,2.5,20176
2025-06-14,Sebrae Nacional - DEBRITO,2,instagram,sbrae_2025_psmn,psmn,"2025_6_BR_TRAF_CPC_MULHERES DE 25 A 45 ANOS; INTERESSES EM EMPREENDEDORISMO, PEQUENOS NEGÓCIOS E MEI; COMPORTAMENTO VOLTADO A ENGAJAMENTO COM PERFIS DE NEGÓCIOS E INFLUENCIADORES DE GESTÃO",2025_6_BR_STORIES_VIC CERIDONO STORIES_ACAO_SBRAE_2025_PSMN0291,Tráfego,45-54,67685,"367,34",1625,1455,"2025-06-14-PSMN-67685-367,34-1625",50440,2.5,20176
2025-06-14,Sebrae Nacional - DEBRITO,2,instagram,sbrae_2025_psmn,psmn,"2025_6_BR_TRAF_CPC_MULHERES DE 25 A 45 ANOS; INTERESSES EM EMPREENDEDORISMO, PEQUENOS NEGÓCIOS E MEI; COMPORTAMENTO VOLTADO A ENGAJAMENTO COM PERFIS DE NEGÓCIOS E INFLUENCIADORES DE GESTÃO",2025_6_BR_CARD_KV_ACAO_SBRAE_2025_PSMN0293,Tráfego,55+,2940,"10,92",33,0,"2025-06-14-PSMN-2940-10,92-33",50440,2.5,20176
2025-06-14,Sebrae Nacional - DEBRITO,2,instagram,sbrae_2025_psmn,psmn,"2025_6_BR_TRAF_CPC_MULHERES DE 25 A 45 ANOS; INTERESSES EM EMPREENDEDORISMO, PEQUENOS NEGÓCIOS E MEI; COMPORTAMENTO VOLTADO A ENGAJAMENTO COM PERFIS DE NEGÓCIOS E INFLUENCIADORES DE GESTÃO",2025_6_BR_REELS_GABRIELA BAILAS REELS_ACAO_SBRAE_2025_PSMN0289,Tráfego,55+,2214,"28,56",109,24,"2025-06-14-PSMN-2214-28,56-109",50440,2.5,20176
2025-06-14,Sebrae Nacional - DEBRITO,2,instagram,sbrae_2025_psmn,psmn,"2025_6_BR_TRAF_CPC_MULHERES DE 25 A 45 ANOS; INTERESSES EM EMPREENDEDORISMO, PEQUENOS NEGÓCIOS E MEI; COMPORTAMENTO VOLTADO A ENGAJAMENTO COM PERFIS DE NEGÓCIOS E INFLUENCIADORES DE GESTÃO",2025_6_BR_REELS_VIC CERIDONO REELS_ACAO_SBRAE_2025_PSMN0290,Tráfego,55+,32649,"195,31",705,126,"2025-06-14-PSMN-32649-195,31-705",50440,2.5,20176
2025-06-14,Sebrae Nacional - DEBRITO,2,instagram,sbrae_2025_psmn,psmn,"2025_6_BR_TRAF_CPC_MULHERES DE 25 A 45 ANOS; INTERESSES EM EMPREENDEDORISMO, PEQUENOS NEGÓCIOS E MEI; COMPORTAMENTO VOLTADO A ENGAJAMENTO COM PERFIS DE NEGÓCIOS E INFLUENCIADORES DE GESTÃO",2025_6_BR_STORIES_GABRIELA BAILAS STORIES_ACAO_SBRAE_2025_PSMN0292,Tráfego,55+,50111,433,1996,542,2025-06-14-PSMN-50111-433-1996,50440,2.5,20176
2025-06-14,Sebrae Nacional - DEBRITO,2,instagram,sbrae_2025_psmn,psmn,"2025_6_BR_TRAF_CPC_MULHERES DE 25 A 45 ANOS; INTERESSES EM EMPREENDEDORISMO, PEQUENOS NEGÓCIOS E MEI; COMPORTAMENTO VOLTADO A ENGAJAMENTO COM PERFIS DE NEGÓCIOS E INFLUENCIADORES DE GESTÃO",2025_6_BR_STORIES_VIC CERIDONO STORIES_ACAO_SBRAE_2025_PSMN0291,Tráfego,55+,89596,"574,44",2575,2466,"2025-06-14-PSMN-89596-574,44-2575",50440,2.5,20176
2025-06-14,Sebrae Nacional - DEBRITO,2,instagram,sbrae_2025_psmn,psmn,"2025_6_BR_TRAF_CPC_MULHERES DE 25 A 45 ANOS; INTERESSES EM EMPREENDEDORISMO, PEQUENOS NEGÓCIOS E MEI; COMPORTAMENTO VOLTADO A ENGAJAMENTO COM PERFIS DE NEGÓCIOS E INFLUENCIADORES DE GESTÃO",2025_6_BR_CARD_KV_ACAO_SBRAE_2025_PSMN0293,Tráfego,55+,2207,"7,18",22,0,"2025-06-14-PSMN-2207-7,18-22",50440,2.5,20176
2025-06-14,Sebrae Nacional - DEBRITO,2,instagram,sbrae_2025_psmn,psmn,"2025_6_BR_TRAF_CPC_MULHERES DE 25 A 45 ANOS; INTERESSES EM EMPREENDEDORISMO, PEQUENOS NEGÓCIOS E MEI; COMPORTAMENTO VOLTADO A ENGAJAMENTO COM PERFIS DE NEGÓCIOS E INFLUENCIADORES DE GESTÃO",2025_6_BR_REELS_GABRIELA BAILAS REELS_ACAO_SBRAE_2025_PSMN0289,Tráfego,55+,1151,"19,2",55,8,"2025-06-14-PSMN-1151-19,2-55",50440,2.5,20176
2025-06-14,Sebrae Nacional - DEBRITO,2,instagram,sbrae_2025_psmn,psmn,"2025_6_BR_TRAF_CPC_MULHERES DE 25 A 45 ANOS; INTERESSES EM EMPREENDEDORISMO, PEQUENOS NEGÓCIOS E MEI; COMPORTAMENTO VOLTADO A ENGAJAMENTO COM PERFIS DE NEGÓCIOS E INFLUENCIADORES DE GESTÃO",2025_6_BR_REELS_VIC CERIDONO REELS_ACAO_SBRAE_2025_PSMN0290,Tráfego,55+,47464,"392,69",1482,236,"2025-06-14-PSMN-47464-392,69-1482",50440,2.5,20176
2025-06-14,Sebrae Nacional - DEBRITO,2,instagram,sbrae_2025_psmn,psmn,"2025_6_BR_TRAF_CPC_MULHERES DE 25 A 45 ANOS; INTERESSES EM EMPREENDEDORISMO, PEQUENOS NEGÓCIOS E MEI; COMPORTAMENTO VOLTADO A ENGAJAMENTO COM PERFIS DE NEGÓCIOS E INFLUENCIADORES DE GESTÃO",2025_6_BR_STORIES_GABRIELA BAILAS STORIES_ACAO_SBRAE_2025_PSMN0292,Tráfego,55+,89871,"1238,2",6118,1767,"2025-06-14-PSMN-89871-1238,2-6118",50440,2.5,20176
2025-06-14,Sebrae Nacional - DEBRITO,2,instagram,sbrae_2025_psmn,psmn,"2025_6_BR_TRAF_CPC_MULHERES DE 25 A 45 ANOS; INTERESSES EM EMPREENDEDORISMO, PEQUENOS NEGÓCIOS E MEI; COMPORTAMENTO VOLTADO A ENGAJAMENTO COM PERFIS DE NEGÓCIOS E INFLUENCIADORES DE GESTÃO",2025_6_BR_STORIES_VIC CERIDONO STORIES_ACAO_SBRAE_2025_PSMN0291,Tráfego,55+,110696,"1088,56",4957,4574,"2025-06-14-PSMN-110696-1088,56-4957",50440,2.5,20176
2025-06-15,Sebrae Nacional - DEBRITO,2,instagram,sbrae_2025_psmn,psmn,"2025_6_BR_TRAF_CPC_MULHERES DE 25 A 45 ANOS; INTERESSES EM EMPREENDEDORISMO, PEQUENOS NEGÓCIOS E MEI; COMPORTAMENTO VOLTADO A ENGAJAMENTO COM PERFIS DE NEGÓCIOS E INFLUENCIADORES DE GESTÃO",2025_6_BR_CARD_KV_ACAO_SBRAE_2025_PSMN0293,Tráfego,25-34,92531,"362,97",1373,0,"2025-06-15-PSMN-92531-362,97-1373",50440,2.5,20176
2025-06-15,Sebrae Nacional - DEBRITO,2,instagram,sbrae_2025_psmn,psmn,"2025_6_BR_TRAF_CPC_MULHERES DE 25 A 45 ANOS; INTERESSES EM EMPREENDEDORISMO, PEQUENOS NEGÓCIOS E MEI; COMPORTAMENTO VOLTADO A ENGAJAMENTO COM PERFIS DE NEGÓCIOS E INFLUENCIADORES DE GESTÃO",2025_6_BR_REELS_GABRIELA BAILAS REELS_ACAO_SBRAE_2025_PSMN0289,Tráfego,25-34,1493,"8,32",25,9,"2025-06-15-PSMN-1493-8,32-25",50440,2.5,20176
2025-06-15,Sebrae Nacional - DEBRITO,2,instagram,sbrae_2025_psmn,psmn,"2025_6_BR_TRAF_CPC_MULHERES DE 25 A 45 ANOS; INTERESSES EM EMPREENDEDORISMO, PEQUENOS NEGÓCIOS E MEI; COMPORTAMENTO VOLTADO A ENGAJAMENTO COM PERFIS DE NEGÓCIOS E INFLUENCIADORES DE GESTÃO",2025_6_BR_REELS_VIC CERIDONO REELS_ACAO_SBRAE_2025_PSMN0290,Tráfego,25-34,1893,"6,82",26,1,"2025-06-15-PSMN-1893-6,82-26",50440,2.5,20176
2025-06-15,Sebrae Nacional - DEBRITO,2,instagram,sbrae_2025_psmn,psmn,"2025_6_BR_TRAF_CPC_MULHERES DE 25 A 45 ANOS; INTERESSES EM EMPREENDEDORISMO, PEQUENOS NEGÓCIOS E MEI; COMPORTAMENTO VOLTADO A ENGAJAMENTO COM PERFIS DE NEGÓCIOS E INFLUENCIADORES DE GESTÃO",2025_6_BR_STORIES_GABRIELA BAILAS STORIES_ACAO_SBRAE_2025_PSMN0292,Tráfego,25-34,2298,"20,44",89,14,"2025-06-15-PSMN-2298-20,44-89",50440,2.5,20176
2025-06-15,Sebrae Nacional - DEBRITO,2,instagram,sbrae_2025_psmn,psmn,"2025_6_BR_TRAF_CPC_MULHERES DE 25 A 45 ANOS; INTERESSES EM EMPREENDEDORISMO, PEQUENOS NEGÓCIOS E MEI; COMPORTAMENTO VOLTADO A ENGAJAMENTO COM PERFIS DE NEGÓCIOS E INFLUENCIADORES DE GESTÃO",2025_6_BR_STORIES_VIC CERIDONO STORIES_ACAO_SBRAE_2025_PSMN0291,Tráfego,25-34,7135,"39,85",162,74,"2025-06-15-PSMN-7135-39,85-162",50440,2.5,20176
2025-06-15,Sebrae Nacional - DEBRITO,2,instagram,sbrae_2025_psmn,psmn,"2025_6_BR_TRAF_CPC_MULHERES DE 25 A 45 ANOS; INTERESSES EM EMPREENDEDORISMO, PEQUENOS NEGÓCIOS E MEI; COMPORTAMENTO VOLTADO A ENGAJAMENTO COM PERFIS DE NEGÓCIOS E INFLUENCIADORES DE GESTÃO",2025_6_BR_CARD_KV_ACAO_SBRAE_2025_PSMN0293,Tráfego,35-44,13495,"61,65",220,0,"2025-06-15-PSMN-13495-61,65-220",50440,2.5,20176
2025-06-15,Sebrae Nacional - DEBRITO,2,instagram,sbrae_2025_psmn,psmn,"2025_6_BR_TRAF_CPC_MULHERES DE 25 A 45 ANOS; INTERESSES EM EMPREENDEDORISMO, PEQUENOS NEGÓCIOS E MEI; COMPORTAMENTO VOLTADO A ENGAJAMENTO COM PERFIS DE NEGÓCIOS E INFLUENCIADORES DE GESTÃO",2025_6_BR_REELS_GABRIELA BAILAS REELS_ACAO_SBRAE_2025_PSMN0289,Tráfego,35-44,1177,"9,86",55,12,"2025-06-15-PSMN-1177-9,86-55",50440,2.5,20176
2025-06-15,Sebrae Nacional - DEBRITO,2,instagram,sbrae_2025_psmn,psmn,"2025_6_BR_TRAF_CPC_MULHERES DE 25 A 45 ANOS; INTERESSES EM EMPREENDEDORISMO, PEQUENOS NEGÓCIOS E MEI; COMPORTAMENTO VOLTADO A ENGAJAMENTO COM PERFIS DE NEGÓCIOS E INFLUENCIADORES DE GESTÃO",2025_6_BR_REELS_VIC CERIDONO REELS_ACAO_SBRAE_2025_PSMN0290,Tráfego,35-44,2085,"9,1",33,5,"2025-06-15-PSMN-2085-9,1-33",50440,2.5,20176
2025-06-15,Sebrae Nacional - DEBRITO,2,instagram,sbrae_2025_psmn,psmn,"2025_6_BR_TRAF_CPC_MULHERES DE 25 A 45 ANOS; INTERESSES EM EMPREENDEDORISMO, PEQUENOS NEGÓCIOS E MEI; COMPORTAMENTO VOLTADO A ENGAJAMENTO COM PERFIS DE NEGÓCIOS E INFLUENCIADORES DE GESTÃO",2025_6_BR_STORIES_GABRIELA BAILAS STORIES_ACAO_SBRAE_2025_PSMN0292,Tráfego,35-44,2426,"19,09",85,33,"2025-06-15-PSMN-2426-19,09-85",50440,2.5,20176
2025-06-15,Sebrae Nacional - DEBRITO,2,instagram,sbrae_2025_psmn,psmn,"2025_6_BR_TRAF_CPC_MULHERES DE 25 A 45 ANOS; INTERESSES EM EMPREENDEDORISMO, PEQUENOS NEGÓCIOS E MEI; COMPORTAMENTO VOLTADO A ENGAJAMENTO COM PERFIS DE NEGÓCIOS E INFLUENCIADORES DE GESTÃO",2025_6_BR_STORIES_VIC CERIDONO STORIES_ACAO_SBRAE_2025_PSMN0291,Tráfego,35-44,11740,"57,5",241,176,"2025-06-15-PSMN-11740-57,5-241",50440,2.5,20176
2025-06-15,Sebrae Nacional - DEBRITO,2,instagram,sbrae_2025_psmn,psmn,"2025_6_BR_TRAF_CPC_MULHERES DE 25 A 45 ANOS; INTERESSES EM EMPREENDEDORISMO, PEQUENOS NEGÓCIOS E MEI; COMPORTAMENTO VOLTADO A ENGAJAMENTO COM PERFIS DE NEGÓCIOS E INFLUENCIADORES DE GESTÃO",2025_6_BR_CARD_KV_ACAO_SBRAE_2025_PSMN0293,Tráfego,45-54,2805,"12,64",43,0,"2025-06-15-PSMN-2805-12,64-43",50440,2.5,20176
2025-06-15,Sebrae Nacional - DEBRITO,2,instagram,sbrae_2025_psmn,psmn,"2025_6_BR_TRAF_CPC_MULHERES DE 25 A 45 ANOS; INTERESSES EM EMPREENDEDORISMO, PEQUENOS NEGÓCIOS E MEI; COMPORTAMENTO VOLTADO A ENGAJAMENTO COM PERFIS DE NEGÓCIOS E INFLUENCIADORES DE GESTÃO",2025_6_BR_REELS_GABRIELA BAILAS REELS_ACAO_SBRAE_2025_PSMN0289,Tráfego,45-54,873,"9,6",35,7,"2025-06-15-PSMN-873-9,6-35",50440,2.5,20176
2025-06-15,Sebrae Nacional - DEBRITO,2,instagram,sbrae_2025_psmn,psmn,"2025_6_BR_TRAF_CPC_MULHERES DE 25 A 45 ANOS; INTERESSES EM EMPREENDEDORISMO, PEQUENOS NEGÓCIOS E MEI; COMPORTAMENTO VOLTADO A ENGAJAMENTO COM PERFIS DE NEGÓCIOS E INFLUENCIADORES DE GESTÃO",2025_6_BR_REELS_VIC CERIDONO REELS_ACAO_SBRAE_2025_PSMN0290,Tráfego,45-54,5647,"24,5",86,20,"2025-06-15-PSMN-5647-24,5-86",50440,2.5,20176
2025-06-06,Sebrae Nacional - Debrito Brasília,151,tiktok,sbrae_2025_psmn,psmn,"2025_6_BR_TRAF_CPC_MULHERES DE 25 A 45 ANOS; INTERESSES EM EMPREENDEDORISMO, PEQUENOS NEGÓCIOS E MEI; COMPORTAMENTO VOLTADO A ENGAJAMENTO COM PERFIS DE NEGÓCIOS E INFLUENCIADORES DE GESTÃO",2025_6_BR_VÍDEO_GABI BAILAS_ACAO_SBRAE_2025_PSMN0294,Tráfego,Não classificado,34,"0,22",4,1,"2025-06-06-PSMN-34-0,22-4",19369,4.8,4035
2025-06-06,Sebrae Nacional - Debrito Brasília,151,tiktok,sbrae_2025_psmn,psmn,"2025_6_BR_TRAF_CPC_MULHERES DE 25 A 45 ANOS; INTERESSES EM EMPREENDEDORISMO, PEQUENOS NEGÓCIOS E MEI; COMPORTAMENTO VOLTADO A ENGAJAMENTO COM PERFIS DE NEGÓCIOS E INFLUENCIADORES DE GESTÃO",2025_6_BR_VÍDEO_GABI BAILAS_ACAO_SBRAE_2025_PSMN0294,Tráfego,25-34,54185,"499,29",5392,568,"2025-06-06-PSMN-54185-499,29-5392",19369,4.8,4035
2025-06-06,Sebrae Nacional - Debrito Brasília,151,tiktok,sbrae_2025_psmn,psmn,"2025_6_BR_TRAF_CPC_MULHERES DE 25 A 45 ANOS; INTERESSES EM EMPREENDEDORISMO, PEQUENOS NEGÓCIOS E MEI; COMPORTAMENTO VOLTADO A ENGAJAMENTO COM PERFIS DE NEGÓCIOS E INFLUENCIADORES DE GESTÃO",2025_6_BR_VÍDEO_GABI BAILAS_ACAO_SBRAE_2025_PSMN0294,Tráfego,35-44,58076,"524,1",6090,784,"2025-06-06-PSMN-58076-524,1-6090",19369,4.8,4035
2025-06-06,Sebrae Nacional - Debrito Brasília,151,tiktok,sbrae_2025_psmn,psmn,"2025_6_BR_TRAF_CPC_MULHERES DE 25 A 45 ANOS; INTERESSES EM EMPREENDEDORISMO, PEQUENOS NEGÓCIOS E MEI; COMPORTAMENTO VOLTADO A ENGAJAMENTO COM PERFIS DE NEGÓCIOS E INFLUENCIADORES DE GESTÃO",2025_6_BR_VÍDEO_GABI BAILAS_ACAO_SBRAE_2025_PSMN0294,Tráfego,45-54,48665,"432,17",4991,554,"2025-06-06-PSMN-48665-432,17-4991",19369,4.8,4035
2025-06-07,Sebrae Nacional - Debrito Brasília,151,tiktok,sbrae_2025_psmn,psmn,"2025_6_BR_TRAF_CPC_MULHERES DE 25 A 45 ANOS; INTERESSES EM EMPREENDEDORISMO, PEQUENOS NEGÓCIOS E MEI; COMPORTAMENTO VOLTADO A ENGAJAMENTO COM PERFIS DE NEGÓCIOS E INFLUENCIADORES DE GESTÃO",2025_6_BR_VÍDEO_GABI BAILAS_ACAO_SBRAE_2025_PSMN0294,Tráfego,Não classificado,285,"0,5",14,1,"2025-06-07-PSMN-285-0,5-14",19369,4.8,4035
2025-06-07,Sebrae Nacional - Debrito Brasília,151,tiktok,sbrae_2025_psmn,psmn,"2025_6_BR_TRAF_CPC_MULHERES DE 25 A 45 ANOS; INTERESSES EM EMPREENDEDORISMO, PEQUENOS NEGÓCIOS E MEI; COMPORTAMENTO VOLTADO A ENGAJAMENTO COM PERFIS DE NEGÓCIOS E INFLUENCIADORES DE GESTÃO",2025_6_BR_VÍDEO_GABI BAILAS_ACAO_SBRAE_2025_PSMN0294,Tráfego,25-34,222687,"339,83",17945,2215,"2025-06-07-PSMN-222687-339,83-17945",19369,4.8,4035
2025-06-07,Sebrae Nacional - Debrito Brasília,151,tiktok,sbrae_2025_psmn,psmn,"2025_6_BR_TRAF_CPC_MULHERES DE 25 A 45 ANOS; INTERESSES EM EMPREENDEDORISMO, PEQUENOS NEGÓCIOS E MEI; COMPORTAMENTO VOLTADO A ENGAJAMENTO COM PERFIS DE NEGÓCIOS E INFLUENCIADORES DE GESTÃO",2025_6_BR_VÍDEO_GABI BAILAS_ACAO_SBRAE_2025_PSMN0294,Tráfego,35-44,250366,"402,29",20946,2620,"2025-06-07-PSMN-250366-402,29-20946",19369,4.8,4035
2025-06-07,Sebrae Nacional - Debrito Brasília,151,tiktok,sbrae_2025_psmn,psmn,"2025_6_BR_TRAF_CPC_MULHERES DE 25 A 45 ANOS; INTERESSES EM EMPREENDEDORISMO, PEQUENOS NEGÓCIOS E MEI; COMPORTAMENTO VOLTADO A ENGAJAMENTO COM PERFIS DE NEGÓCIOS E INFLUENCIADORES DE GESTÃO",2025_6_BR_VÍDEO_GABI BAILAS_ACAO_SBRAE_2025_PSMN0294,Tráfego,45-54,233080,"415,5",21676,3056,"2025-06-07-PSMN-233080-415,5-21676",19369,4.8,4035
2025-06-08,Sebrae Nacional - Debrito Brasília,151,tiktok,sbrae_2025_psmn,psmn,"2025_6_BR_TRAF_CPC_MULHERES DE 25 A 45 ANOS; INTERESSES EM EMPREENDEDORISMO, PEQUENOS NEGÓCIOS E MEI; COMPORTAMENTO VOLTADO A ENGAJAMENTO COM PERFIS DE NEGÓCIOS E INFLUENCIADORES DE GESTÃO",2025_6_BR_VÍDEO_GABI BAILAS_ACAO_SBRAE_2025_PSMN0294,Tráfego,Não classificado,292,"0,76",44,7,"2025-06-08-PSMN-292-0,76-44",19369,4.8,4035
2025-06-08,Sebrae Nacional - Debrito Brasília,151,tiktok,sbrae_2025_psmn,psmn,"2025_6_BR_TRAF_CPC_MULHERES DE 25 A 45 ANOS; INTERESSES EM EMPREENDEDORISMO, PEQUENOS NEGÓCIOS E MEI; COMPORTAMENTO VOLTADO A ENGAJAMENTO COM PERFIS DE NEGÓCIOS E INFLUENCIADORES DE GESTÃO",2025_6_BR_VÍDEO_GABI BAILAS_ACAO_SBRAE_2025_PSMN0294,Tráfego,25-34,294335,"670,28",32998,5883,"2025-06-08-PSMN-294335-670,28-32998",19369,4.8,4035
2025-06-08,Sebrae Nacional - Debrito Brasília,151,tiktok,sbrae_2025_psmn,psmn,"2025_6_BR_TRAF_CPC_MULHERES DE 25 A 45 ANOS; INTERESSES EM EMPREENDEDORISMO, PEQUENOS NEGÓCIOS E MEI; COMPORTAMENTO VOLTADO A ENGAJAMENTO COM PERFIS DE NEGÓCIOS E INFLUENCIADORES DE GESTÃO",2025_6_BR_VÍDEO_GABI BAILAS_ACAO_SBRAE_2025_PSMN0294,Tráfego,35-44,328900,"769,09",37865,6636,"2025-06-08-PSMN-328900-769,09-37865",19369,4.8,4035
2025-06-08,Sebrae Nacional - Debrito Brasília,151,tiktok,sbrae_2025_psmn,psmn,"2025_6_BR_TRAF_CPC_MULHERES DE 25 A 45 ANOS; INTERESSES EM EMPREENDEDORISMO, PEQUENOS NEGÓCIOS E MEI; COMPORTAMENTO VOLTADO A ENGAJAMENTO COM PERFIS DE NEGÓCIOS E INFLUENCIADORES DE GESTÃO",2025_6_BR_VÍDEO_GABI BAILAS_ACAO_SBRAE_2025_PSMN0294,Tráfego,45-54,307554,"754,12",36076,6728,"2025-06-08-PSMN-307554-754,12-36076",19369,4.8,4035
2025-06-09,Sebrae Nacional - Debrito Brasília,151,tiktok,sbrae_2025_psmn,psmn,"2025_6_BR_TRAF_CPC_MULHERES DE 25 A 45 ANOS; INTERESSES EM EMPREENDEDORISMO, PEQUENOS NEGÓCIOS E MEI; COMPORTAMENTO VOLTADO A ENGAJAMENTO COM PERFIS DE NEGÓCIOS E INFLUENCIADORES DE GESTÃO",2025_6_BR_VÍDEO_GABI BAILAS_ACAO_SBRAE_2025_PSMN0294,Tráfego,Não classificado,262,"0,57",29,12,"2025-06-09-PSMN-262-0,57-29",19369,4.8,4035
2025-06-09,Sebrae Nacional - Debrito Brasília,151,tiktok,sbrae_2025_psmn,psmn,"2025_6_BR_TRAF_CPC_MULHERES DE 25 A 45 ANOS; INTERESSES EM EMPREENDEDORISMO, PEQUENOS NEGÓCIOS E MEI; COMPORTAMENTO VOLTADO A ENGAJAMENTO COM PERFIS DE NEGÓCIOS E INFLUENCIADORES DE GESTÃO",2025_6_BR_VÍDEO_GABI BAILAS_ACAO_SBRAE_2025_PSMN0294,Tráfego,25-34,189870,"669,54",28971,7059,"2025-06-09-PSMN-189870-669,54-28971",19369,4.8,4035
2025-06-09,Sebrae Nacional - Debrito Brasília,151,tiktok,sbrae_2025_psmn,psmn,"2025_6_BR_TRAF_CPC_MULHERES DE 25 A 45 ANOS; INTERESSES EM EMPREENDEDORISMO, PEQUENOS NEGÓCIOS E MEI; COMPORTAMENTO VOLTADO A ENGAJAMENTO COM PERFIS DE NEGÓCIOS E INFLUENCIADORES DE GESTÃO",2025_6_BR_VÍDEO_GABI BAILAS_ACAO_SBRAE_2025_PSMN0294,Tráfego,35-44,212659,"786,18",33540,8510,"2025-06-09-PSMN-212659-786,18-33540",19369,4.8,4035
2025-06-09,Sebrae Nacional - Debrito Brasília,151,tiktok,sbrae_2025_psmn,psmn,"2025_6_BR_TRAF_CPC_MULHERES DE 25 A 45 ANOS; INTERESSES EM EMPREENDEDORISMO, PEQUENOS NEGÓCIOS E MEI; COMPORTAMENTO VOLTADO A ENGAJAMENTO COM PERFIS DE NEGÓCIOS E INFLUENCIADORES DE GESTÃO",2025_6_BR_VÍDEO_GABI BAILAS_ACAO_SBRAE_2025_PSMN0294,Tráfego,45-54,206965,"730,72",30939,8228,"2025-06-09-PSMN-206965-730,72-30939",19369,4.8,4035
2025-06-10,Sebrae Nacional - Debrito Brasília,151,tiktok,sbrae_2025_psmn,psmn,"2025_6_BR_TRAF_CPC_MULHERES DE 25 A 45 ANOS; INTERESSES EM EMPREENDEDORISMO, PEQUENOS NEGÓCIOS E MEI; COMPORTAMENTO VOLTADO A ENGAJAMENTO COM PERFIS DE NEGÓCIOS E INFLUENCIADORES DE GESTÃO",2025_6_BR_VÍDEO_GABI BAILAS_ACAO_SBRAE_2025_PSMN0294,Tráfego,Não classificado,233,"0,75",29,26,"2025-06-10-PSMN-233-0,75-29",19369,4.8,4035
2025-06-10,Sebrae Nacional - Debrito Brasília,151,tiktok,sbrae_2025_psmn,psmn,"2025_6_BR_TRAF_CPC_MULHERES DE 25 A 45 ANOS; INTERESSES EM EMPREENDEDORISMO, PEQUENOS NEGÓCIOS E MEI; COMPORTAMENTO VOLTADO A ENGAJAMENTO COM PERFIS DE NEGÓCIOS E INFLUENCIADORES DE GESTÃO",2025_6_BR_VÍDEO_GABI BAILAS_ACAO_SBRAE_2025_PSMN0294,Tráfego,25-34,189610,"676,41",27920,7941,"2025-06-10-PSMN-189610-676,41-27920",19369,4.8,4035
2025-06-10,Sebrae Nacional - Debrito Brasília,151,tiktok,sbrae_2025_psmn,psmn,"2025_6_BR_TRAF_CPC_MULHERES DE 25 A 45 ANOS; INTERESSES EM EMPREENDEDORISMO, PEQUENOS NEGÓCIOS E MEI; COMPORTAMENTO VOLTADO A ENGAJAMENTO COM PERFIS DE NEGÓCIOS E INFLUENCIADORES DE GESTÃO",2025_6_BR_VÍDEO_GABI BAILAS_ACAO_SBRAE_2025_PSMN0294,Tráfego,35-44,212205,"788,1",32210,9411,"2025-06-10-PSMN-212205-788,1-32210",19369,4.8,4035
2025-06-10,Sebrae Nacional - Debrito Brasília,151,tiktok,sbrae_2025_psmn,psmn,"2025_6_BR_TRAF_CPC_MULHERES DE 25 A 45 ANOS; INTERESSES EM EMPREENDEDORISMO, PEQUENOS NEGÓCIOS E MEI; COMPORTAMENTO VOLTADO A ENGAJAMENTO COM PERFIS DE NEGÓCIOS E INFLUENCIADORES DE GESTÃO",2025_6_BR_VÍDEO_GABI BAILAS_ACAO_SBRAE_2025_PSMN0294,Tráfego,45-54,205148,"731,64",29599,9181,"2025-06-10-PSMN-205148-731,64-29599",19369,4.8,4035
2025-06-11,Sebrae Nacional - Debrito Brasília,151,tiktok,sbrae_2025_psmn,psmn,"2025_6_BR_TRAF_CPC_MULHERES DE 25 A 45 ANOS; INTERESSES EM EMPREENDEDORISMO, PEQUENOS NEGÓCIOS E MEI; COMPORTAMENTO VOLTADO A ENGAJAMENTO COM PERFIS DE NEGÓCIOS E INFLUENCIADORES DE GESTÃO",2025_6_BR_VÍDEO_GABI BAILAS_ACAO_SBRAE_2025_PSMN0294,Tráfego,Não classificado,345,"1,31",32,33,"2025-06-11-PSMN-345-1,31-32",19369,4.8,4035
2025-06-11,Sebrae Nacional - Debrito Brasília,151,tiktok,sbrae_2025_psmn,psmn,"2025_6_BR_TRAF_CPC_MULHERES DE 25 A 45 ANOS; INTERESSES EM EMPREENDEDORISMO, PEQUENOS NEGÓCIOS E MEI; COMPORTAMENTO VOLTADO A ENGAJAMENTO COM PERFIS DE NEGÓCIOS E INFLUENCIADORES DE GESTÃO",2025_6_BR_VÍDEO_GABI BAILAS_ACAO_SBRAE_2025_PSMN0294,Tráfego,25-34,174267,"717,59",27344,8192,"2025-06-11-PSMN-174267-717,59-27344",19369,4.8,4035
2025-06-11,Sebrae Nacional - Debrito Brasília,151,tiktok,sbrae_2025_psmn,psmn,"2025_6_BR_TRAF_CPC_MULHERES DE 25 A 45 ANOS; INTERESSES EM EMPREENDEDORISMO, PEQUENOS NEGÓCIOS E MEI; COMPORTAMENTO VOLTADO A ENGAJAMENTO COM PERFIS DE NEGÓCIOS E INFLUENCIADORES DE GESTÃO",2025_6_BR_VÍDEO_GABI BAILAS_ACAO_SBRAE_2025_PSMN0294,Tráfego,35-44,193518,"822,99",30834,9789,"2025-06-11-PSMN-193518-822,99-30834",19369,4.8,4035
2025-06-11,Sebrae Nacional - Debrito Brasília,151,tiktok,sbrae_2025_psmn,psmn,"2025_6_BR_TRAF_CPC_MULHERES DE 25 A 45 ANOS; INTERESSES EM EMPREENDEDORISMO, PEQUENOS NEGÓCIOS E MEI; COMPORTAMENTO VOLTADO A ENGAJAMENTO COM PERFIS DE NEGÓCIOS E INFLUENCIADORES DE GESTÃO",2025_6_BR_VÍDEO_GABI BAILAS_ACAO_SBRAE_2025_PSMN0294,Tráfego,45-54,177999,"709,68",27023,8730,"2025-06-11-PSMN-177999-709,68-27023",19369,4.8,4035
2025-06-12,Sebrae Nacional - Debrito Brasília,151,tiktok,sbrae_2025_psmn,psmn,"2025_6_BR_TRAF_CPC_MULHERES DE 25 A 45 ANOS; INTERESSES EM EMPREENDEDORISMO, PEQUENOS NEGÓCIOS E MEI; COMPORTAMENTO VOLTADO A ENGAJAMENTO COM PERFIS DE NEGÓCIOS E INFLUENCIADORES DE GESTÃO",2025_6_BR_VÍDEO_GABI BAILAS_ACAO_SBRAE_2025_PSMN0294,Tráfego,Não classificado,256,"0,85",45,53,"2025-06-12-PSMN-256-0,85-45",19369,4.8,4035
2025-06-12,Sebrae Nacional - Debrito Brasília,151,tiktok,sbrae_2025_psmn,psmn,"2025_6_BR_TRAF_CPC_MULHERES DE 25 A 45 ANOS; INTERESSES EM EMPREENDEDORISMO, PEQUENOS NEGÓCIOS E MEI; COMPORTAMENTO VOLTADO A ENGAJAMENTO COM PERFIS DE NEGÓCIOS E INFLUENCIADORES DE GESTÃO",2025_6_BR_VÍDEO_GABI BAILAS_ACAO_SBRAE_2025_PSMN0294,Tráfego,25-34,185697,"721,28",28275,8641,"2025-06-12-PSMN-185697-721,28-28275",19369,4.8,4035
2025-06-12,Sebrae Nacional - Debrito Brasília,151,tiktok,sbrae_2025_psmn,psmn,"2025_6_BR_TRAF_CPC_MULHERES DE 25 A 45 ANOS; INTERESSES EM EMPREENDEDORISMO, PEQUENOS NEGÓCIOS E MEI; COMPORTAMENTO VOLTADO A ENGAJAMENTO COM PERFIS DE NEGÓCIOS E INFLUENCIADORES DE GESTÃO",2025_6_BR_VÍDEO_GABI BAILAS_ACAO_SBRAE_2025_PSMN0294,Tráfego,35-44,208481,"832,58",32330,10434,"2025-06-12-PSMN-208481-832,58-32330",19369,4.8,4035
2025-06-12,Sebrae Nacional - Debrito Brasília,151,tiktok,sbrae_2025_psmn,psmn,"2025_6_BR_TRAF_CPC_MULHERES DE 25 A 45 ANOS; INTERESSES EM EMPREENDEDORISMO, PEQUENOS NEGÓCIOS E MEI; COMPORTAMENTO VOLTADO A ENGAJAMENTO COM PERFIS DE NEGÓCIOS E INFLUENCIADORES DE GESTÃO",2025_6_BR_VÍDEO_GABI BAILAS_ACAO_SBRAE_2025_PSMN0294,Tráfego,45-54,187206,"719,72",27577,9336,"2025-06-12-PSMN-187206-719,72-27577",19369,4.8,4035
2025-06-13,Sebrae Nacional - Debrito Brasília,151,tiktok,sbrae_2025_psmn,psmn,"2025_6_BR_TRAF_CPC_MULHERES DE 25 A 45 ANOS; INTERESSES EM EMPREENDEDORISMO, PEQUENOS NEGÓCIOS E MEI; COMPORTAMENTO VOLTADO A ENGAJAMENTO COM PERFIS DE NEGÓCIOS E INFLUENCIADORES DE GESTÃO",2025_6_BR_VÍDEO_GABI BAILAS_ACAO_SBRAE_2025_PSMN0294,Tráfego,Não classificado,279,1,24,61,2025-06-13-PSMN-279-1-24,19369,4.8,4035
2025-06-13,Sebrae Nacional - Debrito Brasília,151,tiktok,sbrae_2025_psmn,psmn,"2025_6_BR_TRAF_CPC_MULHERES DE 25 A 45 ANOS; INTERESSES EM EMPREENDEDORISMO, PEQUENOS NEGÓCIOS E MEI; COMPORTAMENTO VOLTADO A ENGAJAMENTO COM PERFIS DE NEGÓCIOS E INFLUENCIADORES DE GESTÃO",2025_6_BR_VÍDEO_GABI BAILAS_ACAO_SBRAE_2025_PSMN0294,Tráfego,25-34,195016,"716,58",27522,7816,"2025-06-13-PSMN-195016-716,58-27522",19369,4.8,4035
2025-06-13,Sebrae Nacional - Debrito Brasília,151,tiktok,sbrae_2025_psmn,psmn,"2025_6_BR_TRAF_CPC_MULHERES DE 25 A 45 ANOS; INTERESSES EM EMPREENDEDORISMO, PEQUENOS NEGÓCIOS E MEI; COMPORTAMENTO VOLTADO A ENGAJAMENTO COM PERFIS DE NEGÓCIOS E INFLUENCIADORES DE GESTÃO",2025_6_BR_VÍDEO_GABI BAILAS_ACAO_SBRAE_2025_PSMN0294,Tráfego,35-44,216839,"820,35",31006,9410,"2025-06-13-PSMN-216839-820,35-31006",19369,4.8,4035
2025-06-13,Sebrae Nacional - Debrito Brasília,151,tiktok,sbrae_2025_psmn,psmn,"2025_6_BR_TRAF_CPC_MULHERES DE 25 A 45 ANOS; INTERESSES EM EMPREENDEDORISMO, PEQUENOS NEGÓCIOS E MEI; COMPORTAMENTO VOLTADO A ENGAJAMENTO COM PERFIS DE NEGÓCIOS E INFLUENCIADORES DE GESTÃO",2025_6_BR_VÍDEO_GABI BAILAS_ACAO_SBRAE_2025_PSMN0294,Tráfego,45-54,190052,"684,55",26300,7655,"2025-06-13-PSMN-190052-684,55-26300",19369,4.8,4035
2025-06-14,Sebrae Nacional - Debrito Brasília,151,tiktok,sbrae_2025_psmn,psmn,"2025_6_BR_TRAF_CPC_MULHERES DE 25 A 45 ANOS; INTERESSES EM EMPREENDEDORISMO, PEQUENOS NEGÓCIOS E MEI; COMPORTAMENTO VOLTADO A ENGAJAMENTO COM PERFIS DE NEGÓCIOS E INFLUENCIADORES DE GESTÃO",2025_6_BR_VÍDEO_GABI BAILAS_ACAO_SBRAE_2025_PSMN0294,Tráfego,Não classificado,312,"0,56",19,57,"2025-06-14-PSMN-312-0,56-19",19369,4.8,4035
2025-06-14,Sebrae Nacional - Debrito Brasília,151,tiktok,sbrae_2025_psmn,psmn,"2025_6_BR_TRAF_CPC_MULHERES DE 25 A 45 ANOS; INTERESSES EM EMPREENDEDORISMO, PEQUENOS NEGÓCIOS E MEI; COMPORTAMENTO VOLTADO A ENGAJAMENTO COM PERFIS DE NEGÓCIOS E INFLUENCIADORES DE GESTÃO",2025_6_BR_VÍDEO_GABI BAILAS_ACAO_SBRAE_2025_PSMN0294,Tráfego,25-34,283520,"694,47",31276,19217,"2025-06-14-PSMN-283520-694,47-31276",19369,4.8,4035
2025-06-14,Sebrae Nacional - Debrito Brasília,151,tiktok,sbrae_2025_psmn,psmn,"2025_6_BR_TRAF_CPC_MULHERES DE 25 A 45 ANOS; INTERESSES EM EMPREENDEDORISMO, PEQUENOS NEGÓCIOS E MEI; COMPORTAMENTO VOLTADO A ENGAJAMENTO COM PERFIS DE NEGÓCIOS E INFLUENCIADORES DE GESTÃO",2025_6_BR_VÍDEO_GABI BAILAS_ACAO_SBRAE_2025_PSMN0294,Tráfego,35-44,329932,"820,32",36956,22233,"2025-06-14-PSMN-329932-820,32-36956",19369,4.8,4035
2025-06-14,Sebrae Nacional - Debrito Brasília,151,tiktok,sbrae_2025_psmn,psmn,"2025_6_BR_TRAF_CPC_MULHERES DE 25 A 45 ANOS; INTERESSES EM EMPREENDEDORISMO, PEQUENOS NEGÓCIOS E MEI; COMPORTAMENTO VOLTADO A ENGAJAMENTO COM PERFIS DE NEGÓCIOS E INFLUENCIADORES DE GESTÃO",2025_6_BR_VÍDEO_GABI BAILAS_ACAO_SBRAE_2025_PSMN0294,Tráfego,45-54,290541,"691,6",30916,20566,"2025-06-14-PSMN-290541-691,6-30916",19369,4.8,4035
2025-06-15,Sebrae Nacional - Debrito Brasília,151,tiktok,sbrae_2025_psmn,psmn,"2025_6_BR_TRAF_CPC_MULHERES DE 25 A 45 ANOS; INTERESSES EM EMPREENDEDORISMO, PEQUENOS NEGÓCIOS E MEI; COMPORTAMENTO VOLTADO A ENGAJAMENTO COM PERFIS DE NEGÓCIOS E INFLUENCIADORES DE GESTÃO",2025_6_BR_VÍDEO_GABI BAILAS_ACAO_SBRAE_2025_PSMN0294,Tráfego,Não classificado,209,"0,33",15,30,"2025-06-15-PSMN-209-0,33-15",19369,4.8,4035
2025-06-15,Sebrae Nacional - Debrito Brasília,151,tiktok,sbrae_2025_psmn,psmn,"2025_6_BR_TRAF_CPC_MULHERES DE 25 A 45 ANOS; INTERESSES EM EMPREENDEDORISMO, PEQUENOS NEGÓCIOS E MEI; COMPORTAMENTO VOLTADO A ENGAJAMENTO COM PERFIS DE NEGÓCIOS E INFLUENCIADORES DE GESTÃO",2025_6_BR_VÍDEO_GABI BAILAS_ACAO_SBRAE_2025_PSMN0294,Tráfego,25-34,170211,"392,76",18620,9776,"2025-06-15-PSMN-170211-392,76-18620",19369,4.8,4035
2025-06-15,Sebrae Nacional - Debrito Brasília,151,tiktok,sbrae_2025_psmn,psmn,"2025_6_BR_TRAF_CPC_MULHERES DE 25 A 45 ANOS; INTERESSES EM EMPREENDEDORISMO, PEQUENOS NEGÓCIOS E MEI; COMPORTAMENTO VOLTADO A ENGAJAMENTO COM PERFIS DE NEGÓCIOS E INFLUENCIADORES DE GESTÃO",2025_6_BR_VÍDEO_GABI BAILAS_ACAO_SBRAE_2025_PSMN0294,Tráfego,35-44,195822,"457,26",21644,11278,"2025-06-15-PSMN-195822-457,26-21644",19369,4.8,4035
2025-06-15,Sebrae Nacional - Debrito Brasília,151,tiktok,sbrae_2025_psmn,psmn,"2025_6_BR_TRAF_CPC_MULHERES DE 25 A 45 ANOS; INTERESSES EM EMPREENDEDORISMO, PEQUENOS NEGÓCIOS E MEI; COMPORTAMENTO VOLTADO A ENGAJAMENTO COM PERFIS DE NEGÓCIOS E INFLUENCIADORES DE GESTÃO",2025_6_BR_VÍDEO_GABI BAILAS_ACAO_SBRAE_2025_PSMN0294,Tráfego,45-54,162237,"371,12",17832,9547,"2025-06-15-PSMN-162237-371,12-17832",19369,4.8,4035
