17:50:56 DEBUG __main__ › Logger configurado para o notebook (RichHandler + FileHandler ativos)
17:50:56 DEBUG urllib3.util.retry › Converted retries value: 3 -> Retry(total=3, connect=None, read=None, redirect=None, status=None)
17:50:56 INFO extract.sheets_fetcher › 🔄 batchGet tentativa para ranges: ['metaGeral!A:ZZ', 'metaIdade!A:ZZ', 'metaGenero!A:ZZ', 'metaRegiao!A:ZZ', 'metaAlcance!A:ZZ', 'tiktokGeral!A:ZZ', 'tiktokIdade!A:ZZ', 'tiktokGenero!A:ZZ', 'tiktokRegiao!A:ZZ', 'tiktokAlcance!A:ZZ', 'pinterestGeral!A:ZZ', 'pinterestGenero!A:ZZ', 'pinterestIdade!A:ZZ', 'pinterestRegiao!A:ZZ', 'pinterestAlcance!A:ZZ', 'linkedinGeral!A:ZZ', 'linkedinRegiao!A:ZZ', 'linkedinAlcance!A:ZZ', 'GAGeral!A:ZZ']
17:50:56 DEBUG googleapiclient.discovery › URL being requested: GET https://sheets.googleapis.com/v4/spreadsheets/1DazUQxspLgT0utOFHcTINbFngXw7Fq0LOq6v4lRGixg/values:batchGet?ranges=metaGeral%21A%3AZZ&ranges=metaIdade%21A%3AZZ&ranges=metaGenero%21A%3AZZ&ranges=metaRegiao%21A%3AZZ&ranges=metaAlcance%21A%3AZZ&ranges=tiktokGeral%21A%3AZZ&ranges=tiktokIdade%21A%3AZZ&ranges=tiktokGenero%21A%3AZZ&ranges=tiktokRegiao%21A%3AZZ&ranges=tiktokAlcance%21A%3AZZ&ranges=pinterestGeral%21A%3AZZ&ranges=pinterestGenero%21A%3AZZ&ranges=pinterestIdade%21A%3AZZ&ranges=pinterestRegiao%21A%3AZZ&ranges=pinterestAlcance%21A%3AZZ&ranges=linkedinGeral%21A%3AZZ&ranges=linkedinRegiao%21A%3AZZ&ranges=linkedinAlcance%21A%3AZZ&ranges=GAGeral%21A%3AZZ&alt=json
17:50:56 DEBUG google_auth_httplib2 › Making request: POST https://oauth2.googleapis.com/token
17:50:58 INFO extract.sheets_fetcher › 🔍 range completo retornado pela API: metaGeral!A1:AB588
17:50:59 INFO extract.sheets_fetcher › 🔍 range completo retornado pela API: metaIdade!A1:Q2140
17:50:59 INFO extract.sheets_fetcher › 🔍 range completo retornado pela API: metaGenero!A1:T863
17:50:59 INFO extract.sheets_fetcher › 🔍 range completo retornado pela API: metaRegiao!A1:Q10000
17:50:59 INFO extract.sheets_fetcher › 🔍 range completo retornado pela API: metaAlcance!A1:N588
17:50:59 INFO extract.sheets_fetcher › 🔍 range completo retornado pela API: tiktokGeral!A1:W155
17:50:59 INFO extract.sheets_fetcher › 🔍 range completo retornado pela API: tiktokIdade!A1:O747
17:50:59 INFO extract.sheets_fetcher › 🔍 range completo retornado pela API: tiktokGenero!A1:O258
17:50:59 INFO extract.sheets_fetcher › 🔍 range completo retornado pela API: tiktokRegiao!A1:O3024
17:50:59 INFO extract.sheets_fetcher › 🔍 range completo retornado pela API: tiktokAlcance!A1:L128
17:50:59 INFO extract.sheets_fetcher › 🔍 range completo retornado pela API: pinterestGeral!A1:U906
17:50:59 INFO extract.sheets_fetcher › 🔍 range completo retornado pela API: pinterestGenero!A1:M2
17:50:59 INFO extract.sheets_fetcher › 🔍 range completo retornado pela API: pinterestIdade!A1:M2
17:50:59 INFO extract.sheets_fetcher › 🔍 range completo retornado pela API: pinterestRegiao!A1:M2
17:50:59 INFO extract.sheets_fetcher › 🔍 range completo retornado pela API: pinterestAlcance!A1:N2
17:50:59 INFO extract.sheets_fetcher › 🔍 range completo retornado pela API: linkedinGeral!A1:U2
17:50:59 INFO extract.sheets_fetcher › 🔍 range completo retornado pela API: linkedinRegiao!A1:M2
17:50:59 INFO extract.sheets_fetcher › 🔍 range completo retornado pela API: linkedinAlcance!A1:J2
17:50:59 INFO extract.sheets_fetcher › 🔍 range completo retornado pela API: GAGeral!A1:X4693
17:50:59 INFO extract.sheets_fetcher › 📡 batchGet 19 ranges
17:50:59 DEBUG __main__ › Aba 'metaGeral' colunas originais: ['date', 'account_name', 'campaign_name', 'ad_group_name', 'ad_name', 'utm_content', 'ad_id', 'campaign_id', 'start', 'end', 'objective', 'preview_link_ig', 'preview_link_fb', 'placement', 'campaign_daily_budget', 'campaign_lifetime_budget', 'campaign_remaining_budget', 'impressions', 'cost', 'link_clicks', 'video_watched_25', 'video_watched_50', 'video_watched_75', 'video_watched_100', 'post_reactions', 'post_shares', 'post_comments', 'video_play']
17:50:59 DEBUG __main__ › Aba 'metaIdade' colunas originais: ['date', 'age', 'account_name', 'campaign_name', 'campaign_id', 'ad_name', 'ad_group_name', 'objective', 'utm_content', 'ad_id', 'start', 'end', 'placement', 'impressions', 'cost', 'video_watched_100', 'link_clicks']
17:50:59 DEBUG __main__ › Aba 'metaGenero' colunas originais: ['date', 'gender', 'account_name', 'campaign_name', 'campaign_id', 'ad_name', 'ad_group_name', 'objective', 'placement', 'ad_id', 'utm_content', 'start', 'end', 'impressions', 'cost', 'video_watched_100', 'link_clicks', 'post_shares', 'post_comments', 'post_reactions']
17:50:59 DEBUG __main__ › Aba 'metaRegiao' colunas originais: ['date', 'region', 'account_name', 'campaign_name', 'campaign_id', 'ad_name', 'ad_group_name', 'objective', 'placement', 'ad_id', 'utm_content', 'start', 'end', 'impressions', 'cost', 'video_watched_100', 'link_clicks']
17:50:59 DEBUG __main__ › Aba 'metaAlcance' colunas originais: ['date', 'account_name', 'campaign_name', 'campaign_id', 'ad_name', 'ad_group_name', 'objective', 'utm_content', 'ad_id', 'start', 'end', 'placement', 'reach', 'impressions']
17:50:59 DEBUG __main__ › Aba 'tiktokGeral' colunas originais: ['date', 'account_name', 'campaign_name', 'ad_group_name', 'ad_name', 'campaign_id', 'start', 'end', 'objective', 'ad_preview_link', 'placement', 'utm_content', 'impressions', 'cost', 'link_clicks', 'video_play', 'video_watched_25', 'video_watched_50', 'video_watched_75', 'video_watched_100', 'post_reactions', 'post_shares', 'post_comments']
17:50:59 DEBUG __main__ › Aba 'tiktokIdade' colunas originais: ['date', 'age', 'account_name', 'campaign_name', 'campaign_id', 'ad_group_name', 'ad_name', 'objective', 'start', 'end', 'utm_content', 'impressions', 'cost', 'video_watched_100', 'link_clicks']
17:50:59 DEBUG __main__ › Aba 'tiktokGenero' colunas originais: ['date', 'account_name', 'campaign_id', 'campaign_name', 'ad_group_name', 'ad_name', 'objective', 'gender', 'utm_content', 'start', 'end', 'impressions', 'cost', 'link_clicks', 'video_watched_100']
17:50:59 DEBUG __main__ › Aba 'tiktokRegiao' colunas originais: ['date', 'region', 'campaign_name', 'account_name', 'ad_name', 'campaign_id', 'ad_group_name', 'objective', 'utm_content', 'start', 'end', 'impressions', 'link_clicks', 'cost', 'video_watched_100']
17:50:59 DEBUG __main__ › Aba 'tiktokAlcance' colunas originais: ['date', 'account_name', 'campaign_name', 'placement', 'ad_group_name', 'ad_name', 'objective', 'start', 'end', 'utm_content', 'reach', 'impressions']
17:50:59 DEBUG __main__ › Aba 'pinterestGeral' colunas originais: ['date', 'account_name', 'campaign_name', 'ad_group_name', 'ad_name', 'campaign_id', 'start', 'end', 'objective', 'pin_id', 'placement', 'utm_content', 'impressions', 'cost', 'link_clicks', 'video_play', 'video_watched_25', 'video_watched_50', 'video_watched_75', 'video_watched_100', 'post_reactions']
17:50:59 DEBUG __main__ › Aba 'pinterestGenero' colunas originais: ['date', 'gender', 'account_name', 'campaign_name', 'campaign_id', 'objective', 'start', 'end', 'impressions', 'cost', 'video_watched_100', 'link_clicks', 'utm_content']
17:50:59 DEBUG __main__ › Aba 'pinterestIdade' colunas originais: ['date', 'age', 'account_name', 'campaign_name', 'campaign_id', 'objective', 'start', 'end', 'impressions', 'cost', 'video_watched_100', 'link_clicks', 'utm_content']
17:50:59 DEBUG __main__ › Aba 'pinterestRegiao' colunas originais: ['date', 'region', 'campaign_name', 'account_name', 'campaign_id', 'objective', 'start', 'end', 'impressions', 'link_clicks', 'cost', 'video_watched_100', 'utm_content']
17:50:59 DEBUG __main__ › Aba 'pinterestAlcance' colunas originais: ['date', 'account_name', 'campaign_name', 'ad_group_name', 'ad_name', 'objective', 'utm_content', 'start', 'end', 'reach', 'imrpessions', 'post_shares', 'post_comments', 'post_reactions']
17:50:59 DEBUG __main__ › Aba 'linkedinGeral' colunas originais: ['date', 'account_name', 'campaign_name', 'ad_name', 'campaign_id', 'start', 'end', 'objective', 'placement', 'utm_content', 'impressions', 'cost', 'link_clicks', 'video_play', 'video_watched_25', 'video_watched_50', 'video_watched_75', 'video_watched_100', 'post_reactions', 'post_shares', 'post_comments']
17:50:59 DEBUG __main__ › Aba 'linkedinRegiao' colunas originais: ['date', 'account_name', 'campaign_id', 'campaign_name', 'objective', 'region', 'start', 'end', 'impressions', 'cost', 'link_clicks', 'video_watched_100', 'utm_content']
17:50:59 DEBUG __main__ › Aba 'linkedinAlcance' colunas originais: ['date', 'account_name', 'campaign_name', 'campaign_id', 'objective', 'utm_content', 'start', 'end', 'reach', 'impressions']
17:50:59 DEBUG __main__ › Aba 'GAGeral' colunas originais: ['date', 'campaign_name', 'sessionSourceMedium', 'utm_content', 'region', 'totalUsers', 'sessions', 'averageSessionDuration', 'screenPageViews', 'engagedSessions', 'objective', 'Campanha', 'ID_Campanha', 'start', 'end', 'Veiculo', 'ID_Veiculo', 'ad_group_name', 'ad_name', 'post_shares', 'post_comments', 'post_reactions', 'Engajamento_Total', 'ID']
17:50:59 INFO extract.sheets_fetcher › 🔄 batchGet tentativa para ranges: ['modeloGeral!A:ZZ', 'modeloGenero!A:ZZ', 'modeloIdade!A:ZZ', 'modeloAlcance!A:ZZ', 'modeloRegiao!A:ZZ']
17:50:59 DEBUG googleapiclient.discovery › URL being requested: GET https://sheets.googleapis.com/v4/spreadsheets/1DazUQxspLgT0utOFHcTINbFngXw7Fq0LOq6v4lRGixg/values:batchGet?ranges=modeloGeral%21A%3AZZ&ranges=modeloGenero%21A%3AZZ&ranges=modeloIdade%21A%3AZZ&ranges=modeloAlcance%21A%3AZZ&ranges=modeloRegiao%21A%3AZZ&alt=json
17:51:01 INFO extract.sheets_fetcher › 🔍 range completo retornado pela API: modeloGeral!A1:Z4693
17:51:01 INFO extract.sheets_fetcher › 🔍 range completo retornado pela API: modeloGenero!A1:O52441
17:51:01 INFO extract.sheets_fetcher › 🔍 range completo retornado pela API: modeloIdade!A1:O4030
17:51:01 INFO extract.sheets_fetcher › 🔍 range completo retornado pela API: modeloAlcance!A1:L3700
17:51:01 INFO extract.sheets_fetcher › 🔍 range completo retornado pela API: modeloRegiao!A1:O35018
17:51:01 INFO extract.sheets_fetcher › 📡 batchGet 5 ranges
17:51:01 INFO extract.sheets_fetcher › 📥 Cache hit para ('modeloAlcance', 'modeloGenero', 'modeloGeral', 'modeloIdade', 'modeloRegiao')
17:51:01 INFO load.dest_writer › 📥 Prefetch destino concluído: 5 abas com cabeçalho, total de IDs carregados=37561
17:51:01 INFO __main__ › 📥 Prefetch meta concluído – começando processamento das abas
17:51:01 DEBUG urllib3.util.retry › Converted retries value: 3 -> Retry(total=3, connect=None, read=None, redirect=None, status=None)
17:51:01 DEBUG urllib3.util.retry › Converted retries value: 3 -> Retry(total=3, connect=None, read=None, redirect=None, status=None)
17:51:01 DEBUG urllib3.connectionpool › Starting new HTTPS connection (1): oauth2.googleapis.com:443
17:51:01 DEBUG urllib3.connectionpool › https://oauth2.googleapis.com:443 "POST /token HTTP/1.1" 200 None
17:51:01 DEBUG urllib3.connectionpool › Starting new HTTPS connection (1): sheets.googleapis.com:443
17:51:01 DEBUG urllib3.connectionpool › https://sheets.googleapis.com:443 "GET /v4/spreadsheets/1DazUQxspLgT0utOFHcTINbFngXw7Fq0LOq6v4lRGixg?includeGridData=false HTTP/1.1" 200 None
17:51:02 DEBUG urllib3.connectionpool › https://sheets.googleapis.com:443 "GET /v4/spreadsheets/1DazUQxspLgT0utOFHcTINbFngXw7Fq0LOq6v4lRGixg?includeGridData=false HTTP/1.1" 200 None
17:51:02 DEBUG urllib3.connectionpool › https://sheets.googleapis.com:443 "GET /v4/spreadsheets/1DazUQxspLgT0utOFHcTINbFngXw7Fq0LOq6v4lRGixg/values/%27metaGeral%27%21A1%3A1 HTTP/1.1" 200 None
17:51:02 DEBUG urllib3.util.retry › Converted retries value: 3 -> Retry(total=3, connect=None, read=None, redirect=None, status=None)
17:51:02 DEBUG urllib3.connectionpool › Starting new HTTPS connection (1): oauth2.googleapis.com:443
17:51:03 DEBUG urllib3.connectionpool › https://oauth2.googleapis.com:443 "POST /token HTTP/1.1" 200 None
17:51:03 DEBUG urllib3.connectionpool › Starting new HTTPS connection (1): sheets.googleapis.com:443
17:51:03 DEBUG urllib3.connectionpool › https://sheets.googleapis.com:443 "GET /v4/spreadsheets/1DazUQxspLgT0utOFHcTINbFngXw7Fq0LOq6v4lRGixg?includeGridData=false HTTP/1.1" 200 None
17:51:04 DEBUG urllib3.connectionpool › https://sheets.googleapis.com:443 "GET /v4/spreadsheets/1DazUQxspLgT0utOFHcTINbFngXw7Fq0LOq6v4lRGixg?includeGridData=false HTTP/1.1" 200 None
17:51:04 DEBUG urllib3.connectionpool › https://sheets.googleapis.com:443 "GET /v4/spreadsheets/1DazUQxspLgT0utOFHcTINbFngXw7Fq0LOq6v4lRGixg/values/%27BI_PARAMETRIZA%C3%87%C3%83O%27 HTTP/1.1" 200 None
17:51:04 WARNING treat.utils.validations › [Validação] 34 valor(es) de 'ad_name' fora da BI_PARAMETRIZAÇÃO (taxonomy_ad_name): ['2025_3_BR_CARD_NAT_ACAO_DBT_SBRAE_2025_EMP_FEM0028', '2025_3_BR_CARD_SILVANA_ACAO_DBT_SBRAE_2025_EMP_FEM0044', '2025_3_BR_STORIES_CINTIA_ACAO_DBT_SBRAE_2025_EMP_FEM0021', '2025_3_BR_STORIES_MANIFESTO_ACAO_DBT_SBRAE_2025_EMP_FEM0061', '2025_3_BR_STORIES_NAT_ACAO_DBT_SBRAE_2025_EMP_FEM0041', '2025_3_BR_STORIES_SILVANA_ACAO_DBT_SBRAE_2025_EMP_FEM0057', '2025_3_BR_VÍDEO_MANIFESTO_ACAO_DBT_SBRAE_2025_EMP_FEM0056', '2025_3_BR_VÍDEO_MANIFESTO_ACAO_DBT_SBRAE_2025_EMP_FEM0064', '2025_3_BR_CARD_CERRADO_COMO_SE_INSCREVER_ACAO_DBT_SBRAE_2025_CER_PAN0150', '2025_3_BR_CARD_CERRADO_DIA_DAS_INSCRIÇÕES_ACAO_DBT_SBRAE_2025_CER_PAN0146', '2025_3_BR_CARD_CERRADO_MOTIVOS_PARA_INSCREVER_ACAO_DBT_SBRAE_2025_CER_PAN0152', '2025_3_BR_CARD_CERRADO_PANTANAL_COMO_SE_INSCREVER_ACAO_DBT_SBRAE_2025_CER_PAN0153', '2025_3_BR_CARD_CERRADO_QUEM_PODE_PARTICIPAR_ACAO_DBT_SBRAE_2025_CER_PAN0142', '2025_3_BR_CARD_CERRADO_QUEM_PODE_PARTICIPAR_ACAO_DBT_SBRAE_2025_CER_PAN0149', '2025_3_BR_CARD_PANTANAL_CERRADO_COMO_SE_INSCREVER_ACAO_DBT_SBRAE_2025_CER_PAN0144', '2025_3_BR_CARD_PANTANAL_CERRADO_DIA_DAS_INSCRIÇÕES_ACAO_DBT_SBRAE_2025_PAN0140', '2025_3_BR_CARD_PANTANAL_CERRADO_MOTIVOS_PARA_INSCREVER_ACAO_DBT_SBRAE_2025_CER_PAN0145', '2025_3_BR_VÍDEO_PANTANAL_CERRADO_BABI_ACAO_DBT_SBRAE_2025_CER_PAN0155', '2025_3_BR_VÍDEO_ANA_LUISA_ACAO_DBT_SBRAE_2025_CER_PAN0177', '2025_3_BR_VÍDEO_CARTAS_DANIELLE_ACAO_DBT_SBRAE_2025_EMP_FEM0161'] …
17:51:04 INFO extract.sheets_fetcher › 🔄 batchGet tentativa para ranges: ['SOURCE!A:ZZ']
17:51:04 DEBUG googleapiclient.discovery › URL being requested: GET https://sheets.googleapis.com/v4/spreadsheets/1DazUQxspLgT0utOFHcTINbFngXw7Fq0LOq6v4lRGixg/values:batchGet?ranges=SOURCE%21A%3AZZ&alt=json
17:51:04 DEBUG google_auth_httplib2 › Making request: POST https://oauth2.googleapis.com/token
17:51:05 INFO extract.sheets_fetcher › 🔍 range completo retornado pela API: SOURCE!A1:Z999
17:51:05 INFO extract.sheets_fetcher › 📡 batchGet 1 ranges
17:51:05 DEBUG treat.utils.atribuicoes_via_lookup › >>> atribuir_veiculo_e_id_meta
17:51:05 DEBUG root › [aplicar_substituicoes_objetivo] Substituições aplicadas na coluna 'Objetivo'
17:51:05 INFO treat.utils.validations › [Validação] Totais de impressions e cost conferem: 191433377 imp, 382044.06 cost
17:51:05 WARNING treat.utils.validations › [Validação] Coluna 'preview_link_ig' vazia em 29 linha(s): 72, 73, 75, 78, 94, 96, 99, 106, 114, 128, …
17:51:05 WARNING treat.utils.validations › [Validação] Coluna 'campaign_daily_budget' vazia em 587 linha(s): 0, 1, 2, 3, 4, 5, 6, 7, 8, 9, …
17:51:05 WARNING treat.utils.validations › [Validação] Coluna 'campaign_lifetime_budget' vazia em 305 linha(s): 0, 1, 2, 3, 4, 5, 6, 7, 8, 9, …
17:51:05 INFO load.origin_writer › ℹ️  Preparando write-back origin para 'metaGeral': 587 linhas × 28 colunas (com cabeçalho) = 16,464 células
17:51:07 DEBUG urllib3.connectionpool › https://sheets.googleapis.com:443 "POST /v4/spreadsheets/1DazUQxspLgT0utOFHcTINbFngXw7Fq0LOq6v4lRGixg/values:batchUpdate HTTP/1.1" 200 None
17:51:07 INFO load.origin_writer › ✅ Write-back concluído para 'metaGeral' (587 linhas × 28 colunas)
17:51:07 DEBUG urllib3.connectionpool › https://sheets.googleapis.com:443 "GET /v4/spreadsheets/1DazUQxspLgT0utOFHcTINbFngXw7Fq0LOq6v4lRGixg?includeGridData=false HTTP/1.1" 200 None
17:51:08 DEBUG urllib3.connectionpool › https://sheets.googleapis.com:443 "POST /v4/spreadsheets/1DazUQxspLgT0utOFHcTINbFngXw7Fq0LOq6v4lRGixg/values:batchUpdate HTTP/1.1" 200 None
17:51:08 INFO load.dest_writer › ✅ Gravadas 587 linhas em 'modeloGeral'
17:51:08 DEBUG __main__ › Aba 'metaGeral' processada – resultados armazenados
17:51:09 DEBUG urllib3.connectionpool › https://sheets.googleapis.com:443 "GET /v4/spreadsheets/1DazUQxspLgT0utOFHcTINbFngXw7Fq0LOq6v4lRGixg?includeGridData=false HTTP/1.1" 200 None
17:51:09 DEBUG urllib3.connectionpool › https://sheets.googleapis.com:443 "GET /v4/spreadsheets/1DazUQxspLgT0utOFHcTINbFngXw7Fq0LOq6v4lRGixg/values/%27metaIdade%27%21A1%3A1 HTTP/1.1" 200 None
17:51:09 WARNING treat.utils.validations › [Validação] 34 valor(es) de 'ad_name' fora da BI_PARAMETRIZAÇÃO (taxonomy_ad_name): ['2025_3_BR_CARD_NAT_ACAO_DBT_SBRAE_2025_EMP_FEM0028', '2025_3_BR_CARD_SILVANA_ACAO_DBT_SBRAE_2025_EMP_FEM0044', '2025_3_BR_STORIES_CINTIA_ACAO_DBT_SBRAE_2025_EMP_FEM0021', '2025_3_BR_STORIES_MANIFESTO_ACAO_DBT_SBRAE_2025_EMP_FEM0061', '2025_3_BR_STORIES_NAT_ACAO_DBT_SBRAE_2025_EMP_FEM0041', '2025_3_BR_STORIES_SILVANA_ACAO_DBT_SBRAE_2025_EMP_FEM0057', '2025_3_BR_VÍDEO_MANIFESTO_ACAO_DBT_SBRAE_2025_EMP_FEM0056', '2025_3_BR_VÍDEO_MANIFESTO_ACAO_DBT_SBRAE_2025_EMP_FEM0064', '2025_3_BR_CARD_CERRADO_COMO_SE_INSCREVER_ACAO_DBT_SBRAE_2025_CER_PAN0150', '2025_3_BR_CARD_CERRADO_DIA_DAS_INSCRIÇÕES_ACAO_DBT_SBRAE_2025_CER_PAN0146', '2025_3_BR_CARD_CERRADO_MOTIVOS_PARA_INSCREVER_ACAO_DBT_SBRAE_2025_CER_PAN0152', '2025_3_BR_CARD_CERRADO_PANTANAL_COMO_SE_INSCREVER_ACAO_DBT_SBRAE_2025_CER_PAN0153', '2025_3_BR_CARD_CERRADO_QUEM_PODE_PARTICIPAR_ACAO_DBT_SBRAE_2025_CER_PAN0142', '2025_3_BR_CARD_CERRADO_QUEM_PODE_PARTICIPAR_ACAO_DBT_SBRAE_2025_CER_PAN0149', '2025_3_BR_CARD_PANTANAL_CERRADO_COMO_SE_INSCREVER_ACAO_DBT_SBRAE_2025_CER_PAN0144', '2025_3_BR_CARD_PANTANAL_CERRADO_DIA_DAS_INSCRIÇÕES_ACAO_DBT_SBRAE_2025_PAN0140', '2025_3_BR_CARD_PANTANAL_CERRADO_MOTIVOS_PARA_INSCREVER_ACAO_DBT_SBRAE_2025_CER_PAN0145', '2025_3_BR_VÍDEO_PANTANAL_CERRADO_BABI_ACAO_DBT_SBRAE_2025_CER_PAN0155', '2025_3_BR_VÍDEO_ANA_LUISA_ACAO_DBT_SBRAE_2025_CER_PAN0177', '2025_3_BR_VÍDEO_CARTAS_DANIELLE_ACAO_DBT_SBRAE_2025_EMP_FEM0161'] …
17:51:09 DEBUG treat.utils.atribuicoes_via_lookup › >>> atribuir_veiculo_e_id_meta
17:51:09 DEBUG root › [aplicar_substituicoes_objetivo] Substituições aplicadas na coluna 'Objetivo'
17:51:09 INFO treat.utils.validations › [Validação] Totais de impressions e cost conferem: 191433377 imp, 382043.92 cost
17:51:09 WARNING treat.utils.validations › [Validação] Coluna 'video_watched_100' vazia em 1075 linha(s): 48, 70, 71, 72, 73, 74, 75, 78, 79, 80, …
17:51:09 WARNING treat.utils.validations › [Validação] Coluna 'link_clicks' vazia em 200 linha(s): 108, 109, 122, 123, 136, 137, 155, 161, 167, 205, …
17:51:09 INFO load.origin_writer › ℹ️  Preparando write-back origin para 'metaIdade': 2139 linhas × 17 colunas (com cabeçalho) = 36,380 células
17:51:11 DEBUG urllib3.connectionpool › https://sheets.googleapis.com:443 "POST /v4/spreadsheets/1DazUQxspLgT0utOFHcTINbFngXw7Fq0LOq6v4lRGixg/values:batchUpdate HTTP/1.1" 200 None
17:51:11 INFO load.origin_writer › ✅ Write-back concluído para 'metaIdade' (2139 linhas × 17 colunas)
17:51:12 DEBUG urllib3.connectionpool › https://sheets.googleapis.com:443 "GET /v4/spreadsheets/1DazUQxspLgT0utOFHcTINbFngXw7Fq0LOq6v4lRGixg?includeGridData=false HTTP/1.1" 200 None
17:51:13 DEBUG urllib3.connectionpool › https://sheets.googleapis.com:443 "POST /v4/spreadsheets/1DazUQxspLgT0utOFHcTINbFngXw7Fq0LOq6v4lRGixg/values:batchUpdate HTTP/1.1" 200 None
17:51:13 INFO load.dest_writer › ✅ Gravadas 746 linhas em 'modeloIdade'
17:51:13 DEBUG __main__ › Aba 'metaIdade' processada – resultados armazenados
17:51:13 DEBUG urllib3.connectionpool › https://sheets.googleapis.com:443 "GET /v4/spreadsheets/1DazUQxspLgT0utOFHcTINbFngXw7Fq0LOq6v4lRGixg?includeGridData=false HTTP/1.1" 200 None
17:51:14 DEBUG urllib3.connectionpool › https://sheets.googleapis.com:443 "GET /v4/spreadsheets/1DazUQxspLgT0utOFHcTINbFngXw7Fq0LOq6v4lRGixg/values/%27metaGenero%27%21A1%3A1 HTTP/1.1" 200 None
17:51:14 WARNING treat.utils.validations › [Validação] 34 valor(es) de 'ad_name' fora da BI_PARAMETRIZAÇÃO (taxonomy_ad_name): ['2025_3_BR_CARD_NAT_ACAO_DBT_SBRAE_2025_EMP_FEM0028', '2025_3_BR_CARD_SILVANA_ACAO_DBT_SBRAE_2025_EMP_FEM0044', '2025_3_BR_STORIES_CINTIA_ACAO_DBT_SBRAE_2025_EMP_FEM0021', '2025_3_BR_STORIES_MANIFESTO_ACAO_DBT_SBRAE_2025_EMP_FEM0061', '2025_3_BR_STORIES_NAT_ACAO_DBT_SBRAE_2025_EMP_FEM0041', '2025_3_BR_STORIES_SILVANA_ACAO_DBT_SBRAE_2025_EMP_FEM0057', '2025_3_BR_VÍDEO_MANIFESTO_ACAO_DBT_SBRAE_2025_EMP_FEM0056', '2025_3_BR_VÍDEO_MANIFESTO_ACAO_DBT_SBRAE_2025_EMP_FEM0064', '2025_3_BR_CARD_CERRADO_COMO_SE_INSCREVER_ACAO_DBT_SBRAE_2025_CER_PAN0150', '2025_3_BR_CARD_CERRADO_DIA_DAS_INSCRIÇÕES_ACAO_DBT_SBRAE_2025_CER_PAN0146', '2025_3_BR_CARD_CERRADO_MOTIVOS_PARA_INSCREVER_ACAO_DBT_SBRAE_2025_CER_PAN0152', '2025_3_BR_CARD_CERRADO_PANTANAL_COMO_SE_INSCREVER_ACAO_DBT_SBRAE_2025_CER_PAN0153', '2025_3_BR_CARD_CERRADO_QUEM_PODE_PARTICIPAR_ACAO_DBT_SBRAE_2025_CER_PAN0142', '2025_3_BR_CARD_CERRADO_QUEM_PODE_PARTICIPAR_ACAO_DBT_SBRAE_2025_CER_PAN0149', '2025_3_BR_CARD_PANTANAL_CERRADO_COMO_SE_INSCREVER_ACAO_DBT_SBRAE_2025_CER_PAN0144', '2025_3_BR_CARD_PANTANAL_CERRADO_DIA_DAS_INSCRIÇÕES_ACAO_DBT_SBRAE_2025_PAN0140', '2025_3_BR_CARD_PANTANAL_CERRADO_MOTIVOS_PARA_INSCREVER_ACAO_DBT_SBRAE_2025_CER_PAN0145', '2025_3_BR_VÍDEO_PANTANAL_CERRADO_BABI_ACAO_DBT_SBRAE_2025_CER_PAN0155', '2025_3_BR_VÍDEO_ANA_LUISA_ACAO_DBT_SBRAE_2025_CER_PAN0177', '2025_3_BR_VÍDEO_CARTAS_DANIELLE_ACAO_DBT_SBRAE_2025_EMP_FEM0161'] …
17:51:14 DEBUG treat.utils.atribuicoes_via_lookup › >>> atribuir_veiculo_e_id_meta
17:51:14 DEBUG root › [aplicar_substituicoes_objetivo] Substituições aplicadas na coluna 'Objetivo'
17:51:14 INFO treat.utils.validations › [Validação] Totais de impressions e cost conferem: 191433377 imp, 382044.06 cost
17:51:14 WARNING treat.utils.validations › [Validação] Coluna 'video_watched_100' vazia em 480 linha(s): 4, 5, 10, 11, 16, 17, 22, 23, 28, 29, …
17:51:14 WARNING treat.utils.validations › [Validação] Coluna 'link_clicks' vazia em 105 linha(s): 64, 65, 111, 112, 113, 115, 119, 122, 125, 127, …
17:51:14 INFO load.origin_writer › ℹ️  Preparando write-back origin para 'metaGenero': 862 linhas × 20 colunas (com cabeçalho) = 17,260 células
17:51:15 DEBUG urllib3.connectionpool › https://sheets.googleapis.com:443 "POST /v4/spreadsheets/1DazUQxspLgT0utOFHcTINbFngXw7Fq0LOq6v4lRGixg/values:batchUpdate HTTP/1.1" 200 None
17:51:15 INFO load.origin_writer › ✅ Write-back concluído para 'metaGenero' (862 linhas × 20 colunas)
17:51:16 DEBUG urllib3.connectionpool › https://sheets.googleapis.com:443 "GET /v4/spreadsheets/1DazUQxspLgT0utOFHcTINbFngXw7Fq0LOq6v4lRGixg?includeGridData=false HTTP/1.1" 200 None
17:51:16 DEBUG urllib3.connectionpool › https://sheets.googleapis.com:443 "POST /v4/spreadsheets/1DazUQxspLgT0utOFHcTINbFngXw7Fq0LOq6v4lRGixg/values:batchUpdate HTTP/1.1" 200 None
17:51:16 INFO load.dest_writer › ✅ Gravadas 257 linhas em 'modeloGenero'
17:51:16 DEBUG __main__ › Aba 'metaGenero' processada – resultados armazenados
17:51:17 DEBUG urllib3.connectionpool › https://sheets.googleapis.com:443 "GET /v4/spreadsheets/1DazUQxspLgT0utOFHcTINbFngXw7Fq0LOq6v4lRGixg?includeGridData=false HTTP/1.1" 200 None
17:51:17 DEBUG urllib3.connectionpool › https://sheets.googleapis.com:443 "GET /v4/spreadsheets/1DazUQxspLgT0utOFHcTINbFngXw7Fq0LOq6v4lRGixg/values/%27metaRegiao%27%21A1%3A1 HTTP/1.1" 200 None
17:51:17 WARNING treat.utils.validations › [Validação] 33 valor(es) de 'ad_name' fora da BI_PARAMETRIZAÇÃO (taxonomy_ad_name): ['2025_3_BR_CARD_NAT_ACAO_DBT_SBRAE_2025_EMP_FEM0028', '2025_3_BR_CARD_SILVANA_ACAO_DBT_SBRAE_2025_EMP_FEM0044', '2025_3_BR_STORIES_CINTIA_ACAO_DBT_SBRAE_2025_EMP_FEM0021', '2025_3_BR_STORIES_MANIFESTO_ACAO_DBT_SBRAE_2025_EMP_FEM0061', '2025_3_BR_STORIES_NAT_ACAO_DBT_SBRAE_2025_EMP_FEM0041', '2025_3_BR_STORIES_SILVANA_ACAO_DBT_SBRAE_2025_EMP_FEM0057', '2025_3_BR_VÍDEO_MANIFESTO_ACAO_DBT_SBRAE_2025_EMP_FEM0056', '2025_3_BR_VÍDEO_MANIFESTO_ACAO_DBT_SBRAE_2025_EMP_FEM0064', '2025_3_BR_CARD_CERRADO_COMO_SE_INSCREVER_ACAO_DBT_SBRAE_2025_CER_PAN0150', '2025_3_BR_CARD_CERRADO_DIA_DAS_INSCRIÇÕES_ACAO_DBT_SBRAE_2025_CER_PAN0146', '2025_3_BR_CARD_CERRADO_MOTIVOS_PARA_INSCREVER_ACAO_DBT_SBRAE_2025_CER_PAN0152', '2025_3_BR_CARD_CERRADO_PANTANAL_COMO_SE_INSCREVER_ACAO_DBT_SBRAE_2025_CER_PAN0153', '2025_3_BR_CARD_CERRADO_QUEM_PODE_PARTICIPAR_ACAO_DBT_SBRAE_2025_CER_PAN0142', '2025_3_BR_CARD_CERRADO_QUEM_PODE_PARTICIPAR_ACAO_DBT_SBRAE_2025_CER_PAN0149', '2025_3_BR_CARD_PANTANAL_CERRADO_COMO_SE_INSCREVER_ACAO_DBT_SBRAE_2025_CER_PAN0144', '2025_3_BR_CARD_PANTANAL_CERRADO_DIA_DAS_INSCRIÇÕES_ACAO_DBT_SBRAE_2025_PAN0140', '2025_3_BR_CARD_PANTANAL_CERRADO_MOTIVOS_PARA_INSCREVER_ACAO_DBT_SBRAE_2025_CER_PAN0145', '2025_3_BR_VÍDEO_PANTANAL_CERRADO_BABI_ACAO_DBT_SBRAE_2025_CER_PAN0155', '2025_3_BR_VÍDEO_ANA_LUISA_ACAO_DBT_SBRAE_2025_CER_PAN0177', '2025_3_BR_VÍDEO_CARTAS_DANIELLE_ACAO_DBT_SBRAE_2025_EMP_FEM0161'] …
17:51:17 DEBUG treat.utils.atribuicoes_via_lookup › >>> atribuir_veiculo_e_id_meta
17:51:18 DEBUG root › [aplicar_substituicoes_objetivo] Substituições aplicadas na coluna 'Objetivo'
17:51:18 INFO treat.utils.validations › [Validação] Totais de impressions e cost conferem: 106329839 imp, 205409.99 cost
17:51:18 INFO load.origin_writer › ℹ️  Preparando write-back origin para 'metaRegiao': 9999 linhas × 17 colunas (com cabeçalho) = 170,000 células
17:51:25 DEBUG urllib3.connectionpool › https://sheets.googleapis.com:443 "POST /v4/spreadsheets/1DazUQxspLgT0utOFHcTINbFngXw7Fq0LOq6v4lRGixg/values:batchUpdate HTTP/1.1" 200 None
17:51:25 INFO load.origin_writer › ✅ Write-back concluído para 'metaRegiao' (9999 linhas × 17 colunas)
17:51:26 DEBUG urllib3.connectionpool › https://sheets.googleapis.com:443 "GET /v4/spreadsheets/1DazUQxspLgT0utOFHcTINbFngXw7Fq0LOq6v4lRGixg?includeGridData=false HTTP/1.1" 200 None
17:51:28 DEBUG urllib3.connectionpool › https://sheets.googleapis.com:443 "POST /v4/spreadsheets/1DazUQxspLgT0utOFHcTINbFngXw7Fq0LOq6v4lRGixg/values:batchUpdate HTTP/1.1" 200 None
17:51:28 INFO load.dest_writer › ✅ Gravadas 3023 linhas em 'modeloRegiao'
17:51:28 DEBUG __main__ › Aba 'metaRegiao' processada – resultados armazenados
17:51:28 DEBUG urllib3.connectionpool › https://sheets.googleapis.com:443 "GET /v4/spreadsheets/1DazUQxspLgT0utOFHcTINbFngXw7Fq0LOq6v4lRGixg?includeGridData=false HTTP/1.1" 200 None
17:51:28 DEBUG urllib3.connectionpool › https://sheets.googleapis.com:443 "GET /v4/spreadsheets/1DazUQxspLgT0utOFHcTINbFngXw7Fq0LOq6v4lRGixg/values/%27metaAlcance%27%21A1%3A1 HTTP/1.1" 200 None
17:51:28 WARNING treat.utils.validations › [Validação] 34 valor(es) de 'ad_name' fora da BI_PARAMETRIZAÇÃO (taxonomy_ad_name): ['2025_3_BR_CARD_NAT_ACAO_DBT_SBRAE_2025_EMP_FEM0028', '2025_3_BR_CARD_SILVANA_ACAO_DBT_SBRAE_2025_EMP_FEM0044', '2025_3_BR_STORIES_CINTIA_ACAO_DBT_SBRAE_2025_EMP_FEM0021', '2025_3_BR_STORIES_MANIFESTO_ACAO_DBT_SBRAE_2025_EMP_FEM0061', '2025_3_BR_STORIES_NAT_ACAO_DBT_SBRAE_2025_EMP_FEM0041', '2025_3_BR_STORIES_SILVANA_ACAO_DBT_SBRAE_2025_EMP_FEM0057', '2025_3_BR_VÍDEO_MANIFESTO_ACAO_DBT_SBRAE_2025_EMP_FEM0056', '2025_3_BR_VÍDEO_MANIFESTO_ACAO_DBT_SBRAE_2025_EMP_FEM0064', '2025_3_BR_CARD_CERRADO_COMO_SE_INSCREVER_ACAO_DBT_SBRAE_2025_CER_PAN0150', '2025_3_BR_CARD_CERRADO_DIA_DAS_INSCRIÇÕES_ACAO_DBT_SBRAE_2025_CER_PAN0146', '2025_3_BR_CARD_CERRADO_MOTIVOS_PARA_INSCREVER_ACAO_DBT_SBRAE_2025_CER_PAN0152', '2025_3_BR_CARD_CERRADO_PANTANAL_COMO_SE_INSCREVER_ACAO_DBT_SBRAE_2025_CER_PAN0153', '2025_3_BR_CARD_CERRADO_QUEM_PODE_PARTICIPAR_ACAO_DBT_SBRAE_2025_CER_PAN0142', '2025_3_BR_CARD_CERRADO_QUEM_PODE_PARTICIPAR_ACAO_DBT_SBRAE_2025_CER_PAN0149', '2025_3_BR_CARD_PANTANAL_CERRADO_COMO_SE_INSCREVER_ACAO_DBT_SBRAE_2025_CER_PAN0144', '2025_3_BR_CARD_PANTANAL_CERRADO_DIA_DAS_INSCRIÇÕES_ACAO_DBT_SBRAE_2025_PAN0140', '2025_3_BR_CARD_PANTANAL_CERRADO_MOTIVOS_PARA_INSCREVER_ACAO_DBT_SBRAE_2025_CER_PAN0145', '2025_3_BR_VÍDEO_PANTANAL_CERRADO_BABI_ACAO_DBT_SBRAE_2025_CER_PAN0155', '2025_3_BR_VÍDEO_ANA_LUISA_ACAO_DBT_SBRAE_2025_CER_PAN0177', '2025_3_BR_VÍDEO_CARTAS_DANIELLE_ACAO_DBT_SBRAE_2025_EMP_FEM0161'] …
17:51:29 DEBUG treat.utils.atribuicoes_via_lookup › >>> atribuir_veiculo_e_id_meta
17:51:29 DEBUG root › [aplicar_substituicoes_objetivo] Substituições aplicadas na coluna 'Objetivo'
17:51:29 WARNING treat.utils.validations › [Validação] Coluna 'cost' ausente em df_raw ou df_ok; pulando aggregate check
17:51:29 INFO load.origin_writer › ℹ️  Preparando write-back origin para 'metaAlcance': 587 linhas × 14 colunas (com cabeçalho) = 8,232 células
17:51:29 DEBUG urllib3.connectionpool › https://sheets.googleapis.com:443 "POST /v4/spreadsheets/1DazUQxspLgT0utOFHcTINbFngXw7Fq0LOq6v4lRGixg/values:batchUpdate HTTP/1.1" 200 None
17:51:29 INFO load.origin_writer › ✅ Write-back concluído para 'metaAlcance' (587 linhas × 14 colunas)
17:51:30 DEBUG urllib3.connectionpool › https://sheets.googleapis.com:443 "GET /v4/spreadsheets/1DazUQxspLgT0utOFHcTINbFngXw7Fq0LOq6v4lRGixg?includeGridData=false HTTP/1.1" 200 None
17:51:30 DEBUG urllib3.connectionpool › https://sheets.googleapis.com:443 "POST /v4/spreadsheets/1DazUQxspLgT0utOFHcTINbFngXw7Fq0LOq6v4lRGixg/values:batchUpdate HTTP/1.1" 200 None
17:51:30 INFO load.dest_writer › ✅ Gravadas 127 linhas em 'modeloAlcance'
17:51:30 DEBUG __main__ › Aba 'metaAlcance' processada – resultados armazenados
17:51:31 DEBUG urllib3.connectionpool › https://sheets.googleapis.com:443 "GET /v4/spreadsheets/1DazUQxspLgT0utOFHcTINbFngXw7Fq0LOq6v4lRGixg?includeGridData=false HTTP/1.1" 200 None
17:51:32 DEBUG urllib3.connectionpool › https://sheets.googleapis.com:443 "GET /v4/spreadsheets/1DazUQxspLgT0utOFHcTINbFngXw7Fq0LOq6v4lRGixg/values/%27tiktokGeral%27%21A1%3A1 HTTP/1.1" 200 None
17:51:32 WARNING treat.utils.validations › [Validação] 1 valor(es) de 'ad_group_name' fora da BI_PARAMETRIZAÇÃO (taxonomy_ad_group_name): ['"2025_3_BR_ALC_CPM_BRASIL, 18+, POPULAÇÃO EM GERAL + PERSONA ""DONAS DE PEQUENOS NEGÓCIOS"" + COBERTURA DE PALAVRAS-CHAVE RELACIONADAS"']
17:51:32 WARNING treat.utils.validations › [Validação] 8 valor(es) de 'ad_name' fora da BI_PARAMETRIZAÇÃO (taxonomy_ad_name): ['2025_3_BR_VÍDEO_MANIFESTO_ACAO_DBT_SBRAE_2025_EMP_FEM0070', '2025_3_BR_VÍDEO_MANIFESTO_ACAO_DBT_SBRAE_2025_EMP_FEM0071', '2025_3_BR_VÍDEO_MANIFESTO_ACAO_DBT_SBRAE_2025_EMP_FEM0069', '2025_3_BR_VÍDEO_TTCX_GAB_ACAO_DBT_SBRAE_2025_EMP_FEM0199', '2025_3_BR_VÍDEO_TTCX_GIOVANA_ACAO_DBT_SBRAE_2025_EMP_FEM0197', '2025_3_BR_VÍDEO_TTCX_ISABELA_ACAO_DBT_SBRAE_2025_EMP_FEM0198', '2025_3_BR_VÍDEO_PANTANAL_CERRADO_ANA_LUISA_ACAO_DBT_SBRAE_2025_CER_PAN0202', '2025_3_BR_VÍDEO_PANTANAL_CERRADO_BABI_ACAO_DBT_SBRAE_2025_CER_PAN0201']
17:51:32 DEBUG root › [aplicar_substituicoes_objetivo] Substituições aplicadas na coluna 'Objetivo'
17:51:32 INFO treat.utils.validations › [Validação] Totais de impressions e cost conferem: 93589875 imp, 368647.81 cost
17:51:32 WARNING treat.utils.validations › [Validação] Coluna 'ad_preview_link' vazia em 3 linha(s): 38, 45, 52
17:51:32 WARNING treat.utils.validations › [Validação] Coluna 'URL_do_Anuncio' vazia em 3 linha(s): 38, 45, 52
17:51:32 INFO load.origin_writer › ℹ️  Preparando write-back origin para 'tiktokGeral': 154 linhas × 23 colunas (com cabeçalho) = 3,565 células
17:51:32 DEBUG urllib3.connectionpool › https://sheets.googleapis.com:443 "POST /v4/spreadsheets/1DazUQxspLgT0utOFHcTINbFngXw7Fq0LOq6v4lRGixg/values:batchUpdate HTTP/1.1" 200 None
17:51:32 INFO load.origin_writer › ✅ Write-back concluído para 'tiktokGeral' (154 linhas × 23 colunas)
17:51:33 DEBUG urllib3.connectionpool › https://sheets.googleapis.com:443 "POST /v4/spreadsheets/1DazUQxspLgT0utOFHcTINbFngXw7Fq0LOq6v4lRGixg/values:batchUpdate HTTP/1.1" 200 None
17:51:33 INFO load.dest_writer › ✅ Gravadas 153 linhas em 'modeloGeral'
17:51:33 DEBUG __main__ › Aba 'tiktokGeral' processada – resultados armazenados
17:51:34 DEBUG urllib3.connectionpool › https://sheets.googleapis.com:443 "GET /v4/spreadsheets/1DazUQxspLgT0utOFHcTINbFngXw7Fq0LOq6v4lRGixg?includeGridData=false HTTP/1.1" 200 None
17:51:36 DEBUG urllib3.connectionpool › https://sheets.googleapis.com:443 "GET /v4/spreadsheets/1DazUQxspLgT0utOFHcTINbFngXw7Fq0LOq6v4lRGixg/values/%27tiktokIdade%27%21A1%3A1 HTTP/1.1" 200 None
17:51:36 WARNING treat.utils.validations › [Validação] 1 valor(es) de 'ad_group_name' fora da BI_PARAMETRIZAÇÃO (taxonomy_ad_group_name): ['"2025_3_BR_ALC_CPM_BRASIL, 18+, POPULAÇÃO EM GERAL + PERSONA ""DONAS DE PEQUENOS NEGÓCIOS"" + COBERTURA DE PALAVRAS-CHAVE RELACIONADAS"']
17:51:36 WARNING treat.utils.validations › [Validação] 8 valor(es) de 'ad_name' fora da BI_PARAMETRIZAÇÃO (taxonomy_ad_name): ['2025_3_BR_VÍDEO_MANIFESTO_ACAO_DBT_SBRAE_2025_EMP_FEM0070', '2025_3_BR_VÍDEO_MANIFESTO_ACAO_DBT_SBRAE_2025_EMP_FEM0071', '2025_3_BR_VÍDEO_MANIFESTO_ACAO_DBT_SBRAE_2025_EMP_FEM0069', '2025_3_BR_VÍDEO_TTCX_GAB_ACAO_DBT_SBRAE_2025_EMP_FEM0199', '2025_3_BR_VÍDEO_TTCX_GIOVANA_ACAO_DBT_SBRAE_2025_EMP_FEM0197', '2025_3_BR_VÍDEO_TTCX_ISABELA_ACAO_DBT_SBRAE_2025_EMP_FEM0198', '2025_3_BR_VÍDEO_PANTANAL_CERRADO_ANA_LUISA_ACAO_DBT_SBRAE_2025_CER_PAN0202', '2025_3_BR_VÍDEO_PANTANAL_CERRADO_BABI_ACAO_DBT_SBRAE_2025_CER_PAN0201']
17:51:36 DEBUG root › [aplicar_substituicoes_objetivo] Substituições aplicadas na coluna 'Objetivo'
17:51:36 INFO treat.utils.validations › [Validação] Totais de impressions e cost conferem: 93680723 imp, 368769.00 cost
17:51:36 WARNING treat.utils.validations › [Validação] Coluna 'URL_do_Anuncio' vazia em 746 linha(s): 0, 1, 2, 3, 4, 5, 6, 7, 8, 9, …
17:51:36 INFO load.origin_writer › ℹ️  Preparando write-back origin para 'tiktokIdade': 746 linhas × 15 colunas (com cabeçalho) = 11,205 células
17:51:37 DEBUG urllib3.connectionpool › https://sheets.googleapis.com:443 "POST /v4/spreadsheets/1DazUQxspLgT0utOFHcTINbFngXw7Fq0LOq6v4lRGixg/values:batchUpdate HTTP/1.1" 200 None
17:51:37 INFO load.origin_writer › ✅ Write-back concluído para 'tiktokIdade' (746 linhas × 15 colunas)
17:51:37 INFO load.dest_writer › Destino 'idade': nenhuma linha nova para gravar
17:51:37 DEBUG __main__ › Aba 'tiktokIdade' processada – resultados armazenados
17:51:38 DEBUG urllib3.connectionpool › https://sheets.googleapis.com:443 "GET /v4/spreadsheets/1DazUQxspLgT0utOFHcTINbFngXw7Fq0LOq6v4lRGixg?includeGridData=false HTTP/1.1" 200 None
17:51:38 DEBUG urllib3.connectionpool › https://sheets.googleapis.com:443 "GET /v4/spreadsheets/1DazUQxspLgT0utOFHcTINbFngXw7Fq0LOq6v4lRGixg/values/%27tiktokGenero%27%21A1%3A1 HTTP/1.1" 200 None
17:51:38 WARNING treat.utils.validations › [Validação] 1 valor(es) de 'ad_group_name' fora da BI_PARAMETRIZAÇÃO (taxonomy_ad_group_name): ['"2025_3_BR_ALC_CPM_BRASIL, 18+, POPULAÇÃO EM GERAL + PERSONA ""DONAS DE PEQUENOS NEGÓCIOS"" + COBERTURA DE PALAVRAS-CHAVE RELACIONADAS"']
17:51:38 WARNING treat.utils.validations › [Validação] 8 valor(es) de 'ad_name' fora da BI_PARAMETRIZAÇÃO (taxonomy_ad_name): ['2025_3_BR_VÍDEO_MANIFESTO_ACAO_DBT_SBRAE_2025_EMP_FEM0070', '2025_3_BR_VÍDEO_MANIFESTO_ACAO_DBT_SBRAE_2025_EMP_FEM0071', '2025_3_BR_VÍDEO_MANIFESTO_ACAO_DBT_SBRAE_2025_EMP_FEM0069', '2025_3_BR_VÍDEO_TTCX_GAB_ACAO_DBT_SBRAE_2025_EMP_FEM0199', '2025_3_BR_VÍDEO_TTCX_GIOVANA_ACAO_DBT_SBRAE_2025_EMP_FEM0197', '2025_3_BR_VÍDEO_TTCX_ISABELA_ACAO_DBT_SBRAE_2025_EMP_FEM0198', '2025_3_BR_VÍDEO_PANTANAL_CERRADO_ANA_LUISA_ACAO_DBT_SBRAE_2025_CER_PAN0202', '2025_3_BR_VÍDEO_PANTANAL_CERRADO_BABI_ACAO_DBT_SBRAE_2025_CER_PAN0201']
17:51:38 DEBUG root › [aplicar_substituicoes_objetivo] Substituições aplicadas na coluna 'Objetivo'
17:51:38 INFO treat.utils.validations › [Validação] Totais de impressions e cost conferem: 93589875 imp, 368647.81 cost
17:51:38 WARNING treat.utils.validations › [Validação] Coluna 'URL_do_Anuncio' vazia em 257 linha(s): 0, 1, 2, 3, 4, 5, 6, 7, 8, 9, …
17:51:38 INFO load.origin_writer › ℹ️  Preparando write-back origin para 'tiktokGenero': 257 linhas × 15 colunas (com cabeçalho) = 3,870 células
17:51:39 DEBUG urllib3.connectionpool › https://sheets.googleapis.com:443 "POST /v4/spreadsheets/1DazUQxspLgT0utOFHcTINbFngXw7Fq0LOq6v4lRGixg/values:batchUpdate HTTP/1.1" 200 None
17:51:39 INFO load.origin_writer › ✅ Write-back concluído para 'tiktokGenero' (257 linhas × 15 colunas)
17:51:39 INFO load.dest_writer › Destino 'genero': nenhuma linha nova para gravar
17:51:39 DEBUG __main__ › Aba 'tiktokGenero' processada – resultados armazenados
17:51:39 DEBUG urllib3.connectionpool › https://sheets.googleapis.com:443 "GET /v4/spreadsheets/1DazUQxspLgT0utOFHcTINbFngXw7Fq0LOq6v4lRGixg?includeGridData=false HTTP/1.1" 200 None
17:51:40 DEBUG urllib3.connectionpool › https://sheets.googleapis.com:443 "GET /v4/spreadsheets/1DazUQxspLgT0utOFHcTINbFngXw7Fq0LOq6v4lRGixg/values/%27tiktokRegiao%27%21A1%3A1 HTTP/1.1" 200 None
17:51:40 WARNING treat.utils.validations › [Validação] 1 valor(es) de 'ad_group_name' fora da BI_PARAMETRIZAÇÃO (taxonomy_ad_group_name): ['"2025_3_BR_ALC_CPM_BRASIL, 18+, POPULAÇÃO EM GERAL + PERSONA ""DONAS DE PEQUENOS NEGÓCIOS"" + COBERTURA DE PALAVRAS-CHAVE RELACIONADAS"']
17:51:40 WARNING treat.utils.validations › [Validação] 6 valor(es) de 'ad_name' fora da BI_PARAMETRIZAÇÃO (taxonomy_ad_name): ['2025_3_BR_VÍDEO_MANIFESTO_ACAO_DBT_SBRAE_2025_EMP_FEM0070', '2025_3_BR_VÍDEO_MANIFESTO_ACAO_DBT_SBRAE_2025_EMP_FEM0071', '2025_3_BR_VÍDEO_MANIFESTO_ACAO_DBT_SBRAE_2025_EMP_FEM0069', '2025_3_BR_VÍDEO_TTCX_GAB_ACAO_DBT_SBRAE_2025_EMP_FEM0199', '2025_3_BR_VÍDEO_TTCX_GIOVANA_ACAO_DBT_SBRAE_2025_EMP_FEM0197', '2025_3_BR_VÍDEO_TTCX_ISABELA_ACAO_DBT_SBRAE_2025_EMP_FEM0198']
17:51:40 DEBUG root › [aplicar_substituicoes_objetivo] Substituições aplicadas na coluna 'Objetivo'
17:51:40 INFO treat.utils.validations › [Validação] Totais de impressions e cost conferem: 85925942 imp, 351383.54 cost
17:51:40 WARNING treat.utils.validations › [Validação] Coluna 'URL_do_Anuncio' vazia em 3023 linha(s): 0, 1, 2, 3, 4, 5, 6, 7, 8, 9, …
17:51:40 INFO load.origin_writer › ℹ️  Preparando write-back origin para 'tiktokRegiao': 3023 linhas × 15 colunas (com cabeçalho) = 45,360 células
17:51:43 DEBUG urllib3.connectionpool › https://sheets.googleapis.com:443 "POST /v4/spreadsheets/1DazUQxspLgT0utOFHcTINbFngXw7Fq0LOq6v4lRGixg/values:batchUpdate HTTP/1.1" 200 None
17:51:43 INFO load.origin_writer › ✅ Write-back concluído para 'tiktokRegiao' (3023 linhas × 15 colunas)
17:51:43 INFO load.dest_writer › Destino 'regiao': nenhuma linha nova para gravar
17:51:43 DEBUG __main__ › Aba 'tiktokRegiao' processada – resultados armazenados
17:51:43 DEBUG urllib3.connectionpool › https://sheets.googleapis.com:443 "GET /v4/spreadsheets/1DazUQxspLgT0utOFHcTINbFngXw7Fq0LOq6v4lRGixg?includeGridData=false HTTP/1.1" 200 None
17:51:44 DEBUG urllib3.connectionpool › https://sheets.googleapis.com:443 "GET /v4/spreadsheets/1DazUQxspLgT0utOFHcTINbFngXw7Fq0LOq6v4lRGixg/values/%27tiktokAlcance%27%21A1%3A1 HTTP/1.1" 200 None
17:51:44 WARNING treat.utils.validations › [Validação] 1 valor(es) de 'ad_group_name' fora da BI_PARAMETRIZAÇÃO (taxonomy_ad_group_name): ['"2025_3_BR_ALC_CPM_BRASIL, 18+, POPULAÇÃO EM GERAL + PERSONA ""DONAS DE PEQUENOS NEGÓCIOS"" + COBERTURA DE PALAVRAS-CHAVE RELACIONADAS"']
17:51:44 WARNING treat.utils.validations › [Validação] 8 valor(es) de 'ad_name' fora da BI_PARAMETRIZAÇÃO (taxonomy_ad_name): ['2025_3_BR_VÍDEO_MANIFESTO_ACAO_DBT_SBRAE_2025_EMP_FEM0070', '2025_3_BR_VÍDEO_MANIFESTO_ACAO_DBT_SBRAE_2025_EMP_FEM0071', '2025_3_BR_VÍDEO_MANIFESTO_ACAO_DBT_SBRAE_2025_EMP_FEM0069', '2025_3_BR_VÍDEO_TTCX_GAB_ACAO_DBT_SBRAE_2025_EMP_FEM0199', '2025_3_BR_VÍDEO_TTCX_GIOVANA_ACAO_DBT_SBRAE_2025_EMP_FEM0197', '2025_3_BR_VÍDEO_TTCX_ISABELA_ACAO_DBT_SBRAE_2025_EMP_FEM0198', '2025_3_BR_VÍDEO_PANTANAL_CERRADO_ANA_LUISA_ACAO_DBT_SBRAE_2025_CER_PAN0202', '2025_3_BR_VÍDEO_PANTANAL_CERRADO_BABI_ACAO_DBT_SBRAE_2025_CER_PAN0201']
17:51:44 DEBUG root › [aplicar_substituicoes_objetivo] Substituições aplicadas na coluna 'Objetivo'
17:51:44 WARNING treat.utils.validations › [Validação] Coluna 'cost' ausente em df_raw ou df_ok; pulando aggregate check
17:51:44 WARNING treat.utils.validations › [Validação] Coluna 'placement' vazia em 3 linha(s): 38, 45, 52
17:51:44 WARNING treat.utils.validations › [Validação] Coluna 'URL_do_Anuncio' vazia em 127 linha(s): 0, 1, 2, 3, 4, 5, 6, 7, 8, 9, …
17:51:44 INFO load.origin_writer › ℹ️  Preparando write-back origin para 'tiktokAlcance': 127 linhas × 12 colunas (com cabeçalho) = 1,536 células
17:51:44 DEBUG urllib3.connectionpool › https://sheets.googleapis.com:443 "POST /v4/spreadsheets/1DazUQxspLgT0utOFHcTINbFngXw7Fq0LOq6v4lRGixg/values:batchUpdate HTTP/1.1" 200 None
17:51:44 INFO load.origin_writer › ✅ Write-back concluído para 'tiktokAlcance' (127 linhas × 12 colunas)
17:51:44 INFO load.dest_writer › Destino 'alcance': nenhuma linha nova para gravar
17:51:44 DEBUG __main__ › Aba 'tiktokAlcance' processada – resultados armazenados
17:51:45 DEBUG urllib3.connectionpool › https://sheets.googleapis.com:443 "GET /v4/spreadsheets/1DazUQxspLgT0utOFHcTINbFngXw7Fq0LOq6v4lRGixg?includeGridData=false HTTP/1.1" 200 None
17:51:45 DEBUG urllib3.connectionpool › https://sheets.googleapis.com:443 "GET /v4/spreadsheets/1DazUQxspLgT0utOFHcTINbFngXw7Fq0LOq6v4lRGixg/values/%27pinterestGeral%27%21A1%3A1 HTTP/1.1" 200 None
17:51:45 WARNING treat.utils.validations › [Validação] 2 valor(es) de 'ad_group_name' fora da BI_PARAMETRIZAÇÃO (taxonomy_ad_group_name): ['2025_3_BR_ALC_CPC_BRASIL, 18+, POPULAÇÃO EM GERAL +BRASIL, 18+, POPULAÇÃO EM GERAL + COBERTURA DE PALAVRAS-CHAVE RELACIONADAS', '2025_3_BR_ALC_CPM_BRASIL, 18+, POPULAÇÃO EM GERAL +BRASIL, 18+, POPULAÇÃO EM GERAL + COBERTURA DE PALAVRAS-CHAVE RELACIONADAS']
17:51:45 WARNING treat.utils.validations › [Validação] 6 valor(es) de 'ad_name' fora da BI_PARAMETRIZAÇÃO (taxonomy_ad_name): ['2025_3_BR_CARD_NAT_ACAO_DBT_SBRAE_2025_EMP_FEM0104', '2025_3_BR_CARD_SILVANA_ACAO_DBT_SBRAE_2025_EMP_FEM0115', '2025_3_BR_VÍDEO_MANIFESTO_ACAO_DBT_SBRAE_2025_EMP_FEM0103', '2025_3_BR_VÍDEO_MANIFESTO_ACAO_DBT_SBRAE_2025_EMP_FEM0111', '2025_3_EMPREENDEDORISMO FEMININO_ALC_COMERCIALIZAÇÃO_CPM', '2025_3_BR_CARD_CINTIA_ACAO_DBT_SBRAE_2025_EMP_FEM0113']
17:51:45 DEBUG root › [aplicar_substituicoes_objetivo] Substituições aplicadas na coluna 'Objetivo'
17:51:45 INFO treat.utils.validations › [Validação] Totais de impressions e cost conferem: 23660586 imp, 71701.32 cost
17:51:45 INFO load.origin_writer › ℹ️  Preparando write-back origin para 'pinterestGeral': 905 linhas × 21 colunas (com cabeçalho) = 19,026 células
17:51:46 DEBUG urllib3.connectionpool › https://sheets.googleapis.com:443 "POST /v4/spreadsheets/1DazUQxspLgT0utOFHcTINbFngXw7Fq0LOq6v4lRGixg/values:batchUpdate HTTP/1.1" 200 None
17:51:46 INFO load.origin_writer › ✅ Write-back concluído para 'pinterestGeral' (905 linhas × 21 colunas)
17:51:46 INFO load.dest_writer › Destino 'geral': nenhuma linha nova para gravar
17:51:46 DEBUG __main__ › Aba 'pinterestGeral' processada – resultados armazenados
17:51:47 DEBUG urllib3.connectionpool › https://sheets.googleapis.com:443 "GET /v4/spreadsheets/1DazUQxspLgT0utOFHcTINbFngXw7Fq0LOq6v4lRGixg?includeGridData=false HTTP/1.1" 200 None
17:51:47 DEBUG urllib3.connectionpool › https://sheets.googleapis.com:443 "GET /v4/spreadsheets/1DazUQxspLgT0utOFHcTINbFngXw7Fq0LOq6v4lRGixg/values/%27pinterestGenero%27%21A1%3A1 HTTP/1.1" 200 None
17:51:47 INFO load.origin_writer › ℹ️  Preparando write-back origin para 'pinterestGenero': 1 linhas × 13 colunas (com cabeçalho) = 26 células
17:51:47 DEBUG urllib3.connectionpool › https://sheets.googleapis.com:443 "POST /v4/spreadsheets/1DazUQxspLgT0utOFHcTINbFngXw7Fq0LOq6v4lRGixg/values:batchUpdate HTTP/1.1" 200 None
17:51:47 INFO load.origin_writer › ✅ Write-back concluído para 'pinterestGenero' (1 linhas × 13 colunas)
17:51:47 INFO extract.sheets_fetcher › 🔄 batchGet tentativa para ranges: ['pinterestGeral!A:ZZ']
17:51:47 DEBUG googleapiclient.discovery › URL being requested: GET https://sheets.googleapis.com/v4/spreadsheets/1DazUQxspLgT0utOFHcTINbFngXw7Fq0LOq6v4lRGixg/values:batchGet?ranges=pinterestGeral%21A%3AZZ&alt=json
17:51:48 INFO extract.sheets_fetcher › 🔍 range completo retornado pela API: pinterestGeral!A1:U906
17:51:48 INFO extract.sheets_fetcher › 📡 batchGet 1 ranges
17:51:48 INFO treat.utils.merges.pinterest.pinterest_dimension_pin_id_merge › ✅ merge_pinterest_dimension – 0 linhas (gender)
17:51:48 INFO load.dest_writer › Destino 'genero': DataFrame vazio – nada a gravar
17:51:48 DEBUG __main__ › Aba 'pinterestGenero' processada – resultados armazenados
17:51:48 DEBUG urllib3.connectionpool › https://sheets.googleapis.com:443 "GET /v4/spreadsheets/1DazUQxspLgT0utOFHcTINbFngXw7Fq0LOq6v4lRGixg?includeGridData=false HTTP/1.1" 200 None
17:51:48 DEBUG urllib3.connectionpool › https://sheets.googleapis.com:443 "GET /v4/spreadsheets/1DazUQxspLgT0utOFHcTINbFngXw7Fq0LOq6v4lRGixg/values/%27pinterestIdade%27%21A1%3A1 HTTP/1.1" 200 None
17:51:48 INFO load.origin_writer › ℹ️  Preparando write-back origin para 'pinterestIdade': 1 linhas × 13 colunas (com cabeçalho) = 26 células
17:51:49 DEBUG urllib3.connectionpool › https://sheets.googleapis.com:443 "POST /v4/spreadsheets/1DazUQxspLgT0utOFHcTINbFngXw7Fq0LOq6v4lRGixg/values:batchUpdate HTTP/1.1" 200 None
17:51:49 INFO load.origin_writer › ✅ Write-back concluído para 'pinterestIdade' (1 linhas × 13 colunas)
17:51:49 INFO extract.sheets_fetcher › 📥 Cache hit para ('pinterestGeral',)
17:51:49 INFO treat.utils.merges.pinterest.pinterest_dimension_pin_id_merge › ✅ merge_pinterest_dimension – 0 linhas (age)
17:51:49 INFO load.dest_writer › Destino 'idade': DataFrame vazio – nada a gravar
17:51:49 DEBUG __main__ › Aba 'pinterestIdade' processada – resultados armazenados
17:51:49 DEBUG urllib3.connectionpool › https://sheets.googleapis.com:443 "GET /v4/spreadsheets/1DazUQxspLgT0utOFHcTINbFngXw7Fq0LOq6v4lRGixg?includeGridData=false HTTP/1.1" 200 None
17:51:50 DEBUG urllib3.connectionpool › https://sheets.googleapis.com:443 "GET /v4/spreadsheets/1DazUQxspLgT0utOFHcTINbFngXw7Fq0LOq6v4lRGixg/values/%27pinterestRegiao%27%21A1%3A1 HTTP/1.1" 200 None
17:51:50 INFO load.origin_writer › ℹ️  Preparando write-back origin para 'pinterestRegiao': 1 linhas × 13 colunas (com cabeçalho) = 26 células
17:51:50 DEBUG urllib3.connectionpool › https://sheets.googleapis.com:443 "POST /v4/spreadsheets/1DazUQxspLgT0utOFHcTINbFngXw7Fq0LOq6v4lRGixg/values:batchUpdate HTTP/1.1" 200 None
17:51:50 INFO load.origin_writer › ✅ Write-back concluído para 'pinterestRegiao' (1 linhas × 13 colunas)
17:51:50 INFO extract.sheets_fetcher › 📥 Cache hit para ('pinterestGeral',)
17:51:50 INFO treat.utils.merges.pinterest.pinterest_dimension_pin_id_merge › ✅ merge_pinterest_dimension – 0 linhas (region)
17:51:50 INFO load.dest_writer › Destino 'regiao': DataFrame vazio – nada a gravar
17:51:50 DEBUG __main__ › Aba 'pinterestRegiao' processada – resultados armazenados
17:51:50 DEBUG urllib3.connectionpool › https://sheets.googleapis.com:443 "GET /v4/spreadsheets/1DazUQxspLgT0utOFHcTINbFngXw7Fq0LOq6v4lRGixg?includeGridData=false HTTP/1.1" 200 None
17:51:51 DEBUG urllib3.connectionpool › https://sheets.googleapis.com:443 "GET /v4/spreadsheets/1DazUQxspLgT0utOFHcTINbFngXw7Fq0LOq6v4lRGixg/values/%27pinterestAlcance%27%21A1%3A1 HTTP/1.1" 200 None
17:51:51 DEBUG root › [aplicar_substituicoes_objetivo] Substituições aplicadas na coluna 'Objetivo'
17:51:51 WARNING treat.utils.validations › [Validação] Coluna 'impressions' ausente em df_raw ou df_ok; pulando aggregate check
17:51:51 INFO load.origin_writer › ℹ️  Preparando write-back origin para 'pinterestAlcance': 0 linhas × 14 colunas (com cabeçalho) = 28 células
17:51:51 DEBUG urllib3.connectionpool › https://sheets.googleapis.com:443 "POST /v4/spreadsheets/1DazUQxspLgT0utOFHcTINbFngXw7Fq0LOq6v4lRGixg/values:batchUpdate HTTP/1.1" 200 None
17:51:51 INFO load.origin_writer › ✅ Write-back concluído para 'pinterestAlcance' (0 linhas × 14 colunas)
17:51:51 INFO load.dest_writer › Destino 'alcance': DataFrame vazio – nada a gravar
17:51:51 DEBUG __main__ › Aba 'pinterestAlcance' processada – resultados armazenados
17:51:51 DEBUG urllib3.connectionpool › https://sheets.googleapis.com:443 "GET /v4/spreadsheets/1DazUQxspLgT0utOFHcTINbFngXw7Fq0LOq6v4lRGixg?includeGridData=false HTTP/1.1" 200 None
17:51:52 DEBUG urllib3.connectionpool › https://sheets.googleapis.com:443 "GET /v4/spreadsheets/1DazUQxspLgT0utOFHcTINbFngXw7Fq0LOq6v4lRGixg/values/%27linkedinGeral%27%21A1%3A1 HTTP/1.1" 200 None
17:51:52 WARNING treat.utils.validations › [Validação] Coluna 'ad_group_name' inexistente em df_ok
17:51:52 DEBUG treat.utils.atribuicoes_via_lookup › >>> atribuir_veiculo_por_criativo (usando BIParamLookup)
17:51:52 WARNING treat.utils.atribuicoes_via_lookup › Colunas 'CRIATIVO' ou 'VEÍCULOS' não encontradas em BI_PARAMETRIZAÇÃO.
17:51:52 DEBUG root › Exemplo de mapeamentos de preview gerados para LinkedIn:
17:51:52 DEBUG root › dbt_sbrae_2025_catalisa0000 -> https://www.instagram.com/p/DGdXuL7AGY0/#advertiser
17:51:52 DEBUG root › dbt_sbrae_2025_catalisa0001 -> https://www.instagram.com/p/DGdXuL7AGY0/#advertiser
17:51:52 DEBUG root › dbt_sbrae_2025_catalisa0002 -> https://www.instagram.com/p/DGgVgE6gMQ8/#advertiser
17:51:52 DEBUG root › dbt_sbrae_2025_catalisa0003 -> https://www.instagram.com/p/DGdXuL7AGY0/#advertiser
17:51:52 DEBUG root › dbt_sbrae_2025_catalisa0004 -> https://www.instagram.com/p/DGgVgE6gMQ8/#advertiser
17:51:52 DEBUG urllib3.util.retry › Converted retries value: 3 -> Retry(total=3, connect=None, read=None, redirect=None, status=None)
17:51:52 DEBUG urllib3.connectionpool › Starting new HTTPS connection (1): oauth2.googleapis.com:443
17:51:52 DEBUG urllib3.connectionpool › https://oauth2.googleapis.com:443 "POST /token HTTP/1.1" 200 None
17:51:52 DEBUG urllib3.connectionpool › Starting new HTTPS connection (1): sheets.googleapis.com:443
17:51:53 DEBUG urllib3.connectionpool › https://sheets.googleapis.com:443 "GET /v4/spreadsheets/1DazUQxspLgT0utOFHcTINbFngXw7Fq0LOq6v4lRGixg?includeGridData=false HTTP/1.1" 200 None
17:51:53 DEBUG urllib3.connectionpool › https://sheets.googleapis.com:443 "GET /v4/spreadsheets/1DazUQxspLgT0utOFHcTINbFngXw7Fq0LOq6v4lRGixg?includeGridData=false HTTP/1.1" 200 None
17:51:53 DEBUG urllib3.connectionpool › https://sheets.googleapis.com:443 "GET /v4/spreadsheets/1DazUQxspLgT0utOFHcTINbFngXw7Fq0LOq6v4lRGixg/values/%27BI_PARAMETRIZA%C3%87%C3%83O%27 HTTP/1.1" 200 None
17:51:54 DEBUG root › [aplicar_substituicoes_objetivo] Substituições aplicadas na coluna 'Objetivo'
17:51:54 INFO treat.utils.validations › [Validação] Totais de impressions e cost conferem: 0 imp, 0.00 cost
17:51:54 INFO load.origin_writer › ℹ️  Preparando write-back origin para 'linkedinGeral': 0 linhas × 21 colunas (com cabeçalho) = 42 células
17:51:54 DEBUG urllib3.connectionpool › https://sheets.googleapis.com:443 "POST /v4/spreadsheets/1DazUQxspLgT0utOFHcTINbFngXw7Fq0LOq6v4lRGixg/values:batchUpdate HTTP/1.1" 200 None
17:51:54 INFO load.origin_writer › ✅ Write-back concluído para 'linkedinGeral' (0 linhas × 21 colunas)
17:51:54 INFO load.dest_writer › Destino 'geral': DataFrame vazio – nada a gravar
17:51:54 DEBUG __main__ › Aba 'linkedinGeral' processada – resultados armazenados
17:51:54 DEBUG urllib3.connectionpool › https://sheets.googleapis.com:443 "GET /v4/spreadsheets/1DazUQxspLgT0utOFHcTINbFngXw7Fq0LOq6v4lRGixg?includeGridData=false HTTP/1.1" 200 None
17:51:55 DEBUG urllib3.connectionpool › https://sheets.googleapis.com:443 "GET /v4/spreadsheets/1DazUQxspLgT0utOFHcTINbFngXw7Fq0LOq6v4lRGixg/values/%27linkedinRegiao%27%21A1%3A1 HTTP/1.1" 200 None
17:51:55 WARNING treat.utils.validations › [Validação] Coluna 'ad_group_name' inexistente em df_ok
17:51:55 WARNING treat.utils.validations › [Validação] Coluna 'ad_name' inexistente em df_ok
17:51:55 DEBUG treat.bi_param_utils › [BIParamLookup] coluna 'ad_name' ausente; skip fill_utm_content
17:51:55 DEBUG treat.utils.atribuicoes_via_lookup › >>> atribuir_veiculo_por_criativo (usando BIParamLookup)
17:51:55 WARNING treat.utils.atribuicoes_via_lookup › Colunas 'CRIATIVO' ou 'VEÍCULOS' não encontradas em BI_PARAMETRIZAÇÃO.
17:51:55 DEBUG root › Exemplo de mapeamentos de preview gerados para LinkedIn:
17:51:55 DEBUG root › dbt_sbrae_2025_catalisa0000 -> https://www.instagram.com/p/DGdXuL7AGY0/#advertiser
17:51:55 DEBUG root › dbt_sbrae_2025_catalisa0001 -> https://www.instagram.com/p/DGdXuL7AGY0/#advertiser
17:51:55 DEBUG root › dbt_sbrae_2025_catalisa0002 -> https://www.instagram.com/p/DGgVgE6gMQ8/#advertiser
17:51:55 DEBUG root › dbt_sbrae_2025_catalisa0003 -> https://www.instagram.com/p/DGdXuL7AGY0/#advertiser
17:51:55 DEBUG root › dbt_sbrae_2025_catalisa0004 -> https://www.instagram.com/p/DGgVgE6gMQ8/#advertiser
17:51:55 DEBUG urllib3.util.retry › Converted retries value: 3 -> Retry(total=3, connect=None, read=None, redirect=None, status=None)
17:51:55 DEBUG urllib3.connectionpool › Starting new HTTPS connection (1): oauth2.googleapis.com:443
17:51:55 DEBUG urllib3.connectionpool › https://oauth2.googleapis.com:443 "POST /token HTTP/1.1" 200 None
17:51:55 DEBUG urllib3.connectionpool › Starting new HTTPS connection (1): sheets.googleapis.com:443
17:51:55 DEBUG urllib3.connectionpool › https://sheets.googleapis.com:443 "GET /v4/spreadsheets/1DazUQxspLgT0utOFHcTINbFngXw7Fq0LOq6v4lRGixg?includeGridData=false HTTP/1.1" 200 None
17:51:56 DEBUG urllib3.connectionpool › https://sheets.googleapis.com:443 "GET /v4/spreadsheets/1DazUQxspLgT0utOFHcTINbFngXw7Fq0LOq6v4lRGixg?includeGridData=false HTTP/1.1" 200 None
17:51:56 DEBUG urllib3.connectionpool › https://sheets.googleapis.com:443 "GET /v4/spreadsheets/1DazUQxspLgT0utOFHcTINbFngXw7Fq0LOq6v4lRGixg/values/%27BI_PARAMETRIZA%C3%87%C3%83O%27 HTTP/1.1" 200 None
17:51:56 DEBUG root › [aplicar_substituicoes_objetivo] Substituições aplicadas na coluna 'Objetivo'
17:51:56 INFO treat.utils.validations › [Validação] Totais de impressions e cost conferem: 0 imp, 0.00 cost
17:51:56 INFO load.origin_writer › ℹ️  Preparando write-back origin para 'linkedinRegiao': 0 linhas × 13 colunas (com cabeçalho) = 26 células
17:51:56 DEBUG urllib3.connectionpool › https://sheets.googleapis.com:443 "POST /v4/spreadsheets/1DazUQxspLgT0utOFHcTINbFngXw7Fq0LOq6v4lRGixg/values:batchUpdate HTTP/1.1" 200 None
17:51:56 INFO load.origin_writer › ✅ Write-back concluído para 'linkedinRegiao' (0 linhas × 13 colunas)
17:51:56 INFO load.dest_writer › Destino 'regiao': DataFrame vazio – nada a gravar
17:51:56 DEBUG __main__ › Aba 'linkedinRegiao' processada – resultados armazenados
17:51:57 DEBUG urllib3.connectionpool › https://sheets.googleapis.com:443 "GET /v4/spreadsheets/1DazUQxspLgT0utOFHcTINbFngXw7Fq0LOq6v4lRGixg?includeGridData=false HTTP/1.1" 200 None
17:51:57 DEBUG urllib3.connectionpool › https://sheets.googleapis.com:443 "GET /v4/spreadsheets/1DazUQxspLgT0utOFHcTINbFngXw7Fq0LOq6v4lRGixg/values/%27linkedinAlcance%27%21A1%3A1 HTTP/1.1" 200 None
17:51:57 WARNING treat.utils.validations › [Validação] Coluna 'ad_group_name' inexistente em df_ok
17:51:57 WARNING treat.utils.validations › [Validação] Coluna 'ad_name' inexistente em df_ok
17:51:57 DEBUG treat.bi_param_utils › [BIParamLookup] coluna 'ad_name' ausente; skip fill_utm_content
17:51:57 DEBUG treat.utils.atribuicoes_via_lookup › >>> atribuir_veiculo_por_criativo (usando BIParamLookup)
17:51:57 WARNING treat.utils.atribuicoes_via_lookup › Colunas 'CRIATIVO' ou 'VEÍCULOS' não encontradas em BI_PARAMETRIZAÇÃO.
17:51:57 DEBUG root › Exemplo de mapeamentos de preview gerados para LinkedIn:
17:51:57 DEBUG root › dbt_sbrae_2025_catalisa0000 -> https://www.instagram.com/p/DGdXuL7AGY0/#advertiser
17:51:57 DEBUG root › dbt_sbrae_2025_catalisa0001 -> https://www.instagram.com/p/DGdXuL7AGY0/#advertiser
17:51:57 DEBUG root › dbt_sbrae_2025_catalisa0002 -> https://www.instagram.com/p/DGgVgE6gMQ8/#advertiser
17:51:57 DEBUG root › dbt_sbrae_2025_catalisa0003 -> https://www.instagram.com/p/DGdXuL7AGY0/#advertiser
17:51:57 DEBUG root › dbt_sbrae_2025_catalisa0004 -> https://www.instagram.com/p/DGgVgE6gMQ8/#advertiser
17:51:57 DEBUG urllib3.util.retry › Converted retries value: 3 -> Retry(total=3, connect=None, read=None, redirect=None, status=None)
17:51:57 DEBUG urllib3.connectionpool › Starting new HTTPS connection (1): oauth2.googleapis.com:443
17:51:58 DEBUG urllib3.connectionpool › https://oauth2.googleapis.com:443 "POST /token HTTP/1.1" 200 None
17:51:58 DEBUG urllib3.connectionpool › Starting new HTTPS connection (1): sheets.googleapis.com:443
17:51:58 DEBUG urllib3.connectionpool › https://sheets.googleapis.com:443 "GET /v4/spreadsheets/1DazUQxspLgT0utOFHcTINbFngXw7Fq0LOq6v4lRGixg?includeGridData=false HTTP/1.1" 200 None
17:51:58 DEBUG urllib3.connectionpool › https://sheets.googleapis.com:443 "GET /v4/spreadsheets/1DazUQxspLgT0utOFHcTINbFngXw7Fq0LOq6v4lRGixg?includeGridData=false HTTP/1.1" 200 None
17:51:59 DEBUG urllib3.connectionpool › https://sheets.googleapis.com:443 "GET /v4/spreadsheets/1DazUQxspLgT0utOFHcTINbFngXw7Fq0LOq6v4lRGixg/values/%27BI_PARAMETRIZA%C3%87%C3%83O%27 HTTP/1.1" 200 None
17:51:59 DEBUG root › [aplicar_substituicoes_objetivo] Substituições aplicadas na coluna 'Objetivo'
17:51:59 WARNING treat.utils.validations › [Validação] Coluna 'cost' ausente em df_raw ou df_ok; pulando aggregate check
17:51:59 INFO load.origin_writer › ℹ️  Preparando write-back origin para 'linkedinAlcance': 0 linhas × 10 colunas (com cabeçalho) = 20 células
17:51:59 DEBUG urllib3.connectionpool › https://sheets.googleapis.com:443 "POST /v4/spreadsheets/1DazUQxspLgT0utOFHcTINbFngXw7Fq0LOq6v4lRGixg/values:batchUpdate HTTP/1.1" 200 None
17:51:59 INFO load.origin_writer › ✅ Write-back concluído para 'linkedinAlcance' (0 linhas × 10 colunas)
17:51:59 INFO load.dest_writer › Destino 'alcance': DataFrame vazio – nada a gravar
17:51:59 DEBUG __main__ › Aba 'linkedinAlcance' processada – resultados armazenados
17:51:59 INFO __main__ › 🔸 GAGeral: apenas write-back de origem; destino será ignorado
17:52:00 DEBUG urllib3.connectionpool › https://sheets.googleapis.com:443 "GET /v4/spreadsheets/1DazUQxspLgT0utOFHcTINbFngXw7Fq0LOq6v4lRGixg?includeGridData=false HTTP/1.1" 200 None
17:52:00 DEBUG urllib3.connectionpool › https://sheets.googleapis.com:443 "GET /v4/spreadsheets/1DazUQxspLgT0utOFHcTINbFngXw7Fq0LOq6v4lRGixg/values/%27GAGeral%27%21A1%3A1 HTTP/1.1" 200 None
17:52:00 WARNING treat.utils.validations › [Validação] 2 valor(es) de 'campaign_name' fora da BI_PARAMETRIZAÇÃO (taxonomy_campaign_name): ['dbt_sbrae_2025_catalisa', 'dbt_sbrae_2025_emp_fem']
17:52:00 WARNING treat.utils.validations › [Validação] Coluna 'ad_group_name' vazia em 4692 linha(s)
17:52:00 WARNING treat.utils.validations › [Validação] Coluna 'ad_name' vazia em 4692 linha(s)
17:52:00 DEBUG root › [aplicar_substituicoes_objetivo] Substituições aplicadas na coluna 'Objetivo'
17:52:00 WARNING treat.utils.validations › [Validação] Coluna 'impressions' ausente em df_raw ou df_ok; pulando aggregate check
17:52:00 WARNING treat.utils.validations › [Validação] Coluna 'ID_Veiculo' vazia em 4692 linha(s): 0, 1, 2, 3, 4, 5, 6, 7, 8, 9, …
17:52:00 WARNING treat.utils.validations › [Validação] Coluna 'ad_group_name' vazia em 4692 linha(s): 0, 1, 2, 3, 4, 5, 6, 7, 8, 9, …
17:52:00 WARNING treat.utils.validations › [Validação] Coluna 'ad_name' vazia em 4692 linha(s): 0, 1, 2, 3, 4, 5, 6, 7, 8, 9, …
17:52:00 INFO load.origin_writer › ℹ️  Preparando write-back origin para 'GAGeral': 4692 linhas × 24 colunas (com cabeçalho) = 112,632 células
17:52:04 DEBUG urllib3.connectionpool › https://sheets.googleapis.com:443 "POST /v4/spreadsheets/1DazUQxspLgT0utOFHcTINbFngXw7Fq0LOq6v4lRGixg/values:batchUpdate HTTP/1.1" 200 None
17:52:04 INFO load.origin_writer › ✅ Write-back concluído para 'GAGeral' (4692 linhas × 24 colunas)
17:52:04 INFO __main__ › 🔸 GAGeral: write-back de destino ignorado (Google Analytics)
17:52:04 DEBUG __main__ › Aba 'GAGeral' processada – resultados armazenados
17:52:04 INFO __main__ › ✅ Processamento de todas as abas concluído
17:52:04 INFO __main__ › 🔍 Validando consistência de datas entre modelos …
17:52:04 WARNING treat.utils.validations › [Consistência Datas] Aba metaGeral: campanha='Empreendedorismo Feminino', veículo='Facebook' tem múltiplos start: {'2025-03-08', '2025-03-20'}
17:52:04 WARNING treat.utils.validations › [Consistência Datas] Aba metaGeral: campanha='Empreendedorismo Feminino', veículo='Instagram' tem múltiplos start: {'2025-03-08', '2025-03-20'}
17:52:04 WARNING treat.utils.validations › [Consistência Datas] Aba metaGeral: campanha='Inova Cerrado e Pantanal', veículo='Facebook' tem múltiplos start: {'2025-03-12', '2025-03-13'}
17:52:04 WARNING treat.utils.validations › [Consistência Datas] Aba metaGeral: campanha='Inova Pantanal', veículo='Facebook' tem múltiplos start: {'2025-03-12', '2025-03-13'}
17:52:04 WARNING treat.utils.validations › [Consistência Datas] Aba metaGeral: campanha='Inova Cerrado e Pantanal', veículo='Instagram' tem múltiplos start: {'2025-03-12', '2025-03-13'}
17:52:04 WARNING treat.utils.validations › [Consistência Datas] Aba metaGeral: campanha='Inova Pantanal', veículo='Instagram' tem múltiplos start: {'2025-03-12', '2025-03-13'}
17:52:04 WARNING treat.utils.validations › [Consistência Datas] Aba tiktokGeral: campanha='Empreendedorismo Feminino', veículo='TikTok' tem múltiplos start: {'2025-03-08', '2025-03-21'}
17:52:04 WARNING treat.utils.validations › [Consistência Datas] Aba tiktokGeral: campanha='Empreendedorismo Feminino', veículo='TikTok' tem múltiplos end: {'2025-04-04', '2025-03-31', '2025-04-01'}
17:52:04 WARNING treat.utils.validations › [Consistência Datas] Entre abas: campanha='Inova Pantanal', veículo='Instagram' tem inconsistência start/end em metaGeral
17:52:04 WARNING treat.utils.validations › [Consistência Datas] Entre abas: campanha='Empreendedorismo Feminino', veículo='Instagram' tem inconsistência start/end em metaGeral
17:52:04 WARNING treat.utils.validations › [Consistência Datas] Entre abas: campanha='Empreendedorismo Feminino', veículo='TikTok' tem inconsistência start/end em tiktokGeral
17:52:04 WARNING treat.utils.validations › [Consistência Datas] Entre abas: campanha='Inova Pantanal', veículo='Facebook' tem inconsistência start/end em metaGeral
17:52:04 WARNING treat.utils.validations › [Consistência Datas] Entre abas: campanha='Empreendedorismo Feminino', veículo='Facebook' tem inconsistência start/end em metaGeral
17:52:04 WARNING treat.utils.validations › [Consistência Datas] Entre abas: campanha='Inova Cerrado e Pantanal', veículo='Instagram' tem inconsistência start/end em metaGeral
17:52:04 WARNING treat.utils.validations › [Consistência Datas] Entre abas: campanha='Inova Cerrado e Pantanal', veículo='Facebook' tem inconsistência start/end em metaGeral
17:52:04 WARNING __main__ › 💥 Inconsistências encontradas:
17:52:04 INFO extract.sheets_fetcher › 🔄 batchGet tentativa para ranges: ['metaGeral!A:ZZ', 'metaIdade!A:ZZ', 'metaGenero!A:ZZ', 'metaRegiao!A:ZZ', 'metaAlcance!A:ZZ', 'tiktokGeral!A:ZZ', 'tiktokIdade!A:ZZ', 'tiktokGenero!A:ZZ', 'tiktokRegiao!A:ZZ', 'tiktokAlcance!A:ZZ', 'pinterestGeral!A:ZZ', 'pinterestGenero!A:ZZ', 'pinterestIdade!A:ZZ', 'pinterestRegiao!A:ZZ', 'pinterestAlcance!A:ZZ', 'linkedinGeral!A:ZZ', 'linkedinRegiao!A:ZZ', 'linkedinAlcance!A:ZZ', 'GAGeral!A:ZZ']
17:52:04 DEBUG googleapiclient.discovery › URL being requested: GET https://sheets.googleapis.com/v4/spreadsheets/1DazUQxspLgT0utOFHcTINbFngXw7Fq0LOq6v4lRGixg/values:batchGet?ranges=metaGeral%21A%3AZZ&ranges=metaIdade%21A%3AZZ&ranges=metaGenero%21A%3AZZ&ranges=metaRegiao%21A%3AZZ&ranges=metaAlcance%21A%3AZZ&ranges=tiktokGeral%21A%3AZZ&ranges=tiktokIdade%21A%3AZZ&ranges=tiktokGenero%21A%3AZZ&ranges=tiktokRegiao%21A%3AZZ&ranges=tiktokAlcance%21A%3AZZ&ranges=pinterestGeral%21A%3AZZ&ranges=pinterestGenero%21A%3AZZ&ranges=pinterestIdade%21A%3AZZ&ranges=pinterestRegiao%21A%3AZZ&ranges=pinterestAlcance%21A%3AZZ&ranges=linkedinGeral%21A%3AZZ&ranges=linkedinRegiao%21A%3AZZ&ranges=linkedinAlcance%21A%3AZZ&ranges=GAGeral%21A%3AZZ&alt=json
17:52:06 INFO extract.sheets_fetcher › 🔍 range completo retornado pela API: metaGeral!A1:AB588
17:52:06 INFO extract.sheets_fetcher › 🔍 range completo retornado pela API: metaIdade!A1:Q2140
17:52:06 INFO extract.sheets_fetcher › 🔍 range completo retornado pela API: metaGenero!A1:T863
17:52:06 INFO extract.sheets_fetcher › 🔍 range completo retornado pela API: metaRegiao!A1:Q10000
17:52:06 INFO extract.sheets_fetcher › 🔍 range completo retornado pela API: metaAlcance!A1:N588
17:52:06 INFO extract.sheets_fetcher › 🔍 range completo retornado pela API: tiktokGeral!A1:W155
17:52:06 INFO extract.sheets_fetcher › 🔍 range completo retornado pela API: tiktokIdade!A1:O747
17:52:06 INFO extract.sheets_fetcher › 🔍 range completo retornado pela API: tiktokGenero!A1:O258
17:52:06 INFO extract.sheets_fetcher › 🔍 range completo retornado pela API: tiktokRegiao!A1:O3024
17:52:06 INFO extract.sheets_fetcher › 🔍 range completo retornado pela API: tiktokAlcance!A1:L128
17:52:06 INFO extract.sheets_fetcher › 🔍 range completo retornado pela API: pinterestGeral!A1:U906
17:52:06 INFO extract.sheets_fetcher › 🔍 range completo retornado pela API: pinterestGenero!A1:M2
17:52:06 INFO extract.sheets_fetcher › 🔍 range completo retornado pela API: pinterestIdade!A1:M2
17:52:06 INFO extract.sheets_fetcher › 🔍 range completo retornado pela API: pinterestRegiao!A1:M2
17:52:06 INFO extract.sheets_fetcher › 🔍 range completo retornado pela API: pinterestAlcance!A1:N2
17:52:06 INFO extract.sheets_fetcher › 🔍 range completo retornado pela API: linkedinGeral!A1:U2
17:52:06 INFO extract.sheets_fetcher › 🔍 range completo retornado pela API: linkedinRegiao!A1:M2
17:52:06 INFO extract.sheets_fetcher › 🔍 range completo retornado pela API: linkedinAlcance!A1:J2
17:52:06 INFO extract.sheets_fetcher › 🔍 range completo retornado pela API: GAGeral!A1:X4693
17:52:06 INFO extract.sheets_fetcher › 📡 batchGet 19 ranges
17:52:06 DEBUG urllib3.util.retry › Converted retries value: 3 -> Retry(total=3, connect=None, read=None, redirect=None, status=None)
17:52:06 DEBUG urllib3.connectionpool › Starting new HTTPS connection (1): oauth2.googleapis.com:443
17:52:06 DEBUG urllib3.connectionpool › https://oauth2.googleapis.com:443 "POST /token HTTP/1.1" 200 None
17:52:06 DEBUG urllib3.connectionpool › Starting new HTTPS connection (1): sheets.googleapis.com:443
17:52:07 DEBUG urllib3.connectionpool › https://sheets.googleapis.com:443 "GET /v4/spreadsheets/1DazUQxspLgT0utOFHcTINbFngXw7Fq0LOq6v4lRGixg?includeGridData=false HTTP/1.1" 200 None
17:52:07 DEBUG urllib3.connectionpool › https://sheets.googleapis.com:443 "GET /v4/spreadsheets/1DazUQxspLgT0utOFHcTINbFngXw7Fq0LOq6v4lRGixg?includeGridData=false HTTP/1.1" 200 None
17:52:07 INFO __main__ › 📊 Top 10 abas que mais ocupam células:
17:52:07 INFO __main__ ›   • modeloGenero: 52441×15 = 786,615 células
17:52:07 INFO __main__ ›   • modeloRegiao: 35018×15 = 525,270 células
17:52:07 INFO __main__ ›   • LINKEDIN NEGOCIOS ALCANÇADOS: 11130×27 = 300,510 células
17:52:07 INFO __main__ ›   • metaPontoControle: 16049×12 = 192,588 células
17:52:07 INFO __main__ ›   • metaRegiao: 10000×17 = 170,000 células
17:52:07 INFO __main__ ›   • modeloGeral: 4693×26 = 122,018 células
17:52:07 INFO __main__ ›   • GAGeral: 4693×24 = 112,632 células
17:52:07 INFO __main__ ›   • SupermetricsQueries: 935×65 = 60,775 células
17:52:07 INFO __main__ ›   • modeloIdade: 4030×15 = 60,450 células
17:52:07 INFO __main__ ›   • tiktokRegiao: 3024×15 = 45,360 células
17:52:07 INFO extract.sheets_fetcher › 🔄 batchGet tentativa para ranges: ['metaGeral!A:ZZ', 'metaIdade!A:ZZ', 'metaGenero!A:ZZ', 'metaRegiao!A:ZZ', 'metaAlcance!A:ZZ', 'tiktokGeral!A:ZZ', 'tiktokIdade!A:ZZ', 'tiktokGenero!A:ZZ', 'tiktokRegiao!A:ZZ', 'tiktokAlcance!A:ZZ', 'pinterestGeral!A:ZZ', 'pinterestGenero!A:ZZ', 'pinterestIdade!A:ZZ', 'pinterestRegiao!A:ZZ', 'pinterestAlcance!A:ZZ', 'linkedinGeral!A:ZZ', 'linkedinRegiao!A:ZZ', 'linkedinAlcance!A:ZZ', 'GAGeral!A:ZZ']
17:52:07 DEBUG googleapiclient.discovery › URL being requested: GET https://sheets.googleapis.com/v4/spreadsheets/1DazUQxspLgT0utOFHcTINbFngXw7Fq0LOq6v4lRGixg/values:batchGet?ranges=metaGeral%21A%3AZZ&ranges=metaIdade%21A%3AZZ&ranges=metaGenero%21A%3AZZ&ranges=metaRegiao%21A%3AZZ&ranges=metaAlcance%21A%3AZZ&ranges=tiktokGeral%21A%3AZZ&ranges=tiktokIdade%21A%3AZZ&ranges=tiktokGenero%21A%3AZZ&ranges=tiktokRegiao%21A%3AZZ&ranges=tiktokAlcance%21A%3AZZ&ranges=pinterestGeral%21A%3AZZ&ranges=pinterestGenero%21A%3AZZ&ranges=pinterestIdade%21A%3AZZ&ranges=pinterestRegiao%21A%3AZZ&ranges=pinterestAlcance%21A%3AZZ&ranges=linkedinGeral%21A%3AZZ&ranges=linkedinRegiao%21A%3AZZ&ranges=linkedinAlcance%21A%3AZZ&ranges=GAGeral%21A%3AZZ&alt=json
17:52:09 INFO extract.sheets_fetcher › 🔍 range completo retornado pela API: metaGeral!A1:AB588
17:52:09 INFO extract.sheets_fetcher › 🔍 range completo retornado pela API: metaIdade!A1:Q2140
17:52:09 INFO extract.sheets_fetcher › 🔍 range completo retornado pela API: metaGenero!A1:T863
17:52:09 INFO extract.sheets_fetcher › 🔍 range completo retornado pela API: metaRegiao!A1:Q10000
17:52:09 INFO extract.sheets_fetcher › 🔍 range completo retornado pela API: metaAlcance!A1:N588
17:52:09 INFO extract.sheets_fetcher › 🔍 range completo retornado pela API: tiktokGeral!A1:W155
17:52:09 INFO extract.sheets_fetcher › 🔍 range completo retornado pela API: tiktokIdade!A1:O747
17:52:09 INFO extract.sheets_fetcher › 🔍 range completo retornado pela API: tiktokGenero!A1:O258
17:52:09 INFO extract.sheets_fetcher › 🔍 range completo retornado pela API: tiktokRegiao!A1:O3024
17:52:09 INFO extract.sheets_fetcher › 🔍 range completo retornado pela API: tiktokAlcance!A1:L128
17:52:09 INFO extract.sheets_fetcher › 🔍 range completo retornado pela API: pinterestGeral!A1:U906
17:52:09 INFO extract.sheets_fetcher › 🔍 range completo retornado pela API: pinterestGenero!A1:M2
17:52:09 INFO extract.sheets_fetcher › 🔍 range completo retornado pela API: pinterestIdade!A1:M2
17:52:09 INFO extract.sheets_fetcher › 🔍 range completo retornado pela API: pinterestRegiao!A1:M2
17:52:09 INFO extract.sheets_fetcher › 🔍 range completo retornado pela API: pinterestAlcance!A1:N2
17:52:09 INFO extract.sheets_fetcher › 🔍 range completo retornado pela API: linkedinGeral!A1:U2
17:52:09 INFO extract.sheets_fetcher › 🔍 range completo retornado pela API: linkedinRegiao!A1:M2
17:52:09 INFO extract.sheets_fetcher › 🔍 range completo retornado pela API: linkedinAlcance!A1:J2
17:52:09 INFO extract.sheets_fetcher › 🔍 range completo retornado pela API: GAGeral!A1:X4693
17:52:09 INFO extract.sheets_fetcher › 📡 batchGet 19 ranges
17:52:09 WARNING treat.utils.validations › [Consistência Datas] Aba metaGeral: campanha='Empreendedorismo Feminino', veículo='Facebook' tem múltiplos start: {'2025-03-08', '2025-03-20'}
17:52:09 WARNING treat.utils.validations › [Consistência Datas] Aba metaGeral: campanha='Empreendedorismo Feminino', veículo='Instagram' tem múltiplos start: {'2025-03-08', '2025-03-20'}
17:52:09 WARNING treat.utils.validations › [Consistência Datas] Aba metaGeral: campanha='Inova Cerrado e Pantanal', veículo='Facebook' tem múltiplos start: {'2025-03-12', '2025-03-13'}
17:52:09 WARNING treat.utils.validations › [Consistência Datas] Aba metaGeral: campanha='Inova Pantanal', veículo='Facebook' tem múltiplos start: {'2025-03-12', '2025-03-13'}
17:52:09 WARNING treat.utils.validations › [Consistência Datas] Aba metaGeral: campanha='Inova Cerrado e Pantanal', veículo='Instagram' tem múltiplos start: {'2025-03-12', '2025-03-13'}
17:52:09 WARNING treat.utils.validations › [Consistência Datas] Aba metaGeral: campanha='Inova Pantanal', veículo='Instagram' tem múltiplos start: {'2025-03-12', '2025-03-13'}
17:52:09 WARNING treat.utils.validations › [Consistência Datas] Aba tiktokGeral: campanha='Empreendedorismo Feminino', veículo='TikTok' tem múltiplos start: {'2025-03-08', '2025-03-21'}
17:52:09 WARNING treat.utils.validations › [Consistência Datas] Aba tiktokGeral: campanha='Empreendedorismo Feminino', veículo='TikTok' tem múltiplos end: {'2025-04-04', '2025-03-31', '2025-04-01'}
17:52:09 WARNING treat.utils.validations › [Consistência Datas] Entre abas: campanha='Inova Pantanal', veículo='Instagram' tem inconsistência start/end em metaGeral
17:52:09 WARNING treat.utils.validations › [Consistência Datas] Entre abas: campanha='Empreendedorismo Feminino', veículo='Instagram' tem inconsistência start/end em metaGeral
17:52:09 WARNING treat.utils.validations › [Consistência Datas] Entre abas: campanha='Empreendedorismo Feminino', veículo='TikTok' tem inconsistência start/end em tiktokGeral
17:52:09 WARNING treat.utils.validations › [Consistência Datas] Entre abas: campanha='Inova Pantanal', veículo='Facebook' tem inconsistência start/end em metaGeral
17:52:09 WARNING treat.utils.validations › [Consistência Datas] Entre abas: campanha='Empreendedorismo Feminino', veículo='Facebook' tem inconsistência start/end em metaGeral
17:52:09 WARNING treat.utils.validations › [Consistência Datas] Entre abas: campanha='Inova Cerrado e Pantanal', veículo='Instagram' tem inconsistência start/end em metaGeral
17:52:09 WARNING treat.utils.validations › [Consistência Datas] Entre abas: campanha='Inova Cerrado e Pantanal', veículo='Facebook' tem inconsistência start/end em metaGeral
17:52:09 DEBUG urllib3.util.retry › Converted retries value: 3 -> Retry(total=3, connect=None, read=None, redirect=None, status=None)
17:52:09 DEBUG urllib3.connectionpool › Starting new HTTPS connection (1): oauth2.googleapis.com:443
17:52:09 DEBUG urllib3.connectionpool › https://oauth2.googleapis.com:443 "POST /token HTTP/1.1" 200 None
17:52:09 DEBUG urllib3.connectionpool › Starting new HTTPS connection (1): sheets.googleapis.com:443
17:52:10 DEBUG urllib3.connectionpool › https://sheets.googleapis.com:443 "GET /v4/spreadsheets/1DazUQxspLgT0utOFHcTINbFngXw7Fq0LOq6v4lRGixg?includeGridData=false HTTP/1.1" 200 None
17:52:10 DEBUG urllib3.connectionpool › https://sheets.googleapis.com:443 "GET /v4/spreadsheets/1DazUQxspLgT0utOFHcTINbFngXw7Fq0LOq6v4lRGixg?includeGridData=false HTTP/1.1" 200 None
18:06:56 DEBUG __main__ › Logger configurado para o notebook (RichHandler + FileHandler ativos)
18:06:56 DEBUG urllib3.util.retry › Converted retries value: 3 -> Retry(total=3, connect=None, read=None, redirect=None, status=None)
18:06:56 INFO extract.sheets_fetcher › 🔄 batchGet tentativa para ranges: ['metaGeral!A:ZZ', 'metaIdade!A:ZZ', 'metaGenero!A:ZZ', 'metaRegiao!A:ZZ', 'metaAlcance!A:ZZ', 'tiktokGeral!A:ZZ', 'tiktokIdade!A:ZZ', 'tiktokGenero!A:ZZ', 'tiktokRegiao!A:ZZ', 'tiktokAlcance!A:ZZ', 'pinterestGeral!A:ZZ', 'pinterestGenero!A:ZZ', 'pinterestIdade!A:ZZ', 'pinterestRegiao!A:ZZ', 'pinterestAlcance!A:ZZ', 'linkedinGeral!A:ZZ', 'linkedinRegiao!A:ZZ', 'linkedinAlcance!A:ZZ', 'GAGeral!A:ZZ']
18:06:57 DEBUG googleapiclient.discovery › URL being requested: GET https://sheets.googleapis.com/v4/spreadsheets/1DazUQxspLgT0utOFHcTINbFngXw7Fq0LOq6v4lRGixg/values:batchGet?ranges=metaGeral%21A%3AZZ&ranges=metaIdade%21A%3AZZ&ranges=metaGenero%21A%3AZZ&ranges=metaRegiao%21A%3AZZ&ranges=metaAlcance%21A%3AZZ&ranges=tiktokGeral%21A%3AZZ&ranges=tiktokIdade%21A%3AZZ&ranges=tiktokGenero%21A%3AZZ&ranges=tiktokRegiao%21A%3AZZ&ranges=tiktokAlcance%21A%3AZZ&ranges=pinterestGeral%21A%3AZZ&ranges=pinterestGenero%21A%3AZZ&ranges=pinterestIdade%21A%3AZZ&ranges=pinterestRegiao%21A%3AZZ&ranges=pinterestAlcance%21A%3AZZ&ranges=linkedinGeral%21A%3AZZ&ranges=linkedinRegiao%21A%3AZZ&ranges=linkedinAlcance%21A%3AZZ&ranges=GAGeral%21A%3AZZ&alt=json
18:06:57 DEBUG google_auth_httplib2 › Making request: POST https://oauth2.googleapis.com/token
18:06:58 INFO extract.sheets_fetcher › 🔍 range completo retornado pela API: metaGeral!A1:AB588
18:06:58 INFO extract.sheets_fetcher › 🔍 range completo retornado pela API: metaIdade!A1:Q2140
18:06:58 INFO extract.sheets_fetcher › 🔍 range completo retornado pela API: metaGenero!A1:T863
18:06:58 INFO extract.sheets_fetcher › 🔍 range completo retornado pela API: metaRegiao!A1:Q10000
18:06:58 INFO extract.sheets_fetcher › 🔍 range completo retornado pela API: metaAlcance!A1:N588
18:06:58 INFO extract.sheets_fetcher › 🔍 range completo retornado pela API: tiktokGeral!A1:W155
18:06:58 INFO extract.sheets_fetcher › 🔍 range completo retornado pela API: tiktokIdade!A1:O747
18:06:58 INFO extract.sheets_fetcher › 🔍 range completo retornado pela API: tiktokGenero!A1:O258
18:06:58 INFO extract.sheets_fetcher › 🔍 range completo retornado pela API: tiktokRegiao!A1:O3024
18:06:58 INFO extract.sheets_fetcher › 🔍 range completo retornado pela API: tiktokAlcance!A1:L128
18:06:58 INFO extract.sheets_fetcher › 🔍 range completo retornado pela API: pinterestGeral!A1:U906
18:06:58 INFO extract.sheets_fetcher › 🔍 range completo retornado pela API: pinterestGenero!A1:M2
18:06:58 INFO extract.sheets_fetcher › 🔍 range completo retornado pela API: pinterestIdade!A1:M2
18:06:58 INFO extract.sheets_fetcher › 🔍 range completo retornado pela API: pinterestRegiao!A1:M2
18:06:58 INFO extract.sheets_fetcher › 🔍 range completo retornado pela API: pinterestAlcance!A1:N2
18:06:58 INFO extract.sheets_fetcher › 🔍 range completo retornado pela API: linkedinGeral!A1:U2
18:06:58 INFO extract.sheets_fetcher › 🔍 range completo retornado pela API: linkedinRegiao!A1:M2
18:06:58 INFO extract.sheets_fetcher › 🔍 range completo retornado pela API: linkedinAlcance!A1:J2
18:06:58 INFO extract.sheets_fetcher › 🔍 range completo retornado pela API: GAGeral!A1:X4693
18:06:58 INFO extract.sheets_fetcher › 📡 batchGet 19 ranges
18:06:59 DEBUG __main__ › Aba 'metaGeral' colunas originais: ['date', 'account_name', 'campaign_name', 'ad_group_name', 'ad_name', 'utm_content', 'ad_id', 'campaign_id', 'start', 'end', 'objective', 'preview_link_ig', 'preview_link_fb', 'placement', 'campaign_daily_budget', 'campaign_lifetime_budget', 'campaign_remaining_budget', 'impressions', 'cost', 'link_clicks', 'video_watched_25', 'video_watched_50', 'video_watched_75', 'video_watched_100', 'post_reactions', 'post_shares', 'post_comments', 'video_play']
18:06:59 DEBUG __main__ › Aba 'metaIdade' colunas originais: ['date', 'age', 'account_name', 'campaign_name', 'campaign_id', 'ad_name', 'ad_group_name', 'objective', 'utm_content', 'ad_id', 'start', 'end', 'placement', 'impressions', 'cost', 'video_watched_100', 'link_clicks']
18:06:59 DEBUG __main__ › Aba 'metaGenero' colunas originais: ['date', 'gender', 'account_name', 'campaign_name', 'campaign_id', 'ad_name', 'ad_group_name', 'objective', 'placement', 'ad_id', 'utm_content', 'start', 'end', 'impressions', 'cost', 'video_watched_100', 'link_clicks', 'post_shares', 'post_comments', 'post_reactions']
18:06:59 DEBUG __main__ › Aba 'metaRegiao' colunas originais: ['date', 'region', 'account_name', 'campaign_name', 'campaign_id', 'ad_name', 'ad_group_name', 'objective', 'placement', 'ad_id', 'utm_content', 'start', 'end', 'impressions', 'cost', 'video_watched_100', 'link_clicks']
18:06:59 DEBUG __main__ › Aba 'metaAlcance' colunas originais: ['date', 'account_name', 'campaign_name', 'campaign_id', 'ad_name', 'ad_group_name', 'objective', 'utm_content', 'ad_id', 'start', 'end', 'placement', 'reach', 'impressions']
18:06:59 DEBUG __main__ › Aba 'tiktokGeral' colunas originais: ['date', 'account_name', 'campaign_name', 'ad_group_name', 'ad_name', 'campaign_id', 'start', 'end', 'objective', 'ad_preview_link', 'placement', 'utm_content', 'impressions', 'cost', 'link_clicks', 'video_play', 'video_watched_25', 'video_watched_50', 'video_watched_75', 'video_watched_100', 'post_reactions', 'post_shares', 'post_comments']
18:06:59 DEBUG __main__ › Aba 'tiktokIdade' colunas originais: ['date', 'age', 'account_name', 'campaign_name', 'campaign_id', 'ad_group_name', 'ad_name', 'objective', 'start', 'end', 'utm_content', 'impressions', 'cost', 'video_watched_100', 'link_clicks']
18:06:59 DEBUG __main__ › Aba 'tiktokGenero' colunas originais: ['date', 'account_name', 'campaign_id', 'campaign_name', 'ad_group_name', 'ad_name', 'objective', 'gender', 'utm_content', 'start', 'end', 'impressions', 'cost', 'link_clicks', 'video_watched_100']
18:06:59 DEBUG __main__ › Aba 'tiktokRegiao' colunas originais: ['date', 'region', 'campaign_name', 'account_name', 'ad_name', 'campaign_id', 'ad_group_name', 'objective', 'utm_content', 'start', 'end', 'impressions', 'link_clicks', 'cost', 'video_watched_100']
18:06:59 DEBUG __main__ › Aba 'tiktokAlcance' colunas originais: ['date', 'account_name', 'campaign_name', 'placement', 'ad_group_name', 'ad_name', 'objective', 'start', 'end', 'utm_content', 'reach', 'impressions']
18:06:59 DEBUG __main__ › Aba 'pinterestGeral' colunas originais: ['date', 'account_name', 'campaign_name', 'ad_group_name', 'ad_name', 'campaign_id', 'start', 'end', 'objective', 'pin_id', 'placement', 'utm_content', 'impressions', 'cost', 'link_clicks', 'video_play', 'video_watched_25', 'video_watched_50', 'video_watched_75', 'video_watched_100', 'post_reactions']
18:06:59 DEBUG __main__ › Aba 'pinterestGenero' colunas originais: ['date', 'gender', 'account_name', 'campaign_name', 'campaign_id', 'objective', 'start', 'end', 'impressions', 'cost', 'video_watched_100', 'link_clicks', 'utm_content']
18:06:59 DEBUG __main__ › Aba 'pinterestIdade' colunas originais: ['date', 'age', 'account_name', 'campaign_name', 'campaign_id', 'objective', 'start', 'end', 'impressions', 'cost', 'video_watched_100', 'link_clicks', 'utm_content']
18:06:59 DEBUG __main__ › Aba 'pinterestRegiao' colunas originais: ['date', 'region', 'campaign_name', 'account_name', 'campaign_id', 'objective', 'start', 'end', 'impressions', 'link_clicks', 'cost', 'video_watched_100', 'utm_content']
18:06:59 DEBUG __main__ › Aba 'pinterestAlcance' colunas originais: ['date', 'account_name', 'campaign_name', 'ad_group_name', 'ad_name', 'objective', 'utm_content', 'start', 'end', 'reach', 'imrpessions', 'post_shares', 'post_comments', 'post_reactions']
18:06:59 DEBUG __main__ › Aba 'linkedinGeral' colunas originais: ['date', 'account_name', 'campaign_name', 'ad_name', 'campaign_id', 'start', 'end', 'objective', 'placement', 'utm_content', 'impressions', 'cost', 'link_clicks', 'video_play', 'video_watched_25', 'video_watched_50', 'video_watched_75', 'video_watched_100', 'post_reactions', 'post_shares', 'post_comments']
18:06:59 DEBUG __main__ › Aba 'linkedinRegiao' colunas originais: ['date', 'account_name', 'campaign_id', 'campaign_name', 'objective', 'region', 'start', 'end', 'impressions', 'cost', 'link_clicks', 'video_watched_100', 'utm_content']
18:06:59 DEBUG __main__ › Aba 'linkedinAlcance' colunas originais: ['date', 'account_name', 'campaign_name', 'campaign_id', 'objective', 'utm_content', 'start', 'end', 'reach', 'impressions']
18:06:59 DEBUG __main__ › Aba 'GAGeral' colunas originais: ['date', 'campaign_name', 'sessionSourceMedium', 'utm_content', 'region', 'totalUsers', 'sessions', 'averageSessionDuration', 'screenPageViews', 'engagedSessions', 'objective', 'Campanha', 'ID_Campanha', 'start', 'end', 'Veiculo', 'ID_Veiculo', 'ad_group_name', 'ad_name', 'post_shares', 'post_comments', 'post_reactions', 'Engajamento_Total', 'ID']
18:06:59 INFO extract.sheets_fetcher › 🔄 batchGet tentativa para ranges: ['modeloGeral!A:ZZ', 'modeloGenero!A:ZZ', 'modeloIdade!A:ZZ', 'modeloAlcance!A:ZZ', 'modeloRegiao!A:ZZ']
18:06:59 DEBUG googleapiclient.discovery › URL being requested: GET https://sheets.googleapis.com/v4/spreadsheets/1DazUQxspLgT0utOFHcTINbFngXw7Fq0LOq6v4lRGixg/values:batchGet?ranges=modeloGeral%21A%3AZZ&ranges=modeloGenero%21A%3AZZ&ranges=modeloIdade%21A%3AZZ&ranges=modeloAlcance%21A%3AZZ&ranges=modeloRegiao%21A%3AZZ&alt=json
18:06:59 INFO extract.sheets_fetcher › 🔍 range completo retornado pela API: modeloGeral!A1:Z4693
18:06:59 INFO extract.sheets_fetcher › 🔍 range completo retornado pela API: modeloGenero!A1:O52441
18:06:59 INFO extract.sheets_fetcher › 🔍 range completo retornado pela API: modeloIdade!A1:O4030
18:06:59 INFO extract.sheets_fetcher › 🔍 range completo retornado pela API: modeloAlcance!A1:L3700
18:06:59 INFO extract.sheets_fetcher › 🔍 range completo retornado pela API: modeloRegiao!A1:O35018
18:06:59 INFO extract.sheets_fetcher › 📡 batchGet 5 ranges
18:06:59 INFO extract.sheets_fetcher › 📥 Cache hit para ('modeloAlcance', 'modeloGenero', 'modeloGeral', 'modeloIdade', 'modeloRegiao')
18:06:59 INFO load.dest_writer › 📥 Prefetch destino concluído: 5 abas com cabeçalho, total de IDs carregados=83
18:06:59 INFO __main__ › 📥 Prefetch meta concluído – começando processamento das abas
18:06:59 DEBUG urllib3.util.retry › Converted retries value: 3 -> Retry(total=3, connect=None, read=None, redirect=None, status=None)
18:06:59 DEBUG urllib3.util.retry › Converted retries value: 3 -> Retry(total=3, connect=None, read=None, redirect=None, status=None)
18:06:59 DEBUG urllib3.connectionpool › Starting new HTTPS connection (1): oauth2.googleapis.com:443
18:07:00 DEBUG urllib3.connectionpool › https://oauth2.googleapis.com:443 "POST /token HTTP/1.1" 200 None
18:07:00 DEBUG urllib3.connectionpool › Starting new HTTPS connection (1): sheets.googleapis.com:443
18:07:00 DEBUG urllib3.connectionpool › https://sheets.googleapis.com:443 "GET /v4/spreadsheets/1DazUQxspLgT0utOFHcTINbFngXw7Fq0LOq6v4lRGixg?includeGridData=false HTTP/1.1" 200 None
18:07:00 DEBUG urllib3.connectionpool › https://sheets.googleapis.com:443 "GET /v4/spreadsheets/1DazUQxspLgT0utOFHcTINbFngXw7Fq0LOq6v4lRGixg?includeGridData=false HTTP/1.1" 200 None
18:07:01 DEBUG urllib3.connectionpool › https://sheets.googleapis.com:443 "GET /v4/spreadsheets/1DazUQxspLgT0utOFHcTINbFngXw7Fq0LOq6v4lRGixg/values/%27metaGeral%27%21A1%3A1 HTTP/1.1" 200 None
18:07:01 DEBUG urllib3.util.retry › Converted retries value: 3 -> Retry(total=3, connect=None, read=None, redirect=None, status=None)
18:07:01 DEBUG urllib3.connectionpool › Starting new HTTPS connection (1): oauth2.googleapis.com:443
18:07:01 DEBUG urllib3.connectionpool › https://oauth2.googleapis.com:443 "POST /token HTTP/1.1" 200 None
18:07:01 DEBUG urllib3.connectionpool › Starting new HTTPS connection (1): sheets.googleapis.com:443
18:07:02 DEBUG urllib3.connectionpool › https://sheets.googleapis.com:443 "GET /v4/spreadsheets/1DazUQxspLgT0utOFHcTINbFngXw7Fq0LOq6v4lRGixg?includeGridData=false HTTP/1.1" 200 None
18:07:02 DEBUG urllib3.connectionpool › https://sheets.googleapis.com:443 "GET /v4/spreadsheets/1DazUQxspLgT0utOFHcTINbFngXw7Fq0LOq6v4lRGixg?includeGridData=false HTTP/1.1" 200 None
18:07:02 DEBUG urllib3.connectionpool › https://sheets.googleapis.com:443 "GET /v4/spreadsheets/1DazUQxspLgT0utOFHcTINbFngXw7Fq0LOq6v4lRGixg/values/%27BI_PARAMETRIZA%C3%87%C3%83O%27 HTTP/1.1" 200 None
18:07:02 WARNING treat.utils.validations › [Validação] 34 valor(es) de 'ad_name' fora da BI_PARAMETRIZAÇÃO (taxonomy_ad_name): ['2025_3_BR_CARD_NAT_ACAO_DBT_SBRAE_2025_EMP_FEM0028', '2025_3_BR_CARD_SILVANA_ACAO_DBT_SBRAE_2025_EMP_FEM0044', '2025_3_BR_STORIES_CINTIA_ACAO_DBT_SBRAE_2025_EMP_FEM0021', '2025_3_BR_STORIES_MANIFESTO_ACAO_DBT_SBRAE_2025_EMP_FEM0061', '2025_3_BR_STORIES_NAT_ACAO_DBT_SBRAE_2025_EMP_FEM0041', '2025_3_BR_STORIES_SILVANA_ACAO_DBT_SBRAE_2025_EMP_FEM0057', '2025_3_BR_VÍDEO_MANIFESTO_ACAO_DBT_SBRAE_2025_EMP_FEM0056', '2025_3_BR_VÍDEO_MANIFESTO_ACAO_DBT_SBRAE_2025_EMP_FEM0064', '2025_3_BR_CARD_CERRADO_COMO_SE_INSCREVER_ACAO_DBT_SBRAE_2025_CER_PAN0150', '2025_3_BR_CARD_CERRADO_DIA_DAS_INSCRIÇÕES_ACAO_DBT_SBRAE_2025_CER_PAN0146', '2025_3_BR_CARD_CERRADO_MOTIVOS_PARA_INSCREVER_ACAO_DBT_SBRAE_2025_CER_PAN0152', '2025_3_BR_CARD_CERRADO_PANTANAL_COMO_SE_INSCREVER_ACAO_DBT_SBRAE_2025_CER_PAN0153', '2025_3_BR_CARD_CERRADO_QUEM_PODE_PARTICIPAR_ACAO_DBT_SBRAE_2025_CER_PAN0142', '2025_3_BR_CARD_CERRADO_QUEM_PODE_PARTICIPAR_ACAO_DBT_SBRAE_2025_CER_PAN0149', '2025_3_BR_CARD_PANTANAL_CERRADO_COMO_SE_INSCREVER_ACAO_DBT_SBRAE_2025_CER_PAN0144', '2025_3_BR_CARD_PANTANAL_CERRADO_DIA_DAS_INSCRIÇÕES_ACAO_DBT_SBRAE_2025_PAN0140', '2025_3_BR_CARD_PANTANAL_CERRADO_MOTIVOS_PARA_INSCREVER_ACAO_DBT_SBRAE_2025_CER_PAN0145', '2025_3_BR_VÍDEO_PANTANAL_CERRADO_BABI_ACAO_DBT_SBRAE_2025_CER_PAN0155', '2025_3_BR_VÍDEO_ANA_LUISA_ACAO_DBT_SBRAE_2025_CER_PAN0177', '2025_3_BR_VÍDEO_CARTAS_DANIELLE_ACAO_DBT_SBRAE_2025_EMP_FEM0161'] …
18:07:02 INFO extract.sheets_fetcher › 🔄 batchGet tentativa para ranges: ['SOURCE!A:ZZ']
18:07:03 DEBUG googleapiclient.discovery › URL being requested: GET https://sheets.googleapis.com/v4/spreadsheets/1DazUQxspLgT0utOFHcTINbFngXw7Fq0LOq6v4lRGixg/values:batchGet?ranges=SOURCE%21A%3AZZ&alt=json
18:07:03 DEBUG google_auth_httplib2 › Making request: POST https://oauth2.googleapis.com/token
18:07:03 INFO extract.sheets_fetcher › 🔍 range completo retornado pela API: SOURCE!A1:Z999
18:07:03 INFO extract.sheets_fetcher › 📡 batchGet 1 ranges
18:07:03 DEBUG treat.utils.atribuicoes_via_lookup › >>> atribuir_veiculo_e_id_meta
18:07:03 DEBUG root › [aplicar_substituicoes_objetivo] Substituições aplicadas na coluna 'Objetivo'
18:07:03 INFO treat.utils.validations › [Validação] Totais de impressions e cost conferem: 191433377 imp, 382044.06 cost
18:07:03 WARNING treat.utils.validations › [Validação] Coluna 'preview_link_ig' vazia em 29 linha(s): 72, 73, 75, 78, 94, 96, 99, 106, 114, 128, …
18:07:03 WARNING treat.utils.validations › [Validação] Coluna 'campaign_daily_budget' vazia em 587 linha(s): 0, 1, 2, 3, 4, 5, 6, 7, 8, 9, …
18:07:03 WARNING treat.utils.validations › [Validação] Coluna 'campaign_lifetime_budget' vazia em 305 linha(s): 0, 1, 2, 3, 4, 5, 6, 7, 8, 9, …
18:07:03 INFO load.origin_writer › ℹ️  Preparando write-back origin para 'metaGeral': 587 linhas × 28 colunas (com cabeçalho) = 16,464 células
18:07:06 DEBUG urllib3.connectionpool › https://sheets.googleapis.com:443 "POST /v4/spreadsheets/1DazUQxspLgT0utOFHcTINbFngXw7Fq0LOq6v4lRGixg/values:batchUpdate HTTP/1.1" 200 None
18:07:06 INFO load.origin_writer › ✅ Write-back concluído para 'metaGeral' (587 linhas × 28 colunas)
18:07:06 DEBUG googleapiclient.discovery › URL being requested: POST https://sheets.googleapis.com/v4/spreadsheets/1DazUQxspLgT0utOFHcTINbFngXw7Fq0LOq6v4lRGixg/values/modeloGeral%21A2:append?valueInputOption=RAW&insertDataOption=INSERT_ROWS&alt=json
18:07:06 DEBUG google_auth_httplib2 › Making request: POST https://oauth2.googleapis.com/token
18:07:08 INFO load.utils.append_records_to_sheet › ✅ 587 linhas adicionadas em 'modeloGeral' a partir de A2
18:07:08 INFO load.dest_writer › ✅ Gravadas 587 linha(s) em 'modeloGeral'
18:07:08 DEBUG __main__ › Aba 'metaGeral' processada – resultados armazenados
18:07:08 DEBUG urllib3.connectionpool › https://sheets.googleapis.com:443 "GET /v4/spreadsheets/1DazUQxspLgT0utOFHcTINbFngXw7Fq0LOq6v4lRGixg?includeGridData=false HTTP/1.1" 200 None
18:07:09 DEBUG urllib3.connectionpool › https://sheets.googleapis.com:443 "GET /v4/spreadsheets/1DazUQxspLgT0utOFHcTINbFngXw7Fq0LOq6v4lRGixg/values/%27metaIdade%27%21A1%3A1 HTTP/1.1" 200 None
18:07:09 WARNING treat.utils.validations › [Validação] 34 valor(es) de 'ad_name' fora da BI_PARAMETRIZAÇÃO (taxonomy_ad_name): ['2025_3_BR_CARD_NAT_ACAO_DBT_SBRAE_2025_EMP_FEM0028', '2025_3_BR_CARD_SILVANA_ACAO_DBT_SBRAE_2025_EMP_FEM0044', '2025_3_BR_STORIES_CINTIA_ACAO_DBT_SBRAE_2025_EMP_FEM0021', '2025_3_BR_STORIES_MANIFESTO_ACAO_DBT_SBRAE_2025_EMP_FEM0061', '2025_3_BR_STORIES_NAT_ACAO_DBT_SBRAE_2025_EMP_FEM0041', '2025_3_BR_STORIES_SILVANA_ACAO_DBT_SBRAE_2025_EMP_FEM0057', '2025_3_BR_VÍDEO_MANIFESTO_ACAO_DBT_SBRAE_2025_EMP_FEM0056', '2025_3_BR_VÍDEO_MANIFESTO_ACAO_DBT_SBRAE_2025_EMP_FEM0064', '2025_3_BR_CARD_CERRADO_COMO_SE_INSCREVER_ACAO_DBT_SBRAE_2025_CER_PAN0150', '2025_3_BR_CARD_CERRADO_DIA_DAS_INSCRIÇÕES_ACAO_DBT_SBRAE_2025_CER_PAN0146', '2025_3_BR_CARD_CERRADO_MOTIVOS_PARA_INSCREVER_ACAO_DBT_SBRAE_2025_CER_PAN0152', '2025_3_BR_CARD_CERRADO_PANTANAL_COMO_SE_INSCREVER_ACAO_DBT_SBRAE_2025_CER_PAN0153', '2025_3_BR_CARD_CERRADO_QUEM_PODE_PARTICIPAR_ACAO_DBT_SBRAE_2025_CER_PAN0142', '2025_3_BR_CARD_CERRADO_QUEM_PODE_PARTICIPAR_ACAO_DBT_SBRAE_2025_CER_PAN0149', '2025_3_BR_CARD_PANTANAL_CERRADO_COMO_SE_INSCREVER_ACAO_DBT_SBRAE_2025_CER_PAN0144', '2025_3_BR_CARD_PANTANAL_CERRADO_DIA_DAS_INSCRIÇÕES_ACAO_DBT_SBRAE_2025_PAN0140', '2025_3_BR_CARD_PANTANAL_CERRADO_MOTIVOS_PARA_INSCREVER_ACAO_DBT_SBRAE_2025_CER_PAN0145', '2025_3_BR_VÍDEO_PANTANAL_CERRADO_BABI_ACAO_DBT_SBRAE_2025_CER_PAN0155', '2025_3_BR_VÍDEO_ANA_LUISA_ACAO_DBT_SBRAE_2025_CER_PAN0177', '2025_3_BR_VÍDEO_CARTAS_DANIELLE_ACAO_DBT_SBRAE_2025_EMP_FEM0161'] …
18:07:09 DEBUG treat.utils.atribuicoes_via_lookup › >>> atribuir_veiculo_e_id_meta
18:07:09 DEBUG root › [aplicar_substituicoes_objetivo] Substituições aplicadas na coluna 'Objetivo'
18:07:09 INFO treat.utils.validations › [Validação] Totais de impressions e cost conferem: 191433377 imp, 382043.92 cost
18:07:09 WARNING treat.utils.validations › [Validação] Coluna 'video_watched_100' vazia em 1075 linha(s): 48, 70, 71, 72, 73, 74, 75, 78, 79, 80, …
18:07:09 WARNING treat.utils.validations › [Validação] Coluna 'link_clicks' vazia em 200 linha(s): 108, 109, 122, 123, 136, 137, 155, 161, 167, 205, …
18:07:09 INFO load.origin_writer › ℹ️  Preparando write-back origin para 'metaIdade': 2139 linhas × 17 colunas (com cabeçalho) = 36,380 células
18:07:11 DEBUG urllib3.connectionpool › https://sheets.googleapis.com:443 "POST /v4/spreadsheets/1DazUQxspLgT0utOFHcTINbFngXw7Fq0LOq6v4lRGixg/values:batchUpdate HTTP/1.1" 200 None
18:07:11 INFO load.origin_writer › ✅ Write-back concluído para 'metaIdade' (2139 linhas × 17 colunas)
18:07:11 DEBUG googleapiclient.discovery › URL being requested: POST https://sheets.googleapis.com/v4/spreadsheets/1DazUQxspLgT0utOFHcTINbFngXw7Fq0LOq6v4lRGixg/values/modeloIdade%21A2:append?valueInputOption=RAW&insertDataOption=INSERT_ROWS&alt=json
18:07:11 DEBUG google_auth_httplib2 › Making request: POST https://oauth2.googleapis.com/token
18:07:13 INFO load.utils.append_records_to_sheet › ✅ 2139 linhas adicionadas em 'modeloIdade' a partir de A2
18:07:13 INFO load.dest_writer › ✅ Gravadas 2139 linha(s) em 'modeloIdade'
18:07:13 DEBUG __main__ › Aba 'metaIdade' processada – resultados armazenados
18:07:14 DEBUG urllib3.connectionpool › https://sheets.googleapis.com:443 "GET /v4/spreadsheets/1DazUQxspLgT0utOFHcTINbFngXw7Fq0LOq6v4lRGixg?includeGridData=false HTTP/1.1" 200 None
18:07:14 DEBUG urllib3.connectionpool › https://sheets.googleapis.com:443 "GET /v4/spreadsheets/1DazUQxspLgT0utOFHcTINbFngXw7Fq0LOq6v4lRGixg/values/%27metaGenero%27%21A1%3A1 HTTP/1.1" 200 None
18:07:14 WARNING treat.utils.validations › [Validação] 34 valor(es) de 'ad_name' fora da BI_PARAMETRIZAÇÃO (taxonomy_ad_name): ['2025_3_BR_CARD_NAT_ACAO_DBT_SBRAE_2025_EMP_FEM0028', '2025_3_BR_CARD_SILVANA_ACAO_DBT_SBRAE_2025_EMP_FEM0044', '2025_3_BR_STORIES_CINTIA_ACAO_DBT_SBRAE_2025_EMP_FEM0021', '2025_3_BR_STORIES_MANIFESTO_ACAO_DBT_SBRAE_2025_EMP_FEM0061', '2025_3_BR_STORIES_NAT_ACAO_DBT_SBRAE_2025_EMP_FEM0041', '2025_3_BR_STORIES_SILVANA_ACAO_DBT_SBRAE_2025_EMP_FEM0057', '2025_3_BR_VÍDEO_MANIFESTO_ACAO_DBT_SBRAE_2025_EMP_FEM0056', '2025_3_BR_VÍDEO_MANIFESTO_ACAO_DBT_SBRAE_2025_EMP_FEM0064', '2025_3_BR_CARD_CERRADO_COMO_SE_INSCREVER_ACAO_DBT_SBRAE_2025_CER_PAN0150', '2025_3_BR_CARD_CERRADO_DIA_DAS_INSCRIÇÕES_ACAO_DBT_SBRAE_2025_CER_PAN0146', '2025_3_BR_CARD_CERRADO_MOTIVOS_PARA_INSCREVER_ACAO_DBT_SBRAE_2025_CER_PAN0152', '2025_3_BR_CARD_CERRADO_PANTANAL_COMO_SE_INSCREVER_ACAO_DBT_SBRAE_2025_CER_PAN0153', '2025_3_BR_CARD_CERRADO_QUEM_PODE_PARTICIPAR_ACAO_DBT_SBRAE_2025_CER_PAN0142', '2025_3_BR_CARD_CERRADO_QUEM_PODE_PARTICIPAR_ACAO_DBT_SBRAE_2025_CER_PAN0149', '2025_3_BR_CARD_PANTANAL_CERRADO_COMO_SE_INSCREVER_ACAO_DBT_SBRAE_2025_CER_PAN0144', '2025_3_BR_CARD_PANTANAL_CERRADO_DIA_DAS_INSCRIÇÕES_ACAO_DBT_SBRAE_2025_PAN0140', '2025_3_BR_CARD_PANTANAL_CERRADO_MOTIVOS_PARA_INSCREVER_ACAO_DBT_SBRAE_2025_CER_PAN0145', '2025_3_BR_VÍDEO_PANTANAL_CERRADO_BABI_ACAO_DBT_SBRAE_2025_CER_PAN0155', '2025_3_BR_VÍDEO_ANA_LUISA_ACAO_DBT_SBRAE_2025_CER_PAN0177', '2025_3_BR_VÍDEO_CARTAS_DANIELLE_ACAO_DBT_SBRAE_2025_EMP_FEM0161'] …
18:07:14 DEBUG treat.utils.atribuicoes_via_lookup › >>> atribuir_veiculo_e_id_meta
18:07:14 DEBUG root › [aplicar_substituicoes_objetivo] Substituições aplicadas na coluna 'Objetivo'
18:07:14 INFO treat.utils.validations › [Validação] Totais de impressions e cost conferem: 191433377 imp, 382044.06 cost
18:07:14 WARNING treat.utils.validations › [Validação] Coluna 'video_watched_100' vazia em 480 linha(s): 4, 5, 10, 11, 16, 17, 22, 23, 28, 29, …
18:07:14 WARNING treat.utils.validations › [Validação] Coluna 'link_clicks' vazia em 105 linha(s): 64, 65, 111, 112, 113, 115, 119, 122, 125, 127, …
18:07:14 INFO load.origin_writer › ℹ️  Preparando write-back origin para 'metaGenero': 862 linhas × 20 colunas (com cabeçalho) = 17,260 células
18:07:16 DEBUG urllib3.connectionpool › https://sheets.googleapis.com:443 "POST /v4/spreadsheets/1DazUQxspLgT0utOFHcTINbFngXw7Fq0LOq6v4lRGixg/values:batchUpdate HTTP/1.1" 200 None
18:07:16 INFO load.origin_writer › ✅ Write-back concluído para 'metaGenero' (862 linhas × 20 colunas)
18:07:16 DEBUG googleapiclient.discovery › URL being requested: POST https://sheets.googleapis.com/v4/spreadsheets/1DazUQxspLgT0utOFHcTINbFngXw7Fq0LOq6v4lRGixg/values/modeloGenero%21A2:append?valueInputOption=RAW&insertDataOption=INSERT_ROWS&alt=json
18:07:16 DEBUG google_auth_httplib2 › Making request: POST https://oauth2.googleapis.com/token
18:07:17 INFO load.utils.append_records_to_sheet › ✅ 862 linhas adicionadas em 'modeloGenero' a partir de A2
18:07:17 INFO load.dest_writer › ✅ Gravadas 862 linha(s) em 'modeloGenero'
18:07:17 DEBUG __main__ › Aba 'metaGenero' processada – resultados armazenados
18:07:17 DEBUG urllib3.connectionpool › https://sheets.googleapis.com:443 "GET /v4/spreadsheets/1DazUQxspLgT0utOFHcTINbFngXw7Fq0LOq6v4lRGixg?includeGridData=false HTTP/1.1" 200 None
18:07:18 DEBUG urllib3.connectionpool › https://sheets.googleapis.com:443 "GET /v4/spreadsheets/1DazUQxspLgT0utOFHcTINbFngXw7Fq0LOq6v4lRGixg/values/%27metaRegiao%27%21A1%3A1 HTTP/1.1" 200 None
18:07:18 WARNING treat.utils.validations › [Validação] 33 valor(es) de 'ad_name' fora da BI_PARAMETRIZAÇÃO (taxonomy_ad_name): ['2025_3_BR_CARD_NAT_ACAO_DBT_SBRAE_2025_EMP_FEM0028', '2025_3_BR_CARD_SILVANA_ACAO_DBT_SBRAE_2025_EMP_FEM0044', '2025_3_BR_STORIES_CINTIA_ACAO_DBT_SBRAE_2025_EMP_FEM0021', '2025_3_BR_STORIES_MANIFESTO_ACAO_DBT_SBRAE_2025_EMP_FEM0061', '2025_3_BR_STORIES_NAT_ACAO_DBT_SBRAE_2025_EMP_FEM0041', '2025_3_BR_STORIES_SILVANA_ACAO_DBT_SBRAE_2025_EMP_FEM0057', '2025_3_BR_VÍDEO_MANIFESTO_ACAO_DBT_SBRAE_2025_EMP_FEM0056', '2025_3_BR_VÍDEO_MANIFESTO_ACAO_DBT_SBRAE_2025_EMP_FEM0064', '2025_3_BR_CARD_CERRADO_COMO_SE_INSCREVER_ACAO_DBT_SBRAE_2025_CER_PAN0150', '2025_3_BR_CARD_CERRADO_DIA_DAS_INSCRIÇÕES_ACAO_DBT_SBRAE_2025_CER_PAN0146', '2025_3_BR_CARD_CERRADO_MOTIVOS_PARA_INSCREVER_ACAO_DBT_SBRAE_2025_CER_PAN0152', '2025_3_BR_CARD_CERRADO_PANTANAL_COMO_SE_INSCREVER_ACAO_DBT_SBRAE_2025_CER_PAN0153', '2025_3_BR_CARD_CERRADO_QUEM_PODE_PARTICIPAR_ACAO_DBT_SBRAE_2025_CER_PAN0142', '2025_3_BR_CARD_CERRADO_QUEM_PODE_PARTICIPAR_ACAO_DBT_SBRAE_2025_CER_PAN0149', '2025_3_BR_CARD_PANTANAL_CERRADO_COMO_SE_INSCREVER_ACAO_DBT_SBRAE_2025_CER_PAN0144', '2025_3_BR_CARD_PANTANAL_CERRADO_DIA_DAS_INSCRIÇÕES_ACAO_DBT_SBRAE_2025_PAN0140', '2025_3_BR_CARD_PANTANAL_CERRADO_MOTIVOS_PARA_INSCREVER_ACAO_DBT_SBRAE_2025_CER_PAN0145', '2025_3_BR_VÍDEO_PANTANAL_CERRADO_BABI_ACAO_DBT_SBRAE_2025_CER_PAN0155', '2025_3_BR_VÍDEO_ANA_LUISA_ACAO_DBT_SBRAE_2025_CER_PAN0177', '2025_3_BR_VÍDEO_CARTAS_DANIELLE_ACAO_DBT_SBRAE_2025_EMP_FEM0161'] …
18:07:18 DEBUG treat.utils.atribuicoes_via_lookup › >>> atribuir_veiculo_e_id_meta
18:07:18 DEBUG root › [aplicar_substituicoes_objetivo] Substituições aplicadas na coluna 'Objetivo'
18:07:18 INFO treat.utils.validations › [Validação] Totais de impressions e cost conferem: 106329839 imp, 205409.99 cost
18:07:18 INFO load.origin_writer › ℹ️  Preparando write-back origin para 'metaRegiao': 9999 linhas × 17 colunas (com cabeçalho) = 170,000 células
18:07:25 DEBUG urllib3.connectionpool › https://sheets.googleapis.com:443 "POST /v4/spreadsheets/1DazUQxspLgT0utOFHcTINbFngXw7Fq0LOq6v4lRGixg/values:batchUpdate HTTP/1.1" 200 None
18:07:25 INFO load.origin_writer › ✅ Write-back concluído para 'metaRegiao' (9999 linhas × 17 colunas)
18:07:25 DEBUG googleapiclient.discovery › URL being requested: POST https://sheets.googleapis.com/v4/spreadsheets/1DazUQxspLgT0utOFHcTINbFngXw7Fq0LOq6v4lRGixg/values/modeloRegiao%21A2:append?valueInputOption=RAW&insertDataOption=INSERT_ROWS&alt=json
18:07:25 DEBUG google_auth_httplib2 › Making request: POST https://oauth2.googleapis.com/token
18:07:33 INFO load.utils.append_records_to_sheet › ✅ 9999 linhas adicionadas em 'modeloRegiao' a partir de A2
18:07:33 INFO load.dest_writer › ✅ Gravadas 9999 linha(s) em 'modeloRegiao'
18:07:33 DEBUG __main__ › Aba 'metaRegiao' processada – resultados armazenados
18:07:33 DEBUG urllib3.connectionpool › https://sheets.googleapis.com:443 "GET /v4/spreadsheets/1DazUQxspLgT0utOFHcTINbFngXw7Fq0LOq6v4lRGixg?includeGridData=false HTTP/1.1" 200 None
18:07:34 DEBUG urllib3.connectionpool › https://sheets.googleapis.com:443 "GET /v4/spreadsheets/1DazUQxspLgT0utOFHcTINbFngXw7Fq0LOq6v4lRGixg/values/%27metaAlcance%27%21A1%3A1 HTTP/1.1" 200 None
18:07:34 WARNING treat.utils.validations › [Validação] 34 valor(es) de 'ad_name' fora da BI_PARAMETRIZAÇÃO (taxonomy_ad_name): ['2025_3_BR_CARD_NAT_ACAO_DBT_SBRAE_2025_EMP_FEM0028', '2025_3_BR_CARD_SILVANA_ACAO_DBT_SBRAE_2025_EMP_FEM0044', '2025_3_BR_STORIES_CINTIA_ACAO_DBT_SBRAE_2025_EMP_FEM0021', '2025_3_BR_STORIES_MANIFESTO_ACAO_DBT_SBRAE_2025_EMP_FEM0061', '2025_3_BR_STORIES_NAT_ACAO_DBT_SBRAE_2025_EMP_FEM0041', '2025_3_BR_STORIES_SILVANA_ACAO_DBT_SBRAE_2025_EMP_FEM0057', '2025_3_BR_VÍDEO_MANIFESTO_ACAO_DBT_SBRAE_2025_EMP_FEM0056', '2025_3_BR_VÍDEO_MANIFESTO_ACAO_DBT_SBRAE_2025_EMP_FEM0064', '2025_3_BR_CARD_CERRADO_COMO_SE_INSCREVER_ACAO_DBT_SBRAE_2025_CER_PAN0150', '2025_3_BR_CARD_CERRADO_DIA_DAS_INSCRIÇÕES_ACAO_DBT_SBRAE_2025_CER_PAN0146', '2025_3_BR_CARD_CERRADO_MOTIVOS_PARA_INSCREVER_ACAO_DBT_SBRAE_2025_CER_PAN0152', '2025_3_BR_CARD_CERRADO_PANTANAL_COMO_SE_INSCREVER_ACAO_DBT_SBRAE_2025_CER_PAN0153', '2025_3_BR_CARD_CERRADO_QUEM_PODE_PARTICIPAR_ACAO_DBT_SBRAE_2025_CER_PAN0142', '2025_3_BR_CARD_CERRADO_QUEM_PODE_PARTICIPAR_ACAO_DBT_SBRAE_2025_CER_PAN0149', '2025_3_BR_CARD_PANTANAL_CERRADO_COMO_SE_INSCREVER_ACAO_DBT_SBRAE_2025_CER_PAN0144', '2025_3_BR_CARD_PANTANAL_CERRADO_DIA_DAS_INSCRIÇÕES_ACAO_DBT_SBRAE_2025_PAN0140', '2025_3_BR_CARD_PANTANAL_CERRADO_MOTIVOS_PARA_INSCREVER_ACAO_DBT_SBRAE_2025_CER_PAN0145', '2025_3_BR_VÍDEO_PANTANAL_CERRADO_BABI_ACAO_DBT_SBRAE_2025_CER_PAN0155', '2025_3_BR_VÍDEO_ANA_LUISA_ACAO_DBT_SBRAE_2025_CER_PAN0177', '2025_3_BR_VÍDEO_CARTAS_DANIELLE_ACAO_DBT_SBRAE_2025_EMP_FEM0161'] …
18:07:34 DEBUG treat.utils.atribuicoes_via_lookup › >>> atribuir_veiculo_e_id_meta
18:07:34 DEBUG root › [aplicar_substituicoes_objetivo] Substituições aplicadas na coluna 'Objetivo'
18:07:34 WARNING treat.utils.validations › [Validação] Coluna 'cost' ausente em df_raw ou df_ok; pulando aggregate check
18:07:34 INFO load.origin_writer › ℹ️  Preparando write-back origin para 'metaAlcance': 587 linhas × 14 colunas (com cabeçalho) = 8,232 células
18:07:36 DEBUG urllib3.connectionpool › https://sheets.googleapis.com:443 "POST /v4/spreadsheets/1DazUQxspLgT0utOFHcTINbFngXw7Fq0LOq6v4lRGixg/values:batchUpdate HTTP/1.1" 200 None
18:07:36 INFO load.origin_writer › ✅ Write-back concluído para 'metaAlcance' (587 linhas × 14 colunas)
18:07:36 DEBUG googleapiclient.discovery › URL being requested: POST https://sheets.googleapis.com/v4/spreadsheets/1DazUQxspLgT0utOFHcTINbFngXw7Fq0LOq6v4lRGixg/values/modeloAlcance%21A2:append?valueInputOption=RAW&insertDataOption=INSERT_ROWS&alt=json
18:07:36 DEBUG google_auth_httplib2 › Making request: POST https://oauth2.googleapis.com/token
18:07:37 INFO load.utils.append_records_to_sheet › ✅ 587 linhas adicionadas em 'modeloAlcance' a partir de A2
18:07:37 INFO load.dest_writer › ✅ Gravadas 587 linha(s) em 'modeloAlcance'
18:07:37 DEBUG __main__ › Aba 'metaAlcance' processada – resultados armazenados
18:07:37 DEBUG urllib3.connectionpool › https://sheets.googleapis.com:443 "GET /v4/spreadsheets/1DazUQxspLgT0utOFHcTINbFngXw7Fq0LOq6v4lRGixg?includeGridData=false HTTP/1.1" 200 None
18:07:38 DEBUG urllib3.connectionpool › https://sheets.googleapis.com:443 "GET /v4/spreadsheets/1DazUQxspLgT0utOFHcTINbFngXw7Fq0LOq6v4lRGixg/values/%27tiktokGeral%27%21A1%3A1 HTTP/1.1" 200 None
18:07:38 WARNING treat.utils.validations › [Validação] 1 valor(es) de 'ad_group_name' fora da BI_PARAMETRIZAÇÃO (taxonomy_ad_group_name): ['"2025_3_BR_ALC_CPM_BRASIL, 18+, POPULAÇÃO EM GERAL + PERSONA ""DONAS DE PEQUENOS NEGÓCIOS"" + COBERTURA DE PALAVRAS-CHAVE RELACIONADAS"']
18:07:38 WARNING treat.utils.validations › [Validação] 8 valor(es) de 'ad_name' fora da BI_PARAMETRIZAÇÃO (taxonomy_ad_name): ['2025_3_BR_VÍDEO_MANIFESTO_ACAO_DBT_SBRAE_2025_EMP_FEM0070', '2025_3_BR_VÍDEO_MANIFESTO_ACAO_DBT_SBRAE_2025_EMP_FEM0071', '2025_3_BR_VÍDEO_MANIFESTO_ACAO_DBT_SBRAE_2025_EMP_FEM0069', '2025_3_BR_VÍDEO_TTCX_GAB_ACAO_DBT_SBRAE_2025_EMP_FEM0199', '2025_3_BR_VÍDEO_TTCX_GIOVANA_ACAO_DBT_SBRAE_2025_EMP_FEM0197', '2025_3_BR_VÍDEO_TTCX_ISABELA_ACAO_DBT_SBRAE_2025_EMP_FEM0198', '2025_3_BR_VÍDEO_PANTANAL_CERRADO_ANA_LUISA_ACAO_DBT_SBRAE_2025_CER_PAN0202', '2025_3_BR_VÍDEO_PANTANAL_CERRADO_BABI_ACAO_DBT_SBRAE_2025_CER_PAN0201']
18:07:38 DEBUG root › [aplicar_substituicoes_objetivo] Substituições aplicadas na coluna 'Objetivo'
18:07:38 INFO treat.utils.validations › [Validação] Totais de impressions e cost conferem: 93589875 imp, 368647.81 cost
18:07:38 WARNING treat.utils.validations › [Validação] Coluna 'ad_preview_link' vazia em 3 linha(s): 38, 45, 52
18:07:38 WARNING treat.utils.validations › [Validação] Coluna 'URL_do_Anuncio' vazia em 3 linha(s): 38, 45, 52
18:07:38 INFO load.origin_writer › ℹ️  Preparando write-back origin para 'tiktokGeral': 154 linhas × 23 colunas (com cabeçalho) = 3,565 células
18:07:38 DEBUG urllib3.connectionpool › https://sheets.googleapis.com:443 "POST /v4/spreadsheets/1DazUQxspLgT0utOFHcTINbFngXw7Fq0LOq6v4lRGixg/values:batchUpdate HTTP/1.1" 200 None
18:07:38 INFO load.origin_writer › ✅ Write-back concluído para 'tiktokGeral' (154 linhas × 23 colunas)
18:07:39 DEBUG googleapiclient.discovery › URL being requested: POST https://sheets.googleapis.com/v4/spreadsheets/1DazUQxspLgT0utOFHcTINbFngXw7Fq0LOq6v4lRGixg/values/modeloGeral%21A2:append?valueInputOption=RAW&insertDataOption=INSERT_ROWS&alt=json
18:07:39 DEBUG google_auth_httplib2 › Making request: POST https://oauth2.googleapis.com/token
18:07:40 INFO load.utils.append_records_to_sheet › ✅ 153 linhas adicionadas em 'modeloGeral' a partir de A2
18:07:40 INFO load.dest_writer › ✅ Gravadas 153 linha(s) em 'modeloGeral'
18:07:40 DEBUG __main__ › Aba 'tiktokGeral' processada – resultados armazenados
18:07:40 DEBUG urllib3.connectionpool › https://sheets.googleapis.com:443 "GET /v4/spreadsheets/1DazUQxspLgT0utOFHcTINbFngXw7Fq0LOq6v4lRGixg?includeGridData=false HTTP/1.1" 200 None
18:07:40 DEBUG urllib3.connectionpool › https://sheets.googleapis.com:443 "GET /v4/spreadsheets/1DazUQxspLgT0utOFHcTINbFngXw7Fq0LOq6v4lRGixg/values/%27tiktokIdade%27%21A1%3A1 HTTP/1.1" 200 None
18:07:40 WARNING treat.utils.validations › [Validação] 1 valor(es) de 'ad_group_name' fora da BI_PARAMETRIZAÇÃO (taxonomy_ad_group_name): ['"2025_3_BR_ALC_CPM_BRASIL, 18+, POPULAÇÃO EM GERAL + PERSONA ""DONAS DE PEQUENOS NEGÓCIOS"" + COBERTURA DE PALAVRAS-CHAVE RELACIONADAS"']
18:07:40 WARNING treat.utils.validations › [Validação] 8 valor(es) de 'ad_name' fora da BI_PARAMETRIZAÇÃO (taxonomy_ad_name): ['2025_3_BR_VÍDEO_MANIFESTO_ACAO_DBT_SBRAE_2025_EMP_FEM0070', '2025_3_BR_VÍDEO_MANIFESTO_ACAO_DBT_SBRAE_2025_EMP_FEM0071', '2025_3_BR_VÍDEO_MANIFESTO_ACAO_DBT_SBRAE_2025_EMP_FEM0069', '2025_3_BR_VÍDEO_TTCX_GAB_ACAO_DBT_SBRAE_2025_EMP_FEM0199', '2025_3_BR_VÍDEO_TTCX_GIOVANA_ACAO_DBT_SBRAE_2025_EMP_FEM0197', '2025_3_BR_VÍDEO_TTCX_ISABELA_ACAO_DBT_SBRAE_2025_EMP_FEM0198', '2025_3_BR_VÍDEO_PANTANAL_CERRADO_ANA_LUISA_ACAO_DBT_SBRAE_2025_CER_PAN0202', '2025_3_BR_VÍDEO_PANTANAL_CERRADO_BABI_ACAO_DBT_SBRAE_2025_CER_PAN0201']
18:07:41 DEBUG root › [aplicar_substituicoes_objetivo] Substituições aplicadas na coluna 'Objetivo'
18:07:41 INFO treat.utils.validations › [Validação] Totais de impressions e cost conferem: 93680723 imp, 368769.00 cost
18:07:41 WARNING treat.utils.validations › [Validação] Coluna 'URL_do_Anuncio' vazia em 746 linha(s): 0, 1, 2, 3, 4, 5, 6, 7, 8, 9, …
18:07:41 INFO load.origin_writer › ℹ️  Preparando write-back origin para 'tiktokIdade': 746 linhas × 15 colunas (com cabeçalho) = 11,205 células
18:07:42 DEBUG urllib3.connectionpool › https://sheets.googleapis.com:443 "POST /v4/spreadsheets/1DazUQxspLgT0utOFHcTINbFngXw7Fq0LOq6v4lRGixg/values:batchUpdate HTTP/1.1" 200 None
18:07:42 INFO load.origin_writer › ✅ Write-back concluído para 'tiktokIdade' (746 linhas × 15 colunas)
18:07:42 DEBUG googleapiclient.discovery › URL being requested: POST https://sheets.googleapis.com/v4/spreadsheets/1DazUQxspLgT0utOFHcTINbFngXw7Fq0LOq6v4lRGixg/values/modeloIdade%21A2:append?valueInputOption=RAW&insertDataOption=INSERT_ROWS&alt=json
18:07:42 DEBUG google_auth_httplib2 › Making request: POST https://oauth2.googleapis.com/token
18:07:44 INFO load.utils.append_records_to_sheet › ✅ 746 linhas adicionadas em 'modeloIdade' a partir de A2
18:07:44 INFO load.dest_writer › ✅ Gravadas 746 linha(s) em 'modeloIdade'
18:07:44 DEBUG __main__ › Aba 'tiktokIdade' processada – resultados armazenados
18:07:44 DEBUG urllib3.connectionpool › https://sheets.googleapis.com:443 "GET /v4/spreadsheets/1DazUQxspLgT0utOFHcTINbFngXw7Fq0LOq6v4lRGixg?includeGridData=false HTTP/1.1" 200 None
18:07:44 DEBUG urllib3.connectionpool › https://sheets.googleapis.com:443 "GET /v4/spreadsheets/1DazUQxspLgT0utOFHcTINbFngXw7Fq0LOq6v4lRGixg/values/%27tiktokGenero%27%21A1%3A1 HTTP/1.1" 200 None
18:07:44 WARNING treat.utils.validations › [Validação] 1 valor(es) de 'ad_group_name' fora da BI_PARAMETRIZAÇÃO (taxonomy_ad_group_name): ['"2025_3_BR_ALC_CPM_BRASIL, 18+, POPULAÇÃO EM GERAL + PERSONA ""DONAS DE PEQUENOS NEGÓCIOS"" + COBERTURA DE PALAVRAS-CHAVE RELACIONADAS"']
18:07:44 WARNING treat.utils.validations › [Validação] 8 valor(es) de 'ad_name' fora da BI_PARAMETRIZAÇÃO (taxonomy_ad_name): ['2025_3_BR_VÍDEO_MANIFESTO_ACAO_DBT_SBRAE_2025_EMP_FEM0070', '2025_3_BR_VÍDEO_MANIFESTO_ACAO_DBT_SBRAE_2025_EMP_FEM0071', '2025_3_BR_VÍDEO_MANIFESTO_ACAO_DBT_SBRAE_2025_EMP_FEM0069', '2025_3_BR_VÍDEO_TTCX_GAB_ACAO_DBT_SBRAE_2025_EMP_FEM0199', '2025_3_BR_VÍDEO_TTCX_GIOVANA_ACAO_DBT_SBRAE_2025_EMP_FEM0197', '2025_3_BR_VÍDEO_TTCX_ISABELA_ACAO_DBT_SBRAE_2025_EMP_FEM0198', '2025_3_BR_VÍDEO_PANTANAL_CERRADO_ANA_LUISA_ACAO_DBT_SBRAE_2025_CER_PAN0202', '2025_3_BR_VÍDEO_PANTANAL_CERRADO_BABI_ACAO_DBT_SBRAE_2025_CER_PAN0201']
18:07:44 DEBUG root › [aplicar_substituicoes_objetivo] Substituições aplicadas na coluna 'Objetivo'
18:07:44 INFO treat.utils.validations › [Validação] Totais de impressions e cost conferem: 93589875 imp, 368647.81 cost
18:07:44 WARNING treat.utils.validations › [Validação] Coluna 'URL_do_Anuncio' vazia em 257 linha(s): 0, 1, 2, 3, 4, 5, 6, 7, 8, 9, …
18:07:44 INFO load.origin_writer › ℹ️  Preparando write-back origin para 'tiktokGenero': 257 linhas × 15 colunas (com cabeçalho) = 3,870 células
18:07:45 DEBUG urllib3.connectionpool › https://sheets.googleapis.com:443 "POST /v4/spreadsheets/1DazUQxspLgT0utOFHcTINbFngXw7Fq0LOq6v4lRGixg/values:batchUpdate HTTP/1.1" 200 None
18:07:45 INFO load.origin_writer › ✅ Write-back concluído para 'tiktokGenero' (257 linhas × 15 colunas)
18:07:45 DEBUG googleapiclient.discovery › URL being requested: POST https://sheets.googleapis.com/v4/spreadsheets/1DazUQxspLgT0utOFHcTINbFngXw7Fq0LOq6v4lRGixg/values/modeloGenero%21A2:append?valueInputOption=RAW&insertDataOption=INSERT_ROWS&alt=json
18:07:45 DEBUG google_auth_httplib2 › Making request: POST https://oauth2.googleapis.com/token
18:07:46 INFO load.utils.append_records_to_sheet › ✅ 257 linhas adicionadas em 'modeloGenero' a partir de A2
18:07:46 INFO load.dest_writer › ✅ Gravadas 257 linha(s) em 'modeloGenero'
18:07:46 DEBUG __main__ › Aba 'tiktokGenero' processada – resultados armazenados
18:07:47 DEBUG urllib3.connectionpool › https://sheets.googleapis.com:443 "GET /v4/spreadsheets/1DazUQxspLgT0utOFHcTINbFngXw7Fq0LOq6v4lRGixg?includeGridData=false HTTP/1.1" 200 None
18:07:47 DEBUG urllib3.connectionpool › https://sheets.googleapis.com:443 "GET /v4/spreadsheets/1DazUQxspLgT0utOFHcTINbFngXw7Fq0LOq6v4lRGixg/values/%27tiktokRegiao%27%21A1%3A1 HTTP/1.1" 200 None
18:07:47 WARNING treat.utils.validations › [Validação] 1 valor(es) de 'ad_group_name' fora da BI_PARAMETRIZAÇÃO (taxonomy_ad_group_name): ['"2025_3_BR_ALC_CPM_BRASIL, 18+, POPULAÇÃO EM GERAL + PERSONA ""DONAS DE PEQUENOS NEGÓCIOS"" + COBERTURA DE PALAVRAS-CHAVE RELACIONADAS"']
18:07:47 WARNING treat.utils.validations › [Validação] 6 valor(es) de 'ad_name' fora da BI_PARAMETRIZAÇÃO (taxonomy_ad_name): ['2025_3_BR_VÍDEO_MANIFESTO_ACAO_DBT_SBRAE_2025_EMP_FEM0070', '2025_3_BR_VÍDEO_MANIFESTO_ACAO_DBT_SBRAE_2025_EMP_FEM0071', '2025_3_BR_VÍDEO_MANIFESTO_ACAO_DBT_SBRAE_2025_EMP_FEM0069', '2025_3_BR_VÍDEO_TTCX_GAB_ACAO_DBT_SBRAE_2025_EMP_FEM0199', '2025_3_BR_VÍDEO_TTCX_GIOVANA_ACAO_DBT_SBRAE_2025_EMP_FEM0197', '2025_3_BR_VÍDEO_TTCX_ISABELA_ACAO_DBT_SBRAE_2025_EMP_FEM0198']
18:07:47 DEBUG root › [aplicar_substituicoes_objetivo] Substituições aplicadas na coluna 'Objetivo'
18:07:47 INFO treat.utils.validations › [Validação] Totais de impressions e cost conferem: 85925942 imp, 351383.54 cost
18:07:47 WARNING treat.utils.validations › [Validação] Coluna 'URL_do_Anuncio' vazia em 3023 linha(s): 0, 1, 2, 3, 4, 5, 6, 7, 8, 9, …
18:07:47 INFO load.origin_writer › ℹ️  Preparando write-back origin para 'tiktokRegiao': 3023 linhas × 15 colunas (com cabeçalho) = 45,360 células
18:07:49 DEBUG urllib3.connectionpool › https://sheets.googleapis.com:443 "POST /v4/spreadsheets/1DazUQxspLgT0utOFHcTINbFngXw7Fq0LOq6v4lRGixg/values:batchUpdate HTTP/1.1" 200 None
18:07:49 INFO load.origin_writer › ✅ Write-back concluído para 'tiktokRegiao' (3023 linhas × 15 colunas)
18:07:50 DEBUG googleapiclient.discovery › URL being requested: POST https://sheets.googleapis.com/v4/spreadsheets/1DazUQxspLgT0utOFHcTINbFngXw7Fq0LOq6v4lRGixg/values/modeloRegiao%21A2:append?valueInputOption=RAW&insertDataOption=INSERT_ROWS&alt=json
18:07:50 DEBUG google_auth_httplib2 › Making request: POST https://oauth2.googleapis.com/token
18:07:53 INFO load.utils.append_records_to_sheet › ✅ 3023 linhas adicionadas em 'modeloRegiao' a partir de A2
18:07:53 INFO load.dest_writer › ✅ Gravadas 3023 linha(s) em 'modeloRegiao'
18:07:53 DEBUG __main__ › Aba 'tiktokRegiao' processada – resultados armazenados
18:07:53 DEBUG urllib3.connectionpool › https://sheets.googleapis.com:443 "GET /v4/spreadsheets/1DazUQxspLgT0utOFHcTINbFngXw7Fq0LOq6v4lRGixg?includeGridData=false HTTP/1.1" 200 None
18:07:54 DEBUG urllib3.connectionpool › https://sheets.googleapis.com:443 "GET /v4/spreadsheets/1DazUQxspLgT0utOFHcTINbFngXw7Fq0LOq6v4lRGixg/values/%27tiktokAlcance%27%21A1%3A1 HTTP/1.1" 200 None
18:07:54 WARNING treat.utils.validations › [Validação] 1 valor(es) de 'ad_group_name' fora da BI_PARAMETRIZAÇÃO (taxonomy_ad_group_name): ['"2025_3_BR_ALC_CPM_BRASIL, 18+, POPULAÇÃO EM GERAL + PERSONA ""DONAS DE PEQUENOS NEGÓCIOS"" + COBERTURA DE PALAVRAS-CHAVE RELACIONADAS"']
18:07:54 WARNING treat.utils.validations › [Validação] 8 valor(es) de 'ad_name' fora da BI_PARAMETRIZAÇÃO (taxonomy_ad_name): ['2025_3_BR_VÍDEO_MANIFESTO_ACAO_DBT_SBRAE_2025_EMP_FEM0070', '2025_3_BR_VÍDEO_MANIFESTO_ACAO_DBT_SBRAE_2025_EMP_FEM0071', '2025_3_BR_VÍDEO_MANIFESTO_ACAO_DBT_SBRAE_2025_EMP_FEM0069', '2025_3_BR_VÍDEO_TTCX_GAB_ACAO_DBT_SBRAE_2025_EMP_FEM0199', '2025_3_BR_VÍDEO_TTCX_GIOVANA_ACAO_DBT_SBRAE_2025_EMP_FEM0197', '2025_3_BR_VÍDEO_TTCX_ISABELA_ACAO_DBT_SBRAE_2025_EMP_FEM0198', '2025_3_BR_VÍDEO_PANTANAL_CERRADO_ANA_LUISA_ACAO_DBT_SBRAE_2025_CER_PAN0202', '2025_3_BR_VÍDEO_PANTANAL_CERRADO_BABI_ACAO_DBT_SBRAE_2025_CER_PAN0201']
18:07:54 DEBUG root › [aplicar_substituicoes_objetivo] Substituições aplicadas na coluna 'Objetivo'
18:07:54 WARNING treat.utils.validations › [Validação] Coluna 'cost' ausente em df_raw ou df_ok; pulando aggregate check
18:07:54 WARNING treat.utils.validations › [Validação] Coluna 'placement' vazia em 3 linha(s): 38, 45, 52
18:07:54 WARNING treat.utils.validations › [Validação] Coluna 'URL_do_Anuncio' vazia em 127 linha(s): 0, 1, 2, 3, 4, 5, 6, 7, 8, 9, …
18:07:54 INFO load.origin_writer › ℹ️  Preparando write-back origin para 'tiktokAlcance': 127 linhas × 12 colunas (com cabeçalho) = 1,536 células
18:07:54 DEBUG urllib3.connectionpool › https://sheets.googleapis.com:443 "POST /v4/spreadsheets/1DazUQxspLgT0utOFHcTINbFngXw7Fq0LOq6v4lRGixg/values:batchUpdate HTTP/1.1" 200 None
18:07:54 INFO load.origin_writer › ✅ Write-back concluído para 'tiktokAlcance' (127 linhas × 12 colunas)
18:07:54 DEBUG googleapiclient.discovery › URL being requested: POST https://sheets.googleapis.com/v4/spreadsheets/1DazUQxspLgT0utOFHcTINbFngXw7Fq0LOq6v4lRGixg/values/modeloAlcance%21A2:append?valueInputOption=RAW&insertDataOption=INSERT_ROWS&alt=json
18:07:54 DEBUG google_auth_httplib2 › Making request: POST https://oauth2.googleapis.com/token
18:07:55 INFO load.utils.append_records_to_sheet › ✅ 127 linhas adicionadas em 'modeloAlcance' a partir de A2
18:07:55 INFO load.dest_writer › ✅ Gravadas 127 linha(s) em 'modeloAlcance'
18:07:55 DEBUG __main__ › Aba 'tiktokAlcance' processada – resultados armazenados
18:07:56 DEBUG urllib3.connectionpool › https://sheets.googleapis.com:443 "GET /v4/spreadsheets/1DazUQxspLgT0utOFHcTINbFngXw7Fq0LOq6v4lRGixg?includeGridData=false HTTP/1.1" 200 None
18:07:56 DEBUG urllib3.connectionpool › https://sheets.googleapis.com:443 "GET /v4/spreadsheets/1DazUQxspLgT0utOFHcTINbFngXw7Fq0LOq6v4lRGixg/values/%27pinterestGeral%27%21A1%3A1 HTTP/1.1" 200 None
18:07:56 WARNING treat.utils.validations › [Validação] 2 valor(es) de 'ad_group_name' fora da BI_PARAMETRIZAÇÃO (taxonomy_ad_group_name): ['2025_3_BR_ALC_CPC_BRASIL, 18+, POPULAÇÃO EM GERAL +BRASIL, 18+, POPULAÇÃO EM GERAL + COBERTURA DE PALAVRAS-CHAVE RELACIONADAS', '2025_3_BR_ALC_CPM_BRASIL, 18+, POPULAÇÃO EM GERAL +BRASIL, 18+, POPULAÇÃO EM GERAL + COBERTURA DE PALAVRAS-CHAVE RELACIONADAS']
18:07:56 WARNING treat.utils.validations › [Validação] 6 valor(es) de 'ad_name' fora da BI_PARAMETRIZAÇÃO (taxonomy_ad_name): ['2025_3_BR_CARD_NAT_ACAO_DBT_SBRAE_2025_EMP_FEM0104', '2025_3_BR_CARD_SILVANA_ACAO_DBT_SBRAE_2025_EMP_FEM0115', '2025_3_BR_VÍDEO_MANIFESTO_ACAO_DBT_SBRAE_2025_EMP_FEM0103', '2025_3_BR_VÍDEO_MANIFESTO_ACAO_DBT_SBRAE_2025_EMP_FEM0111', '2025_3_EMPREENDEDORISMO FEMININO_ALC_COMERCIALIZAÇÃO_CPM', '2025_3_BR_CARD_CINTIA_ACAO_DBT_SBRAE_2025_EMP_FEM0113']
18:07:56 DEBUG root › [aplicar_substituicoes_objetivo] Substituições aplicadas na coluna 'Objetivo'
18:07:56 INFO treat.utils.validations › [Validação] Totais de impressions e cost conferem: 23660586 imp, 71701.32 cost
18:07:56 INFO load.origin_writer › ℹ️  Preparando write-back origin para 'pinterestGeral': 905 linhas × 21 colunas (com cabeçalho) = 19,026 células
18:07:57 DEBUG urllib3.connectionpool › https://sheets.googleapis.com:443 "POST /v4/spreadsheets/1DazUQxspLgT0utOFHcTINbFngXw7Fq0LOq6v4lRGixg/values:batchUpdate HTTP/1.1" 200 None
18:07:57 INFO load.origin_writer › ✅ Write-back concluído para 'pinterestGeral' (905 linhas × 21 colunas)
18:07:58 DEBUG googleapiclient.discovery › URL being requested: POST https://sheets.googleapis.com/v4/spreadsheets/1DazUQxspLgT0utOFHcTINbFngXw7Fq0LOq6v4lRGixg/values/modeloGeral%21A2:append?valueInputOption=RAW&insertDataOption=INSERT_ROWS&alt=json
18:07:58 DEBUG google_auth_httplib2 › Making request: POST https://oauth2.googleapis.com/token
18:08:00 INFO load.utils.append_records_to_sheet › ✅ 905 linhas adicionadas em 'modeloGeral' a partir de A2
18:08:00 INFO load.dest_writer › ✅ Gravadas 905 linha(s) em 'modeloGeral'
18:08:00 DEBUG __main__ › Aba 'pinterestGeral' processada – resultados armazenados
18:08:00 DEBUG urllib3.connectionpool › https://sheets.googleapis.com:443 "GET /v4/spreadsheets/1DazUQxspLgT0utOFHcTINbFngXw7Fq0LOq6v4lRGixg?includeGridData=false HTTP/1.1" 200 None
18:08:00 DEBUG urllib3.connectionpool › https://sheets.googleapis.com:443 "GET /v4/spreadsheets/1DazUQxspLgT0utOFHcTINbFngXw7Fq0LOq6v4lRGixg/values/%27pinterestGenero%27%21A1%3A1 HTTP/1.1" 200 None
18:08:00 INFO load.origin_writer › ℹ️  Preparando write-back origin para 'pinterestGenero': 1 linhas × 13 colunas (com cabeçalho) = 26 células
18:08:01 DEBUG urllib3.connectionpool › https://sheets.googleapis.com:443 "POST /v4/spreadsheets/1DazUQxspLgT0utOFHcTINbFngXw7Fq0LOq6v4lRGixg/values:batchUpdate HTTP/1.1" 200 None
18:08:01 INFO load.origin_writer › ✅ Write-back concluído para 'pinterestGenero' (1 linhas × 13 colunas)
18:08:01 INFO extract.sheets_fetcher › 🔄 batchGet tentativa para ranges: ['pinterestGeral!A:ZZ']
18:08:01 DEBUG googleapiclient.discovery › URL being requested: GET https://sheets.googleapis.com/v4/spreadsheets/1DazUQxspLgT0utOFHcTINbFngXw7Fq0LOq6v4lRGixg/values:batchGet?ranges=pinterestGeral%21A%3AZZ&alt=json
18:08:01 INFO extract.sheets_fetcher › 🔍 range completo retornado pela API: pinterestGeral!A1:U906
18:08:01 INFO extract.sheets_fetcher › 📡 batchGet 1 ranges
18:08:01 INFO treat.utils.merges.pinterest.pinterest_dimension_pin_id_merge › ✅ merge_pinterest_dimension – 0 linhas (gender)
18:08:01 INFO load.dest_writer › Destino 'genero': DataFrame vazio – nada a gravar
18:08:01 DEBUG __main__ › Aba 'pinterestGenero' processada – resultados armazenados
18:08:02 DEBUG urllib3.connectionpool › https://sheets.googleapis.com:443 "GET /v4/spreadsheets/1DazUQxspLgT0utOFHcTINbFngXw7Fq0LOq6v4lRGixg?includeGridData=false HTTP/1.1" 200 None
18:08:02 DEBUG urllib3.connectionpool › https://sheets.googleapis.com:443 "GET /v4/spreadsheets/1DazUQxspLgT0utOFHcTINbFngXw7Fq0LOq6v4lRGixg/values/%27pinterestIdade%27%21A1%3A1 HTTP/1.1" 200 None
18:08:02 INFO load.origin_writer › ℹ️  Preparando write-back origin para 'pinterestIdade': 1 linhas × 13 colunas (com cabeçalho) = 26 células
18:08:02 DEBUG urllib3.connectionpool › https://sheets.googleapis.com:443 "POST /v4/spreadsheets/1DazUQxspLgT0utOFHcTINbFngXw7Fq0LOq6v4lRGixg/values:batchUpdate HTTP/1.1" 200 None
18:08:02 INFO load.origin_writer › ✅ Write-back concluído para 'pinterestIdade' (1 linhas × 13 colunas)
18:08:02 INFO extract.sheets_fetcher › 📥 Cache hit para ('pinterestGeral',)
18:08:02 INFO treat.utils.merges.pinterest.pinterest_dimension_pin_id_merge › ✅ merge_pinterest_dimension – 0 linhas (age)
18:08:02 INFO load.dest_writer › Destino 'idade': DataFrame vazio – nada a gravar
18:08:02 DEBUG __main__ › Aba 'pinterestIdade' processada – resultados armazenados
18:08:03 DEBUG urllib3.connectionpool › https://sheets.googleapis.com:443 "GET /v4/spreadsheets/1DazUQxspLgT0utOFHcTINbFngXw7Fq0LOq6v4lRGixg?includeGridData=false HTTP/1.1" 200 None
18:08:03 DEBUG urllib3.connectionpool › https://sheets.googleapis.com:443 "GET /v4/spreadsheets/1DazUQxspLgT0utOFHcTINbFngXw7Fq0LOq6v4lRGixg/values/%27pinterestRegiao%27%21A1%3A1 HTTP/1.1" 200 None
18:08:03 INFO load.origin_writer › ℹ️  Preparando write-back origin para 'pinterestRegiao': 1 linhas × 13 colunas (com cabeçalho) = 26 células
18:08:03 DEBUG urllib3.connectionpool › https://sheets.googleapis.com:443 "POST /v4/spreadsheets/1DazUQxspLgT0utOFHcTINbFngXw7Fq0LOq6v4lRGixg/values:batchUpdate HTTP/1.1" 200 None
18:08:03 INFO load.origin_writer › ✅ Write-back concluído para 'pinterestRegiao' (1 linhas × 13 colunas)
18:08:03 INFO extract.sheets_fetcher › 📥 Cache hit para ('pinterestGeral',)
18:08:03 INFO treat.utils.merges.pinterest.pinterest_dimension_pin_id_merge › ✅ merge_pinterest_dimension – 0 linhas (region)
18:08:03 INFO load.dest_writer › Destino 'regiao': DataFrame vazio – nada a gravar
18:08:03 DEBUG __main__ › Aba 'pinterestRegiao' processada – resultados armazenados
18:08:04 DEBUG urllib3.connectionpool › https://sheets.googleapis.com:443 "GET /v4/spreadsheets/1DazUQxspLgT0utOFHcTINbFngXw7Fq0LOq6v4lRGixg?includeGridData=false HTTP/1.1" 200 None
18:08:04 DEBUG urllib3.connectionpool › https://sheets.googleapis.com:443 "GET /v4/spreadsheets/1DazUQxspLgT0utOFHcTINbFngXw7Fq0LOq6v4lRGixg/values/%27pinterestAlcance%27%21A1%3A1 HTTP/1.1" 200 None
18:08:04 DEBUG root › [aplicar_substituicoes_objetivo] Substituições aplicadas na coluna 'Objetivo'
18:08:04 WARNING treat.utils.validations › [Validação] Coluna 'impressions' ausente em df_raw ou df_ok; pulando aggregate check
18:08:04 INFO load.origin_writer › ℹ️  Preparando write-back origin para 'pinterestAlcance': 0 linhas × 14 colunas (com cabeçalho) = 28 células
18:08:05 DEBUG urllib3.connectionpool › https://sheets.googleapis.com:443 "POST /v4/spreadsheets/1DazUQxspLgT0utOFHcTINbFngXw7Fq0LOq6v4lRGixg/values:batchUpdate HTTP/1.1" 200 None
18:08:05 INFO load.origin_writer › ✅ Write-back concluído para 'pinterestAlcance' (0 linhas × 14 colunas)
18:08:05 INFO load.dest_writer › Destino 'alcance': DataFrame vazio – nada a gravar
18:08:05 DEBUG __main__ › Aba 'pinterestAlcance' processada – resultados armazenados
18:08:05 DEBUG urllib3.connectionpool › https://sheets.googleapis.com:443 "GET /v4/spreadsheets/1DazUQxspLgT0utOFHcTINbFngXw7Fq0LOq6v4lRGixg?includeGridData=false HTTP/1.1" 200 None
18:08:05 DEBUG urllib3.connectionpool › https://sheets.googleapis.com:443 "GET /v4/spreadsheets/1DazUQxspLgT0utOFHcTINbFngXw7Fq0LOq6v4lRGixg/values/%27linkedinGeral%27%21A1%3A1 HTTP/1.1" 200 None
18:08:05 WARNING treat.utils.validations › [Validação] Coluna 'ad_group_name' inexistente em df_ok
18:08:05 DEBUG treat.utils.atribuicoes_via_lookup › >>> atribuir_veiculo_por_criativo (usando BIParamLookup)
18:08:05 WARNING treat.utils.atribuicoes_via_lookup › Colunas 'CRIATIVO' ou 'VEÍCULOS' não encontradas em BI_PARAMETRIZAÇÃO.
18:08:05 DEBUG root › Exemplo de mapeamentos de preview gerados para LinkedIn:
18:08:05 DEBUG root › dbt_sbrae_2025_catalisa0000 -> https://www.instagram.com/p/DGdXuL7AGY0/#advertiser
18:08:05 DEBUG root › dbt_sbrae_2025_catalisa0001 -> https://www.instagram.com/p/DGdXuL7AGY0/#advertiser
18:08:05 DEBUG root › dbt_sbrae_2025_catalisa0002 -> https://www.instagram.com/p/DGgVgE6gMQ8/#advertiser
18:08:05 DEBUG root › dbt_sbrae_2025_catalisa0003 -> https://www.instagram.com/p/DGdXuL7AGY0/#advertiser
18:08:05 DEBUG root › dbt_sbrae_2025_catalisa0004 -> https://www.instagram.com/p/DGgVgE6gMQ8/#advertiser
18:08:05 DEBUG urllib3.util.retry › Converted retries value: 3 -> Retry(total=3, connect=None, read=None, redirect=None, status=None)
18:08:05 DEBUG urllib3.connectionpool › Starting new HTTPS connection (1): oauth2.googleapis.com:443
18:08:06 DEBUG urllib3.connectionpool › https://oauth2.googleapis.com:443 "POST /token HTTP/1.1" 200 None
18:08:06 DEBUG urllib3.connectionpool › Starting new HTTPS connection (1): sheets.googleapis.com:443
18:08:06 DEBUG urllib3.connectionpool › https://sheets.googleapis.com:443 "GET /v4/spreadsheets/1DazUQxspLgT0utOFHcTINbFngXw7Fq0LOq6v4lRGixg?includeGridData=false HTTP/1.1" 200 None
18:08:07 DEBUG urllib3.connectionpool › https://sheets.googleapis.com:443 "GET /v4/spreadsheets/1DazUQxspLgT0utOFHcTINbFngXw7Fq0LOq6v4lRGixg?includeGridData=false HTTP/1.1" 200 None
18:08:07 DEBUG urllib3.connectionpool › https://sheets.googleapis.com:443 "GET /v4/spreadsheets/1DazUQxspLgT0utOFHcTINbFngXw7Fq0LOq6v4lRGixg/values/%27BI_PARAMETRIZA%C3%87%C3%83O%27 HTTP/1.1" 200 None
18:08:07 DEBUG root › [aplicar_substituicoes_objetivo] Substituições aplicadas na coluna 'Objetivo'
18:08:07 INFO treat.utils.validations › [Validação] Totais de impressions e cost conferem: 0 imp, 0.00 cost
18:08:07 INFO load.origin_writer › ℹ️  Preparando write-back origin para 'linkedinGeral': 0 linhas × 21 colunas (com cabeçalho) = 42 células
18:08:07 DEBUG urllib3.connectionpool › https://sheets.googleapis.com:443 "POST /v4/spreadsheets/1DazUQxspLgT0utOFHcTINbFngXw7Fq0LOq6v4lRGixg/values:batchUpdate HTTP/1.1" 200 None
18:08:07 INFO load.origin_writer › ✅ Write-back concluído para 'linkedinGeral' (0 linhas × 21 colunas)
18:08:07 INFO load.dest_writer › Destino 'geral': DataFrame vazio – nada a gravar
18:08:07 DEBUG __main__ › Aba 'linkedinGeral' processada – resultados armazenados
18:08:08 DEBUG urllib3.connectionpool › https://sheets.googleapis.com:443 "GET /v4/spreadsheets/1DazUQxspLgT0utOFHcTINbFngXw7Fq0LOq6v4lRGixg?includeGridData=false HTTP/1.1" 200 None
18:08:08 DEBUG urllib3.connectionpool › https://sheets.googleapis.com:443 "GET /v4/spreadsheets/1DazUQxspLgT0utOFHcTINbFngXw7Fq0LOq6v4lRGixg/values/%27linkedinRegiao%27%21A1%3A1 HTTP/1.1" 200 None
18:08:08 WARNING treat.utils.validations › [Validação] Coluna 'ad_group_name' inexistente em df_ok
18:08:08 WARNING treat.utils.validations › [Validação] Coluna 'ad_name' inexistente em df_ok
18:08:08 DEBUG treat.bi_param_utils › [BIParamLookup] coluna 'ad_name' ausente; skip fill_utm_content
18:08:08 DEBUG treat.utils.atribuicoes_via_lookup › >>> atribuir_veiculo_por_criativo (usando BIParamLookup)
18:08:08 WARNING treat.utils.atribuicoes_via_lookup › Colunas 'CRIATIVO' ou 'VEÍCULOS' não encontradas em BI_PARAMETRIZAÇÃO.
18:08:08 DEBUG root › Exemplo de mapeamentos de preview gerados para LinkedIn:
18:08:08 DEBUG root › dbt_sbrae_2025_catalisa0000 -> https://www.instagram.com/p/DGdXuL7AGY0/#advertiser
18:08:08 DEBUG root › dbt_sbrae_2025_catalisa0001 -> https://www.instagram.com/p/DGdXuL7AGY0/#advertiser
18:08:08 DEBUG root › dbt_sbrae_2025_catalisa0002 -> https://www.instagram.com/p/DGgVgE6gMQ8/#advertiser
18:08:08 DEBUG root › dbt_sbrae_2025_catalisa0003 -> https://www.instagram.com/p/DGdXuL7AGY0/#advertiser
18:08:08 DEBUG root › dbt_sbrae_2025_catalisa0004 -> https://www.instagram.com/p/DGgVgE6gMQ8/#advertiser
18:08:08 DEBUG urllib3.util.retry › Converted retries value: 3 -> Retry(total=3, connect=None, read=None, redirect=None, status=None)
18:08:08 DEBUG urllib3.connectionpool › Starting new HTTPS connection (1): oauth2.googleapis.com:443
18:08:09 DEBUG urllib3.connectionpool › https://oauth2.googleapis.com:443 "POST /token HTTP/1.1" 200 None
18:08:09 DEBUG urllib3.connectionpool › Starting new HTTPS connection (1): sheets.googleapis.com:443
18:08:09 DEBUG urllib3.connectionpool › https://sheets.googleapis.com:443 "GET /v4/spreadsheets/1DazUQxspLgT0utOFHcTINbFngXw7Fq0LOq6v4lRGixg?includeGridData=false HTTP/1.1" 200 None
18:08:10 DEBUG urllib3.connectionpool › https://sheets.googleapis.com:443 "GET /v4/spreadsheets/1DazUQxspLgT0utOFHcTINbFngXw7Fq0LOq6v4lRGixg?includeGridData=false HTTP/1.1" 200 None
18:08:10 DEBUG urllib3.connectionpool › https://sheets.googleapis.com:443 "GET /v4/spreadsheets/1DazUQxspLgT0utOFHcTINbFngXw7Fq0LOq6v4lRGixg/values/%27BI_PARAMETRIZA%C3%87%C3%83O%27 HTTP/1.1" 200 None
18:08:10 DEBUG root › [aplicar_substituicoes_objetivo] Substituições aplicadas na coluna 'Objetivo'
18:08:10 INFO treat.utils.validations › [Validação] Totais de impressions e cost conferem: 0 imp, 0.00 cost
18:08:10 INFO load.origin_writer › ℹ️  Preparando write-back origin para 'linkedinRegiao': 0 linhas × 13 colunas (com cabeçalho) = 26 células
18:08:11 DEBUG urllib3.connectionpool › https://sheets.googleapis.com:443 "POST /v4/spreadsheets/1DazUQxspLgT0utOFHcTINbFngXw7Fq0LOq6v4lRGixg/values:batchUpdate HTTP/1.1" 200 None
18:08:11 INFO load.origin_writer › ✅ Write-back concluído para 'linkedinRegiao' (0 linhas × 13 colunas)
18:08:11 INFO load.dest_writer › Destino 'regiao': DataFrame vazio – nada a gravar
18:08:11 DEBUG __main__ › Aba 'linkedinRegiao' processada – resultados armazenados
18:08:11 DEBUG urllib3.connectionpool › https://sheets.googleapis.com:443 "GET /v4/spreadsheets/1DazUQxspLgT0utOFHcTINbFngXw7Fq0LOq6v4lRGixg?includeGridData=false HTTP/1.1" 200 None
18:08:11 DEBUG urllib3.connectionpool › https://sheets.googleapis.com:443 "GET /v4/spreadsheets/1DazUQxspLgT0utOFHcTINbFngXw7Fq0LOq6v4lRGixg/values/%27linkedinAlcance%27%21A1%3A1 HTTP/1.1" 200 None
18:08:11 WARNING treat.utils.validations › [Validação] Coluna 'ad_group_name' inexistente em df_ok
18:08:11 WARNING treat.utils.validations › [Validação] Coluna 'ad_name' inexistente em df_ok
18:08:11 DEBUG treat.bi_param_utils › [BIParamLookup] coluna 'ad_name' ausente; skip fill_utm_content
18:08:12 DEBUG treat.utils.atribuicoes_via_lookup › >>> atribuir_veiculo_por_criativo (usando BIParamLookup)
18:08:12 WARNING treat.utils.atribuicoes_via_lookup › Colunas 'CRIATIVO' ou 'VEÍCULOS' não encontradas em BI_PARAMETRIZAÇÃO.
18:08:12 DEBUG root › Exemplo de mapeamentos de preview gerados para LinkedIn:
18:08:12 DEBUG root › dbt_sbrae_2025_catalisa0000 -> https://www.instagram.com/p/DGdXuL7AGY0/#advertiser
18:08:12 DEBUG root › dbt_sbrae_2025_catalisa0001 -> https://www.instagram.com/p/DGdXuL7AGY0/#advertiser
18:08:12 DEBUG root › dbt_sbrae_2025_catalisa0002 -> https://www.instagram.com/p/DGgVgE6gMQ8/#advertiser
18:08:12 DEBUG root › dbt_sbrae_2025_catalisa0003 -> https://www.instagram.com/p/DGdXuL7AGY0/#advertiser
18:08:12 DEBUG root › dbt_sbrae_2025_catalisa0004 -> https://www.instagram.com/p/DGgVgE6gMQ8/#advertiser
18:08:12 DEBUG urllib3.util.retry › Converted retries value: 3 -> Retry(total=3, connect=None, read=None, redirect=None, status=None)
18:08:12 DEBUG urllib3.connectionpool › Starting new HTTPS connection (1): oauth2.googleapis.com:443
18:08:12 DEBUG urllib3.connectionpool › https://oauth2.googleapis.com:443 "POST /token HTTP/1.1" 200 None
18:08:12 DEBUG urllib3.connectionpool › Starting new HTTPS connection (1): sheets.googleapis.com:443
18:08:12 DEBUG urllib3.connectionpool › https://sheets.googleapis.com:443 "GET /v4/spreadsheets/1DazUQxspLgT0utOFHcTINbFngXw7Fq0LOq6v4lRGixg?includeGridData=false HTTP/1.1" 200 None
18:08:13 DEBUG urllib3.connectionpool › https://sheets.googleapis.com:443 "GET /v4/spreadsheets/1DazUQxspLgT0utOFHcTINbFngXw7Fq0LOq6v4lRGixg?includeGridData=false HTTP/1.1" 200 None
18:08:13 DEBUG urllib3.connectionpool › https://sheets.googleapis.com:443 "GET /v4/spreadsheets/1DazUQxspLgT0utOFHcTINbFngXw7Fq0LOq6v4lRGixg/values/%27BI_PARAMETRIZA%C3%87%C3%83O%27 HTTP/1.1" 200 None
18:08:13 DEBUG root › [aplicar_substituicoes_objetivo] Substituições aplicadas na coluna 'Objetivo'
18:08:13 WARNING treat.utils.validations › [Validação] Coluna 'cost' ausente em df_raw ou df_ok; pulando aggregate check
18:08:13 INFO load.origin_writer › ℹ️  Preparando write-back origin para 'linkedinAlcance': 0 linhas × 10 colunas (com cabeçalho) = 20 células
18:08:14 DEBUG urllib3.connectionpool › https://sheets.googleapis.com:443 "POST /v4/spreadsheets/1DazUQxspLgT0utOFHcTINbFngXw7Fq0LOq6v4lRGixg/values:batchUpdate HTTP/1.1" 200 None
18:08:14 INFO load.origin_writer › ✅ Write-back concluído para 'linkedinAlcance' (0 linhas × 10 colunas)
18:08:14 INFO load.dest_writer › Destino 'alcance': DataFrame vazio – nada a gravar
18:08:14 DEBUG __main__ › Aba 'linkedinAlcance' processada – resultados armazenados
18:08:14 INFO __main__ › 🔸 GAGeral: apenas write-back de origem; destino será ignorado
18:08:14 DEBUG urllib3.connectionpool › https://sheets.googleapis.com:443 "GET /v4/spreadsheets/1DazUQxspLgT0utOFHcTINbFngXw7Fq0LOq6v4lRGixg?includeGridData=false HTTP/1.1" 200 None
18:08:14 DEBUG urllib3.connectionpool › https://sheets.googleapis.com:443 "GET /v4/spreadsheets/1DazUQxspLgT0utOFHcTINbFngXw7Fq0LOq6v4lRGixg/values/%27GAGeral%27%21A1%3A1 HTTP/1.1" 200 None
18:08:14 WARNING treat.utils.validations › [Validação] 2 valor(es) de 'campaign_name' fora da BI_PARAMETRIZAÇÃO (taxonomy_campaign_name): ['dbt_sbrae_2025_catalisa', 'dbt_sbrae_2025_emp_fem']
18:08:14 WARNING treat.utils.validations › [Validação] Coluna 'ad_group_name' vazia em 4692 linha(s)
18:08:14 WARNING treat.utils.validations › [Validação] Coluna 'ad_name' vazia em 4692 linha(s)
18:08:14 DEBUG root › [aplicar_substituicoes_objetivo] Substituições aplicadas na coluna 'Objetivo'
18:08:14 WARNING treat.utils.validations › [Validação] Coluna 'impressions' ausente em df_raw ou df_ok; pulando aggregate check
18:08:15 WARNING treat.utils.validations › [Validação] Coluna 'ID_Veiculo' vazia em 4692 linha(s): 0, 1, 2, 3, 4, 5, 6, 7, 8, 9, …
18:08:15 WARNING treat.utils.validations › [Validação] Coluna 'ad_group_name' vazia em 4692 linha(s): 0, 1, 2, 3, 4, 5, 6, 7, 8, 9, …
18:08:15 WARNING treat.utils.validations › [Validação] Coluna 'ad_name' vazia em 4692 linha(s): 0, 1, 2, 3, 4, 5, 6, 7, 8, 9, …
18:08:15 INFO load.origin_writer › ℹ️  Preparando write-back origin para 'GAGeral': 4692 linhas × 24 colunas (com cabeçalho) = 112,632 células
18:08:19 DEBUG urllib3.connectionpool › https://sheets.googleapis.com:443 "POST /v4/spreadsheets/1DazUQxspLgT0utOFHcTINbFngXw7Fq0LOq6v4lRGixg/values:batchUpdate HTTP/1.1" 200 None
18:08:19 INFO load.origin_writer › ✅ Write-back concluído para 'GAGeral' (4692 linhas × 24 colunas)
18:08:19 INFO __main__ › 🔸 GAGeral: write-back de destino ignorado (Google Analytics)
18:08:19 DEBUG __main__ › Aba 'GAGeral' processada – resultados armazenados
18:08:19 INFO __main__ › ✅ Processamento de todas as abas concluído
18:08:19 INFO __main__ › 🔍 Validando consistência de datas entre modelos …
18:08:19 WARNING treat.utils.validations › [Consistência Datas] Aba metaGeral: campanha='Empreendedorismo Feminino', veículo='Facebook' tem múltiplos start: {'2025-03-08', '2025-03-20'}
18:08:19 WARNING treat.utils.validations › [Consistência Datas] Aba metaGeral: campanha='Empreendedorismo Feminino', veículo='Instagram' tem múltiplos start: {'2025-03-08', '2025-03-20'}
18:08:19 WARNING treat.utils.validations › [Consistência Datas] Aba metaGeral: campanha='Inova Cerrado e Pantanal', veículo='Facebook' tem múltiplos start: {'2025-03-13', '2025-03-12'}
18:08:19 WARNING treat.utils.validations › [Consistência Datas] Aba metaGeral: campanha='Inova Pantanal', veículo='Facebook' tem múltiplos start: {'2025-03-13', '2025-03-12'}
18:08:19 WARNING treat.utils.validations › [Consistência Datas] Aba metaGeral: campanha='Inova Cerrado e Pantanal', veículo='Instagram' tem múltiplos start: {'2025-03-13', '2025-03-12'}
18:08:19 WARNING treat.utils.validations › [Consistência Datas] Aba metaGeral: campanha='Inova Pantanal', veículo='Instagram' tem múltiplos start: {'2025-03-13', '2025-03-12'}
18:08:19 WARNING treat.utils.validations › [Consistência Datas] Aba tiktokGeral: campanha='Empreendedorismo Feminino', veículo='TikTok' tem múltiplos start: {'2025-03-08', '2025-03-21'}
18:08:19 WARNING treat.utils.validations › [Consistência Datas] Aba pinterestGeral: campanha='Empreendedorismo Feminino', veículo='Pinterest' tem múltiplos start: {'2025-03-08', '2025-03-20', '2025-03-07'}
18:08:19 WARNING treat.utils.validations › [Consistência Datas] Aba tiktokGeral: campanha='Empreendedorismo Feminino', veículo='TikTok' tem múltiplos end: {'2025-03-31', '2025-04-01', '2025-04-04'}
18:08:19 WARNING treat.utils.validations › [Consistência Datas] Entre abas: campanha='Empreendedorismo Feminino', veículo='Instagram' tem inconsistência start/end em metaGeral
18:08:19 WARNING treat.utils.validations › [Consistência Datas] Entre abas: campanha='Inova Cerrado e Pantanal', veículo='Instagram' tem inconsistência start/end em metaGeral
18:08:19 WARNING treat.utils.validations › [Consistência Datas] Entre abas: campanha='Inova Pantanal', veículo='Instagram' tem inconsistência start/end em metaGeral
18:08:19 WARNING treat.utils.validations › [Consistência Datas] Entre abas: campanha='Empreendedorismo Feminino', veículo='Facebook' tem inconsistência start/end em metaGeral
18:08:19 WARNING treat.utils.validations › [Consistência Datas] Entre abas: campanha='Empreendedorismo Feminino', veículo='TikTok' tem inconsistência start/end em tiktokGeral
18:08:19 WARNING treat.utils.validations › [Consistência Datas] Entre abas: campanha='Empreendedorismo Feminino', veículo='Pinterest' tem inconsistência start/end em pinterestGeral
18:08:19 WARNING treat.utils.validations › [Consistência Datas] Entre abas: campanha='Inova Cerrado e Pantanal', veículo='Facebook' tem inconsistência start/end em metaGeral
18:08:19 WARNING treat.utils.validations › [Consistência Datas] Entre abas: campanha='Inova Pantanal', veículo='Facebook' tem inconsistência start/end em metaGeral
18:08:19 WARNING __main__ › 💥 Inconsistências encontradas:
18:08:19 INFO extract.sheets_fetcher › 🔄 batchGet tentativa para ranges: ['metaGeral!A:ZZ', 'metaIdade!A:ZZ', 'metaGenero!A:ZZ', 'metaRegiao!A:ZZ', 'metaAlcance!A:ZZ', 'tiktokGeral!A:ZZ', 'tiktokIdade!A:ZZ', 'tiktokGenero!A:ZZ', 'tiktokRegiao!A:ZZ', 'tiktokAlcance!A:ZZ', 'pinterestGeral!A:ZZ', 'pinterestGenero!A:ZZ', 'pinterestIdade!A:ZZ', 'pinterestRegiao!A:ZZ', 'pinterestAlcance!A:ZZ', 'linkedinGeral!A:ZZ', 'linkedinRegiao!A:ZZ', 'linkedinAlcance!A:ZZ', 'GAGeral!A:ZZ']
18:08:19 DEBUG googleapiclient.discovery › URL being requested: GET https://sheets.googleapis.com/v4/spreadsheets/1DazUQxspLgT0utOFHcTINbFngXw7Fq0LOq6v4lRGixg/values:batchGet?ranges=metaGeral%21A%3AZZ&ranges=metaIdade%21A%3AZZ&ranges=metaGenero%21A%3AZZ&ranges=metaRegiao%21A%3AZZ&ranges=metaAlcance%21A%3AZZ&ranges=tiktokGeral%21A%3AZZ&ranges=tiktokIdade%21A%3AZZ&ranges=tiktokGenero%21A%3AZZ&ranges=tiktokRegiao%21A%3AZZ&ranges=tiktokAlcance%21A%3AZZ&ranges=pinterestGeral%21A%3AZZ&ranges=pinterestGenero%21A%3AZZ&ranges=pinterestIdade%21A%3AZZ&ranges=pinterestRegiao%21A%3AZZ&ranges=pinterestAlcance%21A%3AZZ&ranges=linkedinGeral%21A%3AZZ&ranges=linkedinRegiao%21A%3AZZ&ranges=linkedinAlcance%21A%3AZZ&ranges=GAGeral%21A%3AZZ&alt=json
18:08:21 INFO extract.sheets_fetcher › 🔍 range completo retornado pela API: metaGeral!A1:AB588
18:08:21 INFO extract.sheets_fetcher › 🔍 range completo retornado pela API: metaIdade!A1:Q2140
18:08:21 INFO extract.sheets_fetcher › 🔍 range completo retornado pela API: metaGenero!A1:T863
18:08:21 INFO extract.sheets_fetcher › 🔍 range completo retornado pela API: metaRegiao!A1:Q10000
18:08:21 INFO extract.sheets_fetcher › 🔍 range completo retornado pela API: metaAlcance!A1:N588
18:08:21 INFO extract.sheets_fetcher › 🔍 range completo retornado pela API: tiktokGeral!A1:W155
18:08:21 INFO extract.sheets_fetcher › 🔍 range completo retornado pela API: tiktokIdade!A1:O747
18:08:21 INFO extract.sheets_fetcher › 🔍 range completo retornado pela API: tiktokGenero!A1:O258
18:08:21 INFO extract.sheets_fetcher › 🔍 range completo retornado pela API: tiktokRegiao!A1:O3024
18:08:21 INFO extract.sheets_fetcher › 🔍 range completo retornado pela API: tiktokAlcance!A1:L128
18:08:21 INFO extract.sheets_fetcher › 🔍 range completo retornado pela API: pinterestGeral!A1:U906
18:08:21 INFO extract.sheets_fetcher › 🔍 range completo retornado pela API: pinterestGenero!A1:M2
18:08:21 INFO extract.sheets_fetcher › 🔍 range completo retornado pela API: pinterestIdade!A1:M2
18:08:21 INFO extract.sheets_fetcher › 🔍 range completo retornado pela API: pinterestRegiao!A1:M2
18:08:21 INFO extract.sheets_fetcher › 🔍 range completo retornado pela API: pinterestAlcance!A1:N2
18:08:21 INFO extract.sheets_fetcher › 🔍 range completo retornado pela API: linkedinGeral!A1:U2
18:08:21 INFO extract.sheets_fetcher › 🔍 range completo retornado pela API: linkedinRegiao!A1:M2
18:08:21 INFO extract.sheets_fetcher › 🔍 range completo retornado pela API: linkedinAlcance!A1:J2
18:08:21 INFO extract.sheets_fetcher › 🔍 range completo retornado pela API: GAGeral!A1:X4693
18:08:21 INFO extract.sheets_fetcher › 📡 batchGet 19 ranges
18:08:21 DEBUG urllib3.util.retry › Converted retries value: 3 -> Retry(total=3, connect=None, read=None, redirect=None, status=None)
18:08:21 DEBUG urllib3.connectionpool › Starting new HTTPS connection (1): oauth2.googleapis.com:443
18:08:21 DEBUG urllib3.connectionpool › https://oauth2.googleapis.com:443 "POST /token HTTP/1.1" 200 None
18:08:21 DEBUG urllib3.connectionpool › Starting new HTTPS connection (1): sheets.googleapis.com:443
18:08:21 DEBUG urllib3.connectionpool › https://sheets.googleapis.com:443 "GET /v4/spreadsheets/1DazUQxspLgT0utOFHcTINbFngXw7Fq0LOq6v4lRGixg?includeGridData=false HTTP/1.1" 200 None
18:08:22 DEBUG urllib3.connectionpool › https://sheets.googleapis.com:443 "GET /v4/spreadsheets/1DazUQxspLgT0utOFHcTINbFngXw7Fq0LOq6v4lRGixg?includeGridData=false HTTP/1.1" 200 None
18:08:22 INFO __main__ › 📊 Top 10 abas que mais ocupam células:
18:08:22 INFO __main__ ›   • modeloGenero: 53560×15 = 803,400 células
18:08:22 INFO __main__ ›   • modeloRegiao: 48040×15 = 720,600 células
18:08:22 INFO __main__ ›   • LINKEDIN NEGOCIOS ALCANÇADOS: 11130×27 = 300,510 células
18:08:22 INFO __main__ ›   • metaPontoControle: 16049×12 = 192,588 células
18:08:22 INFO __main__ ›   • metaRegiao: 10000×17 = 170,000 células
18:08:22 INFO __main__ ›   • modeloGeral: 6338×26 = 164,788 células
18:08:22 INFO __main__ ›   • GAGeral: 4693×24 = 112,632 células
18:08:22 INFO __main__ ›   • modeloIdade: 6915×15 = 103,725 células
18:08:22 INFO __main__ ›   • SupermetricsQueries: 935×65 = 60,775 células
18:08:22 INFO __main__ ›   • modeloAlcance: 4414×12 = 52,968 células
18:08:22 INFO extract.sheets_fetcher › 🔄 batchGet tentativa para ranges: ['metaGeral!A:ZZ', 'metaIdade!A:ZZ', 'metaGenero!A:ZZ', 'metaRegiao!A:ZZ', 'metaAlcance!A:ZZ', 'tiktokGeral!A:ZZ', 'tiktokIdade!A:ZZ', 'tiktokGenero!A:ZZ', 'tiktokRegiao!A:ZZ', 'tiktokAlcance!A:ZZ', 'pinterestGeral!A:ZZ', 'pinterestGenero!A:ZZ', 'pinterestIdade!A:ZZ', 'pinterestRegiao!A:ZZ', 'pinterestAlcance!A:ZZ', 'linkedinGeral!A:ZZ', 'linkedinRegiao!A:ZZ', 'linkedinAlcance!A:ZZ', 'GAGeral!A:ZZ']
18:08:22 DEBUG googleapiclient.discovery › URL being requested: GET https://sheets.googleapis.com/v4/spreadsheets/1DazUQxspLgT0utOFHcTINbFngXw7Fq0LOq6v4lRGixg/values:batchGet?ranges=metaGeral%21A%3AZZ&ranges=metaIdade%21A%3AZZ&ranges=metaGenero%21A%3AZZ&ranges=metaRegiao%21A%3AZZ&ranges=metaAlcance%21A%3AZZ&ranges=tiktokGeral%21A%3AZZ&ranges=tiktokIdade%21A%3AZZ&ranges=tiktokGenero%21A%3AZZ&ranges=tiktokRegiao%21A%3AZZ&ranges=tiktokAlcance%21A%3AZZ&ranges=pinterestGeral%21A%3AZZ&ranges=pinterestGenero%21A%3AZZ&ranges=pinterestIdade%21A%3AZZ&ranges=pinterestRegiao%21A%3AZZ&ranges=pinterestAlcance%21A%3AZZ&ranges=linkedinGeral%21A%3AZZ&ranges=linkedinRegiao%21A%3AZZ&ranges=linkedinAlcance%21A%3AZZ&ranges=GAGeral%21A%3AZZ&alt=json
18:08:23 INFO extract.sheets_fetcher › 🔍 range completo retornado pela API: metaGeral!A1:AB588
18:08:23 INFO extract.sheets_fetcher › 🔍 range completo retornado pela API: metaIdade!A1:Q2140
18:08:23 INFO extract.sheets_fetcher › 🔍 range completo retornado pela API: metaGenero!A1:T863
18:08:23 INFO extract.sheets_fetcher › 🔍 range completo retornado pela API: metaRegiao!A1:Q10000
18:08:23 INFO extract.sheets_fetcher › 🔍 range completo retornado pela API: metaAlcance!A1:N588
18:08:23 INFO extract.sheets_fetcher › 🔍 range completo retornado pela API: tiktokGeral!A1:W155
18:08:23 INFO extract.sheets_fetcher › 🔍 range completo retornado pela API: tiktokIdade!A1:O747
18:08:23 INFO extract.sheets_fetcher › 🔍 range completo retornado pela API: tiktokGenero!A1:O258
18:08:23 INFO extract.sheets_fetcher › 🔍 range completo retornado pela API: tiktokRegiao!A1:O3024
18:08:23 INFO extract.sheets_fetcher › 🔍 range completo retornado pela API: tiktokAlcance!A1:L128
18:08:23 INFO extract.sheets_fetcher › 🔍 range completo retornado pela API: pinterestGeral!A1:U906
18:08:23 INFO extract.sheets_fetcher › 🔍 range completo retornado pela API: pinterestGenero!A1:M2
18:08:23 INFO extract.sheets_fetcher › 🔍 range completo retornado pela API: pinterestIdade!A1:M2
18:08:23 INFO extract.sheets_fetcher › 🔍 range completo retornado pela API: pinterestRegiao!A1:M2
18:08:23 INFO extract.sheets_fetcher › 🔍 range completo retornado pela API: pinterestAlcance!A1:N2
18:08:23 INFO extract.sheets_fetcher › 🔍 range completo retornado pela API: linkedinGeral!A1:U2
18:08:23 INFO extract.sheets_fetcher › 🔍 range completo retornado pela API: linkedinRegiao!A1:M2
18:08:23 INFO extract.sheets_fetcher › 🔍 range completo retornado pela API: linkedinAlcance!A1:J2
18:08:23 INFO extract.sheets_fetcher › 🔍 range completo retornado pela API: GAGeral!A1:X4693
18:08:23 INFO extract.sheets_fetcher › 📡 batchGet 19 ranges
18:08:24 WARNING treat.utils.validations › [Consistência Datas] Aba metaGeral: campanha='Empreendedorismo Feminino', veículo='Facebook' tem múltiplos start: {'2025-03-08', '2025-03-20'}
18:08:24 WARNING treat.utils.validations › [Consistência Datas] Aba metaGeral: campanha='Empreendedorismo Feminino', veículo='Instagram' tem múltiplos start: {'2025-03-08', '2025-03-20'}
18:08:24 WARNING treat.utils.validations › [Consistência Datas] Aba metaGeral: campanha='Inova Cerrado e Pantanal', veículo='Facebook' tem múltiplos start: {'2025-03-13', '2025-03-12'}
18:08:24 WARNING treat.utils.validations › [Consistência Datas] Aba metaGeral: campanha='Inova Pantanal', veículo='Facebook' tem múltiplos start: {'2025-03-13', '2025-03-12'}
18:08:24 WARNING treat.utils.validations › [Consistência Datas] Aba metaGeral: campanha='Inova Cerrado e Pantanal', veículo='Instagram' tem múltiplos start: {'2025-03-13', '2025-03-12'}
18:08:24 WARNING treat.utils.validations › [Consistência Datas] Aba metaGeral: campanha='Inova Pantanal', veículo='Instagram' tem múltiplos start: {'2025-03-13', '2025-03-12'}
18:08:24 WARNING treat.utils.validations › [Consistência Datas] Aba tiktokGeral: campanha='Empreendedorismo Feminino', veículo='TikTok' tem múltiplos start: {'2025-03-08', '2025-03-21'}
18:08:24 WARNING treat.utils.validations › [Consistência Datas] Aba pinterestGeral: campanha='Empreendedorismo Feminino', veículo='Pinterest' tem múltiplos start: {'2025-03-08', '2025-03-20', '2025-03-07'}
18:08:24 WARNING treat.utils.validations › [Consistência Datas] Aba tiktokGeral: campanha='Empreendedorismo Feminino', veículo='TikTok' tem múltiplos end: {'2025-03-31', '2025-04-01', '2025-04-04'}
18:08:24 WARNING treat.utils.validations › [Consistência Datas] Entre abas: campanha='Empreendedorismo Feminino', veículo='Instagram' tem inconsistência start/end em metaGeral
18:08:24 WARNING treat.utils.validations › [Consistência Datas] Entre abas: campanha='Inova Cerrado e Pantanal', veículo='Instagram' tem inconsistência start/end em metaGeral
18:08:24 WARNING treat.utils.validations › [Consistência Datas] Entre abas: campanha='Inova Pantanal', veículo='Instagram' tem inconsistência start/end em metaGeral
18:08:24 WARNING treat.utils.validations › [Consistência Datas] Entre abas: campanha='Empreendedorismo Feminino', veículo='Facebook' tem inconsistência start/end em metaGeral
18:08:24 WARNING treat.utils.validations › [Consistência Datas] Entre abas: campanha='Empreendedorismo Feminino', veículo='TikTok' tem inconsistência start/end em tiktokGeral
18:08:24 WARNING treat.utils.validations › [Consistência Datas] Entre abas: campanha='Empreendedorismo Feminino', veículo='Pinterest' tem inconsistência start/end em pinterestGeral
18:08:24 WARNING treat.utils.validations › [Consistência Datas] Entre abas: campanha='Inova Cerrado e Pantanal', veículo='Facebook' tem inconsistência start/end em metaGeral
18:08:24 WARNING treat.utils.validations › [Consistência Datas] Entre abas: campanha='Inova Pantanal', veículo='Facebook' tem inconsistência start/end em metaGeral
18:08:24 DEBUG urllib3.util.retry › Converted retries value: 3 -> Retry(total=3, connect=None, read=None, redirect=None, status=None)
18:08:24 DEBUG urllib3.connectionpool › Starting new HTTPS connection (1): oauth2.googleapis.com:443
18:08:24 DEBUG urllib3.connectionpool › https://oauth2.googleapis.com:443 "POST /token HTTP/1.1" 200 None
18:08:24 DEBUG urllib3.connectionpool › Starting new HTTPS connection (1): sheets.googleapis.com:443
18:08:24 DEBUG urllib3.connectionpool › https://sheets.googleapis.com:443 "GET /v4/spreadsheets/1DazUQxspLgT0utOFHcTINbFngXw7Fq0LOq6v4lRGixg?includeGridData=false HTTP/1.1" 200 None
18:08:25 DEBUG urllib3.connectionpool › https://sheets.googleapis.com:443 "GET /v4/spreadsheets/1DazUQxspLgT0utOFHcTINbFngXw7Fq0LOq6v4lRGixg?includeGridData=false HTTP/1.1" 200 None
